

Microchip MPLAB XC8 Assembler V2.45 build 20230818022343 
                                                                                               Tue Jun 30 15:45:18 2026

Microchip MPLAB XC8 C Compiler v2.45 (Free license) build 20230818022343 Og1 
     1                           	processor	18F4550
     2                           	fnconf	rparam,??,?,0
     3                           	pagewidth 120
     4                           	opt	flic
     5                           	psect	smallconst,global,reloc=2,class=SMALLCONST,delta=1,noexec
     6                           	psect	cinit,global,reloc=2,class=CODE,delta=1
     7                           	psect	cstackCOMRAM,global,class=COMRAM,space=1,delta=1,lowdata,noexec
     8                           	psect	text0,global,reloc=2,class=CODE,delta=1
     9                           	psect	text1,global,reloc=2,class=CODE,delta=1
    10                           	psect	text2,global,reloc=2,class=CODE,delta=1
    11                           	psect	text3,global,reloc=2,class=CODE,delta=1
    12                           	psect	text4,global,reloc=2,class=CODE,delta=1,group=1
    13                           	psect	text5,global,reloc=2,class=CODE,delta=1,group=1
    14                           	psect	text6,global,reloc=2,class=CODE,delta=1,group=1
    15                           	psect	text7,global,reloc=2,class=CODE,delta=1,group=1
    16                           	psect	text8,global,reloc=2,class=CODE,delta=1
    17                           	psect	text9,global,reloc=2,class=CODE,delta=1
    18                           	psect	text10,global,reloc=2,class=CODE,delta=1
    19                           	psect	text11,global,reloc=2,class=CODE,delta=1
    20                           	psect	text12,global,reloc=2,class=CODE,delta=1
    21                           	psect	text13,global,reloc=2,class=CODE,delta=1
    22                           	psect	text14,global,reloc=2,class=CODE,delta=1
    23                           	psect	text15,global,reloc=2,class=CODE,delta=1
    24                           	psect	text16,global,reloc=2,class=CODE,delta=1
    25                           	psect	text17,global,reloc=2,class=CODE,delta=1
    26                           	psect	text18,global,reloc=2,class=CODE,delta=1
    27                           	psect	text19,global,reloc=2,class=CODE,delta=1
    28                           	psect	text20,global,reloc=2,class=CODE,delta=1
    29                           	psect	text21,global,reloc=2,class=CODE,delta=1
    30                           	psect	text22,global,reloc=2,class=CODE,delta=1
    31                           	psect	text23,global,reloc=2,class=CODE,delta=1
    32                           	psect	text24,global,reloc=2,class=CODE,delta=1
    33                           	psect	text25,global,reloc=2,class=CODE,delta=1
    34                           	psect	text26,global,reloc=2,class=CODE,delta=1
    35                           	psect	intcodelo,global,reloc=2,class=CODE,delta=1
    36                           	psect	intcode,global,reloc=2,class=CODE,delta=1
    37                           	psect	intcode_body,global,reloc=2,class=CODE,delta=1
    38                           	psect	intsave_regs,global,class=BIGRAM,space=1,delta=1,noexec
    39                           	psect	rparam,global,class=COMRAM,space=1,delta=1,noexec
    40                           	psect	temp,global,ovrld,common,class=COMRAM,space=1,delta=1
    41                           	psect	idloc,global,abs,ovrld,class=IDLOC,space=5,delta=1,noexec
    42                           	psect	config,global,abs,ovrld,class=CONFIG,space=4,delta=1,noexec
    43   000000                     
    44                           ; Version 2.20
    45                           ; Generated 12/02/2020 GMT
    46                           ; 
    47                           ; Copyright © 2020, Microchip Technology Inc. and its subsidiaries ("Microchip")
    48                           ; All rights reserved.
    49                           ; 
    50                           ; This software is developed by Microchip Technology Inc. and its subsidiaries ("Microch
      +                          ip").
    51                           ; 
    52                           ; Redistribution and use in source and binary forms, with or without modification, are
    53                           ; permitted provided that the following conditions are met:
    54                           ; 
    55                           ;     1. Redistributions of source code must retain the above copyright notice, this lis
      +                          t of
    56                           ;        conditions and the following disclaimer.
    57                           ; 
    58                           ;     2. Redistributions in binary form must reproduce the above copyright notice, this 
      +                          list
    59                           ;        of conditions and the following disclaimer in the documentation and/or other
    60                           ;        materials provided with the distribution.
    61                           ; 
    62                           ;     3. Microchip's name may not be used to endorse or promote products derived from th
      +                          is
    63                           ;        software without specific prior written permission.
    64                           ; 
    65                           ; THIS SOFTWARE IS PROVIDED BY MICROCHIP "AS IS" AND ANY EXPRESS OR IMPLIED WARRANTIES,
    66                           ; INCLUDING, BUT NOT LIMITED TO, THE IMPLIED WARRANTIES OF MERCHANTABILITY AND FITNESS F
      +                          OR
    67                           ; PURPOSE ARE DISCLAIMED.  IN NO EVENT SHALL MICROCHIP BE LIABLE FOR ANY DIRECT, INDIREC
      +                          T,
    68                           ; INCIDENTAL, SPECIAL, EXEMPLARY, OR CONSEQUENTIAL DAMAGES (INCLUDING BUT NOT LIMITED TO
    69                           ; PROCUREMENT OF SUBSTITUTE GOODS OR SERVICES; LOSS OF USE, DATA OR PROFITS; OR BUSINESS
    70                           ; INTERRUPTION) HOWSOEVER CAUSED AND ON ANY THEORY OF LIABILITY, WHETHER IN CONTRACT, ST
      +                          RICT
    71                           ; LIABILITY, OR TORT (INCLUDING NEGLIGENCE OR OTHERWISE) ARISING IN ANY WAY OUT OF THE U
      +                          SE OF
    72                           ; THIS SOFTWARE, EVEN IF ADVISED OF THE POSSIBILITY OF SUCH DAMAGE.
    73                           ; 
    74                           ; 
    75                           ; Code-generator required, PIC18F4550 Definitions
    76                           ; 
    77                           ; SFR Addresses
    78   000000                     _RCREG	set	4014
    79   000000                     _TXREG	set	4013
    80   000000                     _TRISCbits	set	3988
    81   000000                     _EECON2	set	4007
    82   000000                     _TRISDbits	set	3989
    83   000000                     _ADCON1	set	4033
    84   000000                     _PIR1bits	set	3998
    85   000000                     _RCSTAbits	set	4011
    86   000000                     _CREN	set	32092
    87   000000                     _TRMT	set	32097
    88   000000                     _PORTB	set	3969
    89   000000                     _LATAbits	set	3977
    90   000000                     _LATB	set	3978
    91   000000                     _TRISB	set	3987
    92   000000                     _LATDbits	set	3980
    93   000000                     _INTCONbits	set	4082
    94   000000                     _EECON1bits	set	4006
    95   000000                     _EEDATA	set	4008
    96   000000                     _EEADR	set	4009
    97   000000                     _RCIF	set	31989
    98   000000                     _TRISAbits	set	3986
    99   000000                     _RCSTA	set	4011
   100   000000                     _TXSTAbits	set	4012
   101   000000                     _SPBRG	set	4015
   102   000000                     _BAUDCONbits	set	4024
   103                           
   104                           	psect	smallconst
   105   000800                     __psmallconst:
   106                           	callstack 0
   107   000800  00                 	db	0
   108   000801                     STR_5:
   109   000801  52                 	db	82	;'R'
   110   000802  65                 	db	101	;'e'
   111   000803  6D                 	db	109	;'m'
   112   000804  6F                 	db	111	;'o'
   113   000805  74                 	db	116	;'t'
   114   000806  65                 	db	101	;'e'
   115   000807  20                 	db	32
   116   000808  50                 	db	80	;'P'
   117   000809  61                 	db	97	;'a'
   118   00080A  73                 	db	115	;'s'
   119   00080B  73                 	db	115	;'s'
   120   00080C  77                 	db	119	;'w'
   121   00080D  6F                 	db	111	;'o'
   122   00080E  72                 	db	114	;'r'
   123   00080F  64                 	db	100	;'d'
   124   000810  3A                 	db	58	;':'
   125   000811  00                 	db	0
   126   000812                     STR_2:
   127   000812  55                 	db	85	;'U'
   128   000813  6E                 	db	110	;'n'
   129   000814  69                 	db	105	;'i'
   130   000815  76                 	db	118	;'v'
   131   000816  65                 	db	101	;'e'
   132   000817  72                 	db	114	;'r'
   133   000818  73                 	db	115	;'s'
   134   000819  69                 	db	105	;'i'
   135   00081A  64                 	db	100	;'d'
   136   00081B  61                 	db	97	;'a'
   137   00081C  64                 	db	100	;'d'
   138   00081D  20                 	db	32
   139   00081E  64                 	db	100	;'d'
   140   00081F  65                 	db	101	;'e'
   141   000820  00                 	db	0
   142   000821                     STR_23:
   143   000821  4E                 	db	78	;'N'
   144   000822  65                 	db	101	;'e'
   145   000823  77                 	db	119	;'w'
   146   000824  20                 	db	32
   147   000825  50                 	db	80	;'P'
   148   000826  61                 	db	97	;'a'
   149   000827  73                 	db	115	;'s'
   150   000828  73                 	db	115	;'s'
   151   000829  77                 	db	119	;'w'
   152   00082A  6F                 	db	111	;'o'
   153   00082B  72                 	db	114	;'r'
   154   00082C  64                 	db	100	;'d'
   155   00082D  00                 	db	0
   156   00082E                     STR_4:
   157   00082E  55                 	db	85	;'U'
   158   00082F  53                 	db	83	;'S'
   159   000830  41                 	db	65	;'A'
   160   000831  52                 	db	82	;'R'
   161   000832  54                 	db	84	;'T'
   162   000833  20                 	db	32
   163   000834  76                 	db	118	;'v'
   164   000835  31                 	db	49	;'1'
   165   000836  2E                 	db	46
   166   000837  30                 	db	48	;'0'
   167   000838  00                 	db	0
   168   000839                     STR_12:
   169   000839  49                 	db	73	;'I'
   170   00083A  6E                 	db	110	;'n'
   171   00083B  63                 	db	99	;'c'
   172   00083C  6F                 	db	111	;'o'
   173   00083D  72                 	db	114	;'r'
   174   00083E  72                 	db	114	;'r'
   175   00083F  65                 	db	101	;'e'
   176   000840  63                 	db	99	;'c'
   177   000841  74                 	db	116	;'t'
   178   000842  61                 	db	97	;'a'
   179   000843  00                 	db	0
   180   000844                     STR_16:
   181   000844  50                 	db	80	;'P'
   182   000845  61                 	db	97	;'a'
   183   000846  73                 	db	115	;'s'
   184   000847  73                 	db	115	;'s'
   185   000848  77                 	db	119	;'w'
   186   000849  6F                 	db	111	;'o'
   187   00084A  72                 	db	114	;'r'
   188   00084B  64                 	db	100	;'d'
   189   00084C  3F                 	db	63	;'?'
   190   00084D  00                 	db	0
   191   00084E                     STR_20:
   192   00084E  47                 	db	71	;'G'
   193   00084F  75                 	db	117	;'u'
   194   000850  61                 	db	97	;'a'
   195   000851  72                 	db	114	;'r'
   196   000852  64                 	db	100	;'d'
   197   000853  61                 	db	97	;'a'
   198   000854  64                 	db	100	;'d'
   199   000855  61                 	db	97	;'a'
   200   000856  00                 	db	0
   201   000857                     STR_8:
   202   000857  43                 	db	67	;'C'
   203   000858  6F                 	db	111	;'o'
   204   000859  72                 	db	114	;'r'
   205   00085A  72                 	db	114	;'r'
   206   00085B  65                 	db	101	;'e'
   207   00085C  63                 	db	99	;'c'
   208   00085D  74                 	db	116	;'t'
   209   00085E  61                 	db	97	;'a'
   210   00085F  00                 	db	0
   211   000860  50                 	db	80	;'P'
   212   000861  75                 	db	117	;'u'
   213   000862  6C                 	db	108	;'l'
   214   000863  73                 	db	115	;'s'
   215   000864  65                 	db	101	;'e'
   216   000865  20                 	db	32
   217   000866  44                 	db	68	;'D'
   218   000867  00                 	db	0
   219   000868                     STR_15:
   220   000868  4F                 	db	79	;'O'
   221   000869  4B                 	db	75	;'K'
   222   00086A  21                 	db	33
   223   00086B  20                 	db	32
   224   00086C  4E                 	db	78	;'N'
   225   00086D  65                 	db	101	;'e'
   226   00086E  77                 	db	119	;'w'
   227   00086F  00                 	db	0
   228   000870                     STR_3:
   229   000870  43                 	db	67	;'C'
   230   000871  75                 	db	117	;'u'
   231   000872  65                 	db	101	;'e'
   232   000873  6E                 	db	110	;'n'
   233   000874  63                 	db	99	;'c'
   234   000875  61                 	db	97	;'a'
   235   000876  00                 	db	0
   236   000877                     STR_11:
   237   000877  43                 	db	67	;'C'
   238   000878  6C                 	db	108	;'l'
   239   000879  61                 	db	97	;'a'
   240   00087A  76                 	db	118	;'v'
   241   00087B  65                 	db	101	;'e'
   242   00087C  00                 	db	0
   243   00087D                     STR_24:
   244   00087D  73                 	db	115	;'s'
   245   00087E  65                 	db	101	;'e'
   246   00087F  74                 	db	116	;'t'
   247   000880  21                 	db	33
   248   000881  00                 	db	0
   249   000882                     STR_7:
   250   000882  4F                 	db	79	;'O'
   251   000883  4B                 	db	75	;'K'
   252   000884  21                 	db	33
   253   000885  00                 	db	0
   254   000886  00                 	db	0	; dummy byte at the end
   255   000000                     
   256                           ; #config settings
   257                           
   258                           	psect	cinit
   259   001FD6                     __pcinit:
   260                           	callstack 0
   261   001FD6                     start_initialization:
   262                           	callstack 0
   263   001FD6                     __initialization:
   264                           	callstack 0
   265   001FD6                     end_of_initialization:
   266                           	callstack 0
   267   001FD6                     __end_of__initialization:
   268                           	callstack 0
   269   001FD6  9059               	bcf	int$flags,0,c	;clear compiler interrupt flag (level 1)
   270   001FD8  9259               	bcf	int$flags,1,c	;clear compiler interrupt flag (level 2)
   271   001FDA  0E00               	movlw	low (__Lmediumconst shr (0+16))
   272   001FDC  6EF8               	movwf	tblptru,c
   273   001FDE  0100               	movlb	0
   274   001FE0  EF44  F004         	goto	_main	;jump to C main() function
   275                           
   276                           	psect	cstackCOMRAM
   277   000001                     __pcstackCOMRAM:
   278                           	callstack 0
   279   000001                     ??_MyLowPriorityIsr:
   280                           
   281                           ; 1 bytes @ 0x0
   282   000001                     	ds	1
   283   000002                     ??_TeclaASCII:
   284   000002                     ?___fltol:
   285                           	callstack 0
   286   000002                     ?___xxtofl:
   287                           	callstack 0
   288   000002                     PasswordCorrecta@ingresada:
   289                           	callstack 0
   290   000002                     EEPROM_WriteByte@data:
   291                           	callstack 0
   292   000002                     EEPROM_ReadByte@address:
   293                           	callstack 0
   294   000002                     UART_Write@data:
   295                           	callstack 0
   296   000002                     Delay1ms@veces:
   297                           	callstack 0
   298   000002                     ___fltol@f1:
   299                           	callstack 0
   300   000002                     ___xxtofl@val:
   301                           	callstack 0
   302                           
   303                           ; 4 bytes @ 0x1
   304   000002                     	ds	1
   305   000003                     PasswordCorrecta@guardada:
   306                           	callstack 0
   307   000003                     EEPROM_WriteByte@address:
   308                           	callstack 0
   309   000003                     LeerPasswordEEPROM@clave:
   310                           	callstack 0
   311                           
   312                           ; 1 bytes @ 0x2
   313   000003                     	ds	1
   314   000004                     ??_TxDato:
   315   000004                     TeclaASCII@tecla:
   316                           	callstack 0
   317   000004                     GuardarPasswordEEPROM@clave:
   318                           	callstack 0
   319   000004                     DelayXms@Milis:
   320                           	callstack 0
   321                           
   322                           ; 2 bytes @ 0x3
   323   000004                     	ds	1
   324   000005                     
   325                           ; 1 bytes @ 0x4
   326   000005                     	ds	1
   327   000006                     ??_DelayXms:
   328   000006                     ??___fltol:
   329   000006                     ??___xxtofl:
   330   000006                     TxDato@dato:
   331                           	callstack 0
   332   000006                     PasswordCorrecta@i:
   333                           	callstack 0
   334                           
   335                           ; 1 bytes @ 0x5
   336   000006                     	ds	1
   337   000007                     LCD_Comando@cmd:
   338                           	callstack 0
   339   000007                     LCD_Caracter@dato:
   340                           	callstack 0
   341   000007                     DelayXms@i:
   342                           	callstack 0
   343                           
   344                           ; 2 bytes @ 0x6
   345   000007                     	ds	1
   346   000008                     LCD_Texto@PALABRA:
   347                           	callstack 0
   348                           
   349                           ; 1 bytes @ 0x7
   350   000008                     	ds	1
   351   000009                     ??_LCD_Texto:
   352   000009                     ??_LeerTeclado:
   353                           
   354                           ; 1 bytes @ 0x8
   355   000009                     	ds	1
   356   00000A                     ___fltol@sign1:
   357                           	callstack 0
   358   00000A                     ___xxtofl@sign:
   359                           	callstack 0
   360   00000A                     LCD_Texto@i:
   361                           	callstack 0
   362                           
   363                           ; 2 bytes @ 0x9
   364   00000A                     	ds	1
   365   00000B                     LeerTeclado@tecla:
   366                           	callstack 0
   367   00000B                     ___fltol@exp1:
   368                           	callstack 0
   369   00000B                     ___xxtofl@exp:
   370                           	callstack 0
   371                           
   372                           ; 1 bytes @ 0xA
   373   00000B                     	ds	1
   374   00000C                     LCD_DosLineas@Linea1:
   375                           	callstack 0
   376   00000C                     ___xxtofl@arg:
   377                           	callstack 0
   378                           
   379                           ; 4 bytes @ 0xB
   380   00000C                     	ds	1
   381   00000D                     LCD_DosLineas@Linea2:
   382                           	callstack 0
   383                           
   384                           ; 1 bytes @ 0xC
   385   00000D                     	ds	1
   386   00000E                     
   387                           ; 1 bytes @ 0xD
   388   00000E                     	ds	2
   389   000010                     ?___fldiv:
   390                           	callstack 0
   391   000010                     ___fldiv@b:
   392                           	callstack 0
   393                           
   394                           ; 4 bytes @ 0xF
   395   000010                     	ds	4
   396   000014                     ___fldiv@a:
   397                           	callstack 0
   398                           
   399                           ; 4 bytes @ 0x13
   400   000014                     	ds	4
   401   000018                     ??___fldiv:
   402                           
   403                           ; 1 bytes @ 0x17
   404   000018                     	ds	4
   405   00001C                     ___fldiv@rem:
   406                           	callstack 0
   407                           
   408                           ; 4 bytes @ 0x1B
   409   00001C                     	ds	4
   410   000020                     ___fldiv@sign:
   411                           	callstack 0
   412                           
   413                           ; 1 bytes @ 0x1F
   414   000020                     	ds	1
   415   000021                     ___fldiv@new_exp:
   416                           	callstack 0
   417                           
   418                           ; 2 bytes @ 0x20
   419   000021                     	ds	2
   420   000023                     ___fldiv@grs:
   421                           	callstack 0
   422                           
   423                           ; 4 bytes @ 0x22
   424   000023                     	ds	4
   425   000027                     ___fldiv@bexp:
   426                           	callstack 0
   427                           
   428                           ; 1 bytes @ 0x26
   429   000027                     	ds	1
   430   000028                     ___fldiv@aexp:
   431                           	callstack 0
   432                           
   433                           ; 1 bytes @ 0x27
   434   000028                     	ds	1
   435   000029                     ?___fladd:
   436                           	callstack 0
   437   000029                     ___fladd@b:
   438                           	callstack 0
   439                           
   440                           ; 4 bytes @ 0x28
   441   000029                     	ds	4
   442   00002D                     ___fladd@a:
   443                           	callstack 0
   444                           
   445                           ; 4 bytes @ 0x2C
   446   00002D                     	ds	4
   447   000031                     ??___fladd:
   448                           
   449                           ; 1 bytes @ 0x30
   450   000031                     	ds	4
   451   000035                     ___fladd@signs:
   452                           	callstack 0
   453                           
   454                           ; 1 bytes @ 0x34
   455   000035                     	ds	1
   456   000036                     ___fladd@aexp:
   457                           	callstack 0
   458                           
   459                           ; 1 bytes @ 0x35
   460   000036                     	ds	1
   461   000037                     ___fladd@bexp:
   462                           	callstack 0
   463                           
   464                           ; 1 bytes @ 0x36
   465   000037                     	ds	1
   466   000038                     ___fladd@grs:
   467                           	callstack 0
   468                           
   469                           ; 1 bytes @ 0x37
   470   000038                     	ds	1
   471   000039                     UART_Initial@baud_rate:
   472                           	callstack 0
   473                           
   474                           ; 4 bytes @ 0x38
   475   000039                     	ds	4
   476   00003D                     ??_UART_Initial:
   477                           
   478                           ; 1 bytes @ 0x3C
   479   00003D                     	ds	4
   480   000041                     UART_Initial@bps:
   481                           	callstack 0
   482                           
   483                           ; 4 bytes @ 0x40
   484   000041                     	ds	4
   485   000045                     ??_main:
   486                           
   487                           ; 1 bytes @ 0x44
   488   000045                     	ds	1
   489   000046                     main@rx:
   490                           	callstack 0
   491                           
   492                           ; 1 bytes @ 0x45
   493   000046                     	ds	1
   494   000047                     main@estadoAnterior:
   495                           	callstack 0
   496                           
   497                           ; 1 bytes @ 0x46
   498   000047                     	ds	1
   499   000048                     main@teclaAnterior:
   500                           	callstack 0
   501                           
   502                           ; 1 bytes @ 0x47
   503   000048                     	ds	1
   504   000049                     main@clave:
   505                           	callstack 0
   506                           
   507                           ; 3 bytes @ 0x48
   508   000049                     	ds	3
   509   00004C                     main@i:
   510                           	callstack 0
   511                           
   512                           ; 2 bytes @ 0x4B
   513   00004C                     	ds	2
   514   00004E                     main@comando:
   515                           	callstack 0
   516                           
   517                           ; 1 bytes @ 0x4D
   518   00004E                     	ds	1
   519   00004F                     main@tx:
   520                           	callstack 0
   521                           
   522                           ; 1 bytes @ 0x4E
   523   00004F                     	ds	1
   524   000050                     main@recibida:
   525                           	callstack 0
   526                           
   527                           ; 3 bytes @ 0x4F
   528   000050                     	ds	3
   529   000053                     main@password:
   530                           	callstack 0
   531                           
   532                           ; 3 bytes @ 0x52
   533   000053                     	ds	3
   534   000056                     main@estado:
   535                           	callstack 0
   536                           
   537                           ; 1 bytes @ 0x55
   538   000056                     	ds	1
   539   000057                     main@indice:
   540                           	callstack 0
   541                           
   542                           ; 1 bytes @ 0x56
   543   000057                     	ds	1
   544   000058                     main@tecla:
   545                           	callstack 0
   546                           
   547                           ; 1 bytes @ 0x57
   548   000058                     	ds	1
   549                           
   550 ;;
   551 ;;Main: autosize = 0, tempsize = 1, incstack = 0, save=0
   552 ;;
   553 ;; *************** function _main *****************
   554 ;; Defined at:
   555 ;;		line 395 in file "Codigo_Practica6_Parte3.c"
   556 ;; Parameters:    Size  Location     Type
   557 ;;		None
   558 ;; Auto vars:     Size  Location     Type
   559 ;;  i               2   75[COMRAM] int 
   560 ;;  password        3   82[COMRAM] unsigned char [3]
   561 ;;  recibida        3   79[COMRAM] unsigned char [3]
   562 ;;  clave           3   72[COMRAM] unsigned char [3]
   563 ;;  tecla           1   87[COMRAM] unsigned char 
   564 ;;  indice          1   86[COMRAM] unsigned char 
   565 ;;  estado          1   85[COMRAM] unsigned char 
   566 ;;  tx              1   78[COMRAM] unsigned char 
   567 ;;  comando         1   77[COMRAM] unsigned char 
   568 ;;  teclaAnterio    1   71[COMRAM] unsigned char 
   569 ;;  estadoAnteri    1   70[COMRAM] unsigned char 
   570 ;;  rx              1   69[COMRAM] unsigned char 
   571 ;; Return value:  Size  Location     Type
   572 ;;                  1    wreg      void 
   573 ;; Registers used:
   574 ;;		wreg, fsr1l, fsr1h, fsr2l, fsr2h, status,2, status,0, tblptrl, tblptrh, tblptru, cstack
   575 ;; Tracked objects:
   576 ;;		On entry : 0/0
   577 ;;		On exit  : 0/0
   578 ;;		Unchanged: 0/0
   579 ;; Data sizes:     COMRAM   BANK0   BANK1   BANK2   BANK3   BANK4   BANK5   BANK6   BANK7
   580 ;;      Params:         0       0       0       0       0       0       0       0       0
   581 ;;      Locals:        19       0       0       0       0       0       0       0       0
   582 ;;      Temps:          1       0       0       0       0       0       0       0       0
   583 ;;      Totals:        20       0       0       0       0       0       0       0       0
   584 ;;Total ram usage:       20 bytes
   585 ;; Hardware stack levels required when called: 8
   586 ;; This function calls:
   587 ;;		_Configuracion_inicialPIC
   588 ;;		_DelayXms
   589 ;;		_EEPROM_InitPassword
   590 ;;		_GuardarPasswordEEPROM
   591 ;;		_InitLCD
   592 ;;		_LCD_Caracter
   593 ;;		_LCD_Comando
   594 ;;		_LCD_DosLineas
   595 ;;		_LCD_Linea2
   596 ;;		_LCD_Texto
   597 ;;		_LeerPasswordEEPROM
   598 ;;		_LeerTeclado
   599 ;;		_PasswordCorrecta
   600 ;;		_TeclaASCII
   601 ;;		_UART_Initial
   602 ;;		_UART_Write
   603 ;;		_USART_Read
   604 ;; This function is called by:
   605 ;;		Startup code after reset
   606 ;; This function uses a non-reentrant model
   607 ;;
   608                           
   609                           	psect	text0
   610   000888                     __ptext0:
   611                           	callstack 0
   612   000888                     _main:
   613                           	callstack 23
   614   000888                     
   615                           ;Codigo_Practica6_Parte3.c: 396:     char tecla;;Codigo_Practica6_Parte3.c: 397:     cha
      +                          r tx;;Codigo_Practica6_Parte3.c: 398:     char rx;;Codigo_Practica6_Parte3.c: 400:     c
      +                          har password[3];;Codigo_Practica6_Parte3.c: 401:     char recibida[3];;Codigo_Practica6_
      +                          Parte3.c: 402:     char clave[3];;Codigo_Practica6_Parte3.c: 403:     char indice = 0;
   616   000888  0E00               	movlw	0
   617   00088A  6E57               	movwf	main@indice^0,c
   618                           
   619                           ;Codigo_Practica6_Parte3.c: 404:     char estado = 0;
   620   00088C  0E00               	movlw	0
   621   00088E  6E56               	movwf	main@estado^0,c
   622                           
   623                           ;Codigo_Practica6_Parte3.c: 405:     char comando;;Codigo_Practica6_Parte3.c: 406:     c
      +                          har estadoAnterior = 0;
   624   000890  0E00               	movlw	0
   625   000892  6E47               	movwf	main@estadoAnterior^0,c
   626   000894                     
   627                           ;Codigo_Practica6_Parte3.c: 407:     char teclaAnterior = 0xFF;
   628   000894  6848               	setf	main@teclaAnterior^0,c
   629   000896                     
   630                           ;Codigo_Practica6_Parte3.c: 409:     Configuracion_inicialPIC();
   631   000896  ECBB  F00F         	call	_Configuracion_inicialPIC	;wreg free
   632   00089A                     
   633                           ;Codigo_Practica6_Parte3.c: 411:     for (int i = 1; i<10;i++){
   634   00089A  0E00               	movlw	0
   635   00089C  6E4D               	movwf	(main@i+1)^0,c
   636   00089E  0E01               	movlw	1
   637   0008A0  6E4C               	movwf	main@i^0,c
   638   0008A2                     l2629:
   639                           
   640                           ;Codigo_Practica6_Parte3.c: 412:         LATDbits.LATD0 = ~LATDbits.LATD0;
   641   0008A2  B08C               	btfsc	140,0,c	;volatile
   642   0008A4  EF56  F004         	goto	u2201
   643   0008A8  EF59  F004         	goto	u2200
   644   0008AC                     u2201:
   645   0008AC  0E01               	movlw	1
   646   0008AE  EF5A  F004         	goto	u2206
   647   0008B2                     u2200:
   648   0008B2  0E00               	movlw	0
   649   0008B4                     u2206:
   650   0008B4  0AFF               	xorlw	255
   651   0008B6  6E45               	movwf	??_main^0,c
   652   0008B8  508C               	movf	140,w,c	;volatile
   653   0008BA  1845               	xorwf	??_main^0,w,c
   654   0008BC  0BFE               	andlw	-2
   655   0008BE  1845               	xorwf	??_main^0,w,c
   656   0008C0  6E8C               	movwf	140,c	;volatile
   657   0008C2                     
   658                           ;Codigo_Practica6_Parte3.c: 413:         DelayXms(50);
   659   0008C2  0E00               	movlw	0
   660   0008C4  6E05               	movwf	(DelayXms@Milis+1)^0,c
   661   0008C6  0E32               	movlw	50
   662   0008C8  6E04               	movwf	DelayXms@Milis^0,c
   663   0008CA  EC61  F00F         	call	_DelayXms	;wreg free
   664   0008CE                     
   665                           ;Codigo_Practica6_Parte3.c: 414:     }
   666   0008CE  4A4C               	infsnz	main@i^0,f,c
   667   0008D0  2A4D               	incf	(main@i+1)^0,f,c
   668   0008D2  BE4D               	btfsc	(main@i+1)^0,7,c
   669   0008D4  EF75  F004         	goto	u2211
   670   0008D8  504D               	movf	(main@i+1)^0,w,c
   671   0008DA  E109               	bnz	u2210
   672   0008DC  0E0A               	movlw	10
   673   0008DE  5C4C               	subwf	main@i^0,w,c
   674   0008E0  A0D8               	btfss	status,0,c
   675   0008E2  EF75  F004         	goto	u2211
   676   0008E6  EF77  F004         	goto	u2210
   677   0008EA                     u2211:
   678   0008EA  EF51  F004         	goto	l2629
   679   0008EE                     u2210:
   680   0008EE                     
   681                           ;Codigo_Practica6_Parte3.c: 415:     LATDbits.LATD0 = 0;
   682   0008EE  908C               	bcf	140,0,c	;volatile
   683                           
   684                           ;Codigo_Practica6_Parte3.c: 416:     LATDbits.LATD0 = 0;
   685   0008F0  908C               	bcf	140,0,c	;volatile
   686   0008F2                     
   687                           ;Codigo_Practica6_Parte3.c: 417:     UART_Initial(9600);
   688   0008F2  0E80               	movlw	128
   689   0008F4  6E39               	movwf	UART_Initial@baud_rate^0,c
   690   0008F6  0E25               	movlw	37
   691   0008F8  6E3A               	movwf	(UART_Initial@baud_rate+1)^0,c
   692   0008FA  0E00               	movlw	0
   693   0008FC  6E3B               	movwf	(UART_Initial@baud_rate+2)^0,c
   694   0008FE  0E00               	movlw	0
   695   000900  6E3C               	movwf	(UART_Initial@baud_rate+3)^0,c
   696   000902  EC35  F00E         	call	_UART_Initial	;wreg free
   697                           
   698                           ;Codigo_Practica6_Parte3.c: 418:     InitLCD();
   699   000906  EC0B  F00F         	call	_InitLCD	;wreg free
   700   00090A                     
   701                           ;Codigo_Practica6_Parte3.c: 420:     EEPROM_InitPassword();
   702   00090A  EC94  F00E         	call	_EEPROM_InitPassword	;wreg free
   703   00090E                     
   704                           ;Codigo_Practica6_Parte3.c: 421:     LeerPasswordEEPROM(clave);
   705   00090E  0E49               	movlw	low main@clave
   706   000910  6E03               	movwf	LeerPasswordEEPROM@clave^0,c
   707   000912  EC47  F00F         	call	_LeerPasswordEEPROM	;wreg free
   708   000916                     
   709                           ;Codigo_Practica6_Parte3.c: 424:     LCD_DosLineas("Universidad de", "Cuenca");
   710   000916  0E12               	movlw	low STR_2
   711   000918  6E0C               	movwf	LCD_DosLineas@Linea1^0,c
   712   00091A  0E70               	movlw	low STR_3
   713   00091C  6E0D               	movwf	LCD_DosLineas@Linea2^0,c
   714   00091E  ECCA  F00F         	call	_LCD_DosLineas	;wreg free
   715   000922                     
   716                           ;Codigo_Practica6_Parte3.c: 425:     DelayXms(2000);
   717   000922  0E07               	movlw	7
   718   000924  6E05               	movwf	(DelayXms@Milis+1)^0,c
   719   000926  0ED0               	movlw	208
   720   000928  6E04               	movwf	DelayXms@Milis^0,c
   721   00092A  EC61  F00F         	call	_DelayXms	;wreg free
   722   00092E                     
   723                           ;Codigo_Practica6_Parte3.c: 426:     LCD_Comando(0x01);
   724   00092E  0E01               	movlw	1
   725   000930  ECFF  F00F         	call	_LCD_Comando
   726   000934                     
   727                           ;Codigo_Practica6_Parte3.c: 427:     DelayXms(1000);
   728   000934  0E03               	movlw	3
   729   000936  6E05               	movwf	(DelayXms@Milis+1)^0,c
   730   000938  0EE8               	movlw	232
   731   00093A  6E04               	movwf	DelayXms@Milis^0,c
   732   00093C  EC61  F00F         	call	_DelayXms	;wreg free
   733   000940                     
   734                           ;Codigo_Practica6_Parte3.c: 429:     LCD_Linea2(); LCD_Texto("USART v1.0");
   735   000940  EC05  F010         	call	_LCD_Linea2	;wreg free
   736   000944  0E2E               	movlw	low STR_4
   737   000946  6E08               	movwf	LCD_Texto@PALABRA^0,c
   738   000948  ECC5  F00E         	call	_LCD_Texto	;wreg free
   739   00094C                     
   740                           ;Codigo_Practica6_Parte3.c: 430:     DelayXms(2000);
   741   00094C  0E07               	movlw	7
   742   00094E  6E05               	movwf	(DelayXms@Milis+1)^0,c
   743   000950  0ED0               	movlw	208
   744   000952  6E04               	movwf	DelayXms@Milis^0,c
   745   000954  EC61  F00F         	call	_DelayXms	;wreg free
   746   000958                     
   747                           ;Codigo_Practica6_Parte3.c: 431:     LCD_Comando(0x01);
   748   000958  0E01               	movlw	1
   749   00095A  ECFF  F00F         	call	_LCD_Comando
   750   00095E                     
   751                           ;Codigo_Practica6_Parte3.c: 432:     DelayXms(1000);
   752   00095E  0E03               	movlw	3
   753   000960  6E05               	movwf	(DelayXms@Milis+1)^0,c
   754   000962  0EE8               	movlw	232
   755   000964  6E04               	movwf	DelayXms@Milis^0,c
   756   000966  EC61  F00F         	call	_DelayXms	;wreg free
   757   00096A                     
   758                           ;Codigo_Practica6_Parte3.c: 434:     LCD_DosLineas("Remote Password:","");
   759   00096A  0E01               	movlw	low STR_5
   760   00096C  6E0C               	movwf	LCD_DosLineas@Linea1^0,c
   761   00096E  0E85               	movlw	low (STR_7+3)
   762   000970  6E0D               	movwf	LCD_DosLineas@Linea2^0,c
   763   000972  ECCA  F00F         	call	_LCD_DosLineas	;wreg free
   764   000976                     
   765                           ;Codigo_Practica6_Parte3.c: 435:     LCD_Linea2();
   766   000976  EC05  F010         	call	_LCD_Linea2	;wreg free
   767   00097A                     l2665:
   768                           
   769                           ;Codigo_Practica6_Parte3.c: 440:         if(RCIF){
   770   00097A  AA9E               	btfss	3998,5,c	;volatile
   771   00097C  EFC2  F004         	goto	u2221
   772   000980  EFC4  F004         	goto	u2220
   773   000984                     u2221:
   774   000984  EF0E  F005         	goto	l2689
   775   000988                     u2220:
   776   000988                     
   777                           ;Codigo_Practica6_Parte3.c: 441:             comando = USART_Read();
   778   000988  ECA8  F00F         	call	_USART_Read	;wreg free
   779   00098C  6E4E               	movwf	main@comando^0,c
   780   00098E                     
   781                           ;Codigo_Practica6_Parte3.c: 442:             if(comando=='V'){
   782   00098E  0E56               	movlw	86
   783   000990  184E               	xorwf	main@comando^0,w,c
   784   000992  A4D8               	btfss	status,2,c
   785   000994  EFCE  F004         	goto	u2231
   786   000998  EFD0  F004         	goto	u2230
   787   00099C                     u2231:
   788   00099C  EFF1  F004         	goto	l2679
   789   0009A0                     u2230:
   790   0009A0                     
   791                           ;Codigo_Practica6_Parte3.c: 443:                 recibida[0]=USART_Read();
   792   0009A0  ECA8  F00F         	call	_USART_Read	;wreg free
   793   0009A4  6E50               	movwf	main@recibida^0,c
   794                           
   795                           ;Codigo_Practica6_Parte3.c: 444:                 recibida[1]=USART_Read();
   796   0009A6  ECA8  F00F         	call	_USART_Read	;wreg free
   797   0009AA  6E51               	movwf	(main@recibida+1)^0,c
   798                           
   799                           ;Codigo_Practica6_Parte3.c: 445:                 recibida[2]=USART_Read();
   800   0009AC  ECA8  F00F         	call	_USART_Read	;wreg free
   801   0009B0  6E52               	movwf	(main@recibida+2)^0,c
   802   0009B2                     
   803                           ;Codigo_Practica6_Parte3.c: 447:                 if(PasswordCorrecta(recibida,clave)){
   804   0009B2  0E50               	movlw	low main@recibida
   805   0009B4  6E02               	movwf	PasswordCorrecta@ingresada^0,c
   806   0009B6  0E49               	movlw	low main@clave
   807   0009B8  6E03               	movwf	PasswordCorrecta@guardada^0,c
   808   0009BA  ECEA  F00E         	call	_PasswordCorrecta	;wreg free
   809   0009BE  0900               	iorlw	0
   810   0009C0  B4D8               	btfsc	status,2,c
   811   0009C2  EFE5  F004         	goto	u2241
   812   0009C6  EFE7  F004         	goto	u2240
   813   0009CA                     u2241:
   814   0009CA  EFEC  F004         	goto	l2677
   815   0009CE                     u2240:
   816   0009CE                     
   817                           ;Codigo_Practica6_Parte3.c: 448:                     UART_Write('A');
   818   0009CE  0E41               	movlw	65
   819   0009D0  ECD8  F00F         	call	_UART_Write
   820                           
   821                           ;Codigo_Practica6_Parte3.c: 449:                 }else{
   822   0009D4  EF0E  F005         	goto	l2689
   823   0009D8                     l2677:
   824                           
   825                           ;Codigo_Practica6_Parte3.c: 450:                     UART_Write('X');
   826   0009D8  0E58               	movlw	88
   827   0009DA  ECD8  F00F         	call	_UART_Write
   828   0009DE  EF0E  F005         	goto	l2689
   829   0009E2                     l2679:
   830   0009E2  0E47               	movlw	71
   831   0009E4  184E               	xorwf	main@comando^0,w,c
   832   0009E6  A4D8               	btfss	status,2,c
   833   0009E8  EFF8  F004         	goto	u2251
   834   0009EC  EFFA  F004         	goto	u2250
   835   0009F0                     u2251:
   836   0009F0  EF0E  F005         	goto	l2689
   837   0009F4                     u2250:
   838   0009F4                     
   839                           ;Codigo_Practica6_Parte3.c: 453:                 recibida[0]=USART_Read();
   840   0009F4  ECA8  F00F         	call	_USART_Read	;wreg free
   841   0009F8  6E50               	movwf	main@recibida^0,c
   842                           
   843                           ;Codigo_Practica6_Parte3.c: 454:                 recibida[1]=USART_Read();
   844   0009FA  ECA8  F00F         	call	_USART_Read	;wreg free
   845   0009FE  6E51               	movwf	(main@recibida+1)^0,c
   846                           
   847                           ;Codigo_Practica6_Parte3.c: 455:                 recibida[2]=USART_Read();
   848   000A00  ECA8  F00F         	call	_USART_Read	;wreg free
   849   000A04  6E52               	movwf	(main@recibida+2)^0,c
   850   000A06                     
   851                           ;Codigo_Practica6_Parte3.c: 457:                 GuardarPasswordEEPROM(recibida);
   852   000A06  0E50               	movlw	low main@recibida
   853   000A08  6E04               	movwf	GuardarPasswordEEPROM@clave^0,c
   854   000A0A  EC2A  F00F         	call	_GuardarPasswordEEPROM	;wreg free
   855   000A0E                     
   856                           ;Codigo_Practica6_Parte3.c: 458:                 LeerPasswordEEPROM(clave);
   857   000A0E  0E49               	movlw	low main@clave
   858   000A10  6E03               	movwf	LeerPasswordEEPROM@clave^0,c
   859   000A12  EC47  F00F         	call	_LeerPasswordEEPROM	;wreg free
   860   000A16                     
   861                           ;Codigo_Practica6_Parte3.c: 459:                 UART_Write('B');
   862   000A16  0E42               	movlw	66
   863   000A18  ECD8  F00F         	call	_UART_Write
   864   000A1C                     l2689:
   865                           
   866                           ;Codigo_Practica6_Parte3.c: 462:         tecla = LeerTeclado();
   867   000A1C  ECEC  F00A         	call	_LeerTeclado	;wreg free
   868   000A20  6E58               	movwf	main@tecla^0,c
   869   000A22                     
   870                           ;Codigo_Practica6_Parte3.c: 463:          if(tecla != 0xFF){
   871   000A22  2858               	incf	main@tecla^0,w,c
   872   000A24  B4D8               	btfsc	status,2,c
   873   000A26  EF17  F005         	goto	u2261
   874   000A2A  EF19  F005         	goto	u2260
   875   000A2E                     u2261:
   876   000A2E  EFAE  F005         	goto	l2747
   877   000A32                     u2260:
   878   000A32                     l2695:
   879   000A32  ECEC  F00A         	call	_LeerTeclado	;wreg free
   880   000A36  0AFF               	xorlw	255
   881   000A38  A4D8               	btfss	status,2,c
   882   000A3A  EF21  F005         	goto	u2271
   883   000A3E  EF23  F005         	goto	u2270
   884   000A42                     u2271:
   885   000A42  EF19  F005         	goto	l2695
   886   000A46                     u2270:
   887   000A46                     
   888                           ;Codigo_Practica6_Parte3.c: 466:             DelayXms(20);
   889   000A46  0E00               	movlw	0
   890   000A48  6E05               	movwf	(DelayXms@Milis+1)^0,c
   891   000A4A  0E14               	movlw	20
   892   000A4C  6E04               	movwf	DelayXms@Milis^0,c
   893   000A4E  EC61  F00F         	call	_DelayXms	;wreg free
   894   000A52                     
   895                           ;Codigo_Practica6_Parte3.c: 467:             if(tecla <= 9){
   896   000A52  0E0A               	movlw	10
   897   000A54  6058               	cpfslt	main@tecla^0,c
   898   000A56  EF2F  F005         	goto	u2281
   899   000A5A  EF31  F005         	goto	u2280
   900   000A5E                     u2281:
   901   000A5E  EF47  F005         	goto	l2711
   902   000A62                     u2280:
   903   000A62                     
   904                           ;Codigo_Practica6_Parte3.c: 468:                 tx = TeclaASCII(tecla);
   905   000A62  5058               	movf	main@tecla^0,w,c
   906   000A64  EC36  F00D         	call	_TeclaASCII
   907   000A68  6E4F               	movwf	main@tx^0,c
   908   000A6A                     
   909                           ;Codigo_Practica6_Parte3.c: 469:                 if(indice < 3){
   910   000A6A  0E03               	movlw	3
   911   000A6C  6057               	cpfslt	main@indice^0,c
   912   000A6E  EF3B  F005         	goto	u2291
   913   000A72  EF3D  F005         	goto	u2290
   914   000A76                     u2291:
   915   000A76  EF47  F005         	goto	l2711
   916   000A7A                     u2290:
   917   000A7A                     
   918                           ;Codigo_Practica6_Parte3.c: 470:                     password[indice] = tx;
   919   000A7A  5057               	movf	main@indice^0,w,c
   920   000A7C  0F53               	addlw	low main@password
   921   000A7E  6ED9               	movwf	fsr2l,c
   922   000A80  6ADA               	clrf	fsr2h,c
   923   000A82  C04F  FFDF         	movff	main@tx,indf2
   924   000A86                     
   925                           ;Codigo_Practica6_Parte3.c: 471:                     LCD_Caracter('*');
   926   000A86  0E2A               	movlw	42
   927   000A88  ECF9  F00F         	call	_LCD_Caracter
   928   000A8C                     
   929                           ;Codigo_Practica6_Parte3.c: 472:                     indice++;
   930   000A8C  2A57               	incf	main@indice^0,f,c
   931   000A8E                     l2711:
   932                           
   933                           ;Codigo_Practica6_Parte3.c: 475:             if(tecla==14){
   934   000A8E  0E0E               	movlw	14
   935   000A90  1858               	xorwf	main@tecla^0,w,c
   936   000A92  A4D8               	btfss	status,2,c
   937   000A94  EF4E  F005         	goto	u2301
   938   000A98  EF50  F005         	goto	u2300
   939   000A9C                     u2301:
   940   000A9C  EF62  F005         	goto	l2723
   941   000AA0                     u2300:
   942   000AA0                     
   943                           ;Codigo_Practica6_Parte3.c: 476:                 if(indice>0){
   944   000AA0  5057               	movf	main@indice^0,w,c
   945   000AA2  B4D8               	btfsc	status,2,c
   946   000AA4  EF56  F005         	goto	u2311
   947   000AA8  EF58  F005         	goto	u2310
   948   000AAC                     u2311:
   949   000AAC  EF62  F005         	goto	l2723
   950   000AB0                     u2310:
   951   000AB0                     
   952                           ;Codigo_Practica6_Parte3.c: 477:                     indice--;
   953   000AB0  0657               	decf	main@indice^0,f,c
   954   000AB2                     
   955                           ;Codigo_Practica6_Parte3.c: 478:                     LCD_Comando(0x10);
   956   000AB2  0E10               	movlw	16
   957   000AB4  ECFF  F00F         	call	_LCD_Comando
   958   000AB8                     
   959                           ;Codigo_Practica6_Parte3.c: 479:                     LCD_Caracter(' ');
   960   000AB8  0E20               	movlw	32
   961   000ABA  ECF9  F00F         	call	_LCD_Caracter
   962   000ABE                     
   963                           ;Codigo_Practica6_Parte3.c: 480:                     LCD_Comando(0x10);
   964   000ABE  0E10               	movlw	16
   965   000AC0  ECFF  F00F         	call	_LCD_Comando
   966   000AC4                     l2723:
   967                           
   968                           ;Codigo_Practica6_Parte3.c: 483:             if(tecla==13 && indice==3){
   969   000AC4  0E0D               	movlw	13
   970   000AC6  1858               	xorwf	main@tecla^0,w,c
   971   000AC8  A4D8               	btfss	status,2,c
   972   000ACA  EF69  F005         	goto	u2321
   973   000ACE  EF6B  F005         	goto	u2320
   974   000AD2                     u2321:
   975   000AD2  EFAE  F005         	goto	l2747
   976   000AD6                     u2320:
   977   000AD6  0E03               	movlw	3
   978   000AD8  1857               	xorwf	main@indice^0,w,c
   979   000ADA  A4D8               	btfss	status,2,c
   980   000ADC  EF72  F005         	goto	u2331
   981   000AE0  EF74  F005         	goto	u2330
   982   000AE4                     u2331:
   983   000AE4  EFAE  F005         	goto	l2747
   984   000AE8                     u2330:
   985   000AE8                     
   986                           ;Codigo_Practica6_Parte3.c: 484:                 if(PasswordCorrecta(password, clave)){
   987   000AE8  0E53               	movlw	low main@password
   988   000AEA  6E02               	movwf	PasswordCorrecta@ingresada^0,c
   989   000AEC  0E49               	movlw	low main@clave
   990   000AEE  6E03               	movwf	PasswordCorrecta@guardada^0,c
   991   000AF0  ECEA  F00E         	call	_PasswordCorrecta	;wreg free
   992   000AF4  0900               	iorlw	0
   993   000AF6  B4D8               	btfsc	status,2,c
   994   000AF8  EF80  F005         	goto	u2341
   995   000AFC  EF82  F005         	goto	u2340
   996   000B00                     u2341:
   997   000B00  EF98  F005         	goto	l2737
   998   000B04                     u2340:
   999   000B04                     
  1000                           ;Codigo_Practica6_Parte3.c: 486:                     LCD_DosLineas("OK!","Correcta");
  1001   000B04  0E82               	movlw	low STR_7
  1002   000B06  6E0C               	movwf	LCD_DosLineas@Linea1^0,c
  1003   000B08  0E57               	movlw	low STR_8
  1004   000B0A  6E0D               	movwf	LCD_DosLineas@Linea2^0,c
  1005   000B0C  ECCA  F00F         	call	_LCD_DosLineas	;wreg free
  1006   000B10                     
  1007                           ;Codigo_Practica6_Parte3.c: 487:                     DelayXms(2000);
  1008   000B10  0E07               	movlw	7
  1009   000B12  6E05               	movwf	(DelayXms@Milis+1)^0,c
  1010   000B14  0ED0               	movlw	208
  1011   000B16  6E04               	movwf	DelayXms@Milis^0,c
  1012   000B18  EC61  F00F         	call	_DelayXms	;wreg free
  1013   000B1C                     
  1014                           ;Codigo_Practica6_Parte3.c: 488:                     LCD_DosLineas("Remote Password:",""
      +                          );
  1015   000B1C  0E01               	movlw	low STR_5
  1016   000B1E  6E0C               	movwf	LCD_DosLineas@Linea1^0,c
  1017   000B20  0E85               	movlw	low (STR_7+3)
  1018   000B22  6E0D               	movwf	LCD_DosLineas@Linea2^0,c
  1019   000B24  ECCA  F00F         	call	_LCD_DosLineas	;wreg free
  1020   000B28                     
  1021                           ;Codigo_Practica6_Parte3.c: 489:                     estado = 1;
  1022   000B28  0E01               	movlw	1
  1023   000B2A  6E56               	movwf	main@estado^0,c
  1024                           
  1025                           ;Codigo_Practica6_Parte3.c: 490:                 } else{
  1026   000B2C  EFAC  F005         	goto	l2745
  1027   000B30                     l2737:
  1028                           
  1029                           ;Codigo_Practica6_Parte3.c: 492:                     LCD_DosLineas("Clave","Incorrecta")
      +                          ;
  1030   000B30  0E77               	movlw	low STR_11
  1031   000B32  6E0C               	movwf	LCD_DosLineas@Linea1^0,c
  1032   000B34  0E39               	movlw	low STR_12
  1033   000B36  6E0D               	movwf	LCD_DosLineas@Linea2^0,c
  1034   000B38  ECCA  F00F         	call	_LCD_DosLineas	;wreg free
  1035   000B3C                     
  1036                           ;Codigo_Practica6_Parte3.c: 493:                     DelayXms(2000);
  1037   000B3C  0E07               	movlw	7
  1038   000B3E  6E05               	movwf	(DelayXms@Milis+1)^0,c
  1039   000B40  0ED0               	movlw	208
  1040   000B42  6E04               	movwf	DelayXms@Milis^0,c
  1041   000B44  EC61  F00F         	call	_DelayXms	;wreg free
  1042   000B48                     
  1043                           ;Codigo_Practica6_Parte3.c: 494:                     LCD_DosLineas("Remote Password:",""
      +                          );
  1044   000B48  0E01               	movlw	low STR_5
  1045   000B4A  6E0C               	movwf	LCD_DosLineas@Linea1^0,c
  1046   000B4C  0E85               	movlw	low (STR_7+3)
  1047   000B4E  6E0D               	movwf	LCD_DosLineas@Linea2^0,c
  1048   000B50  ECCA  F00F         	call	_LCD_DosLineas	;wreg free
  1049   000B54                     
  1050                           ;Codigo_Practica6_Parte3.c: 495:                     estado = 0;
  1051   000B54  0E00               	movlw	0
  1052   000B56  6E56               	movwf	main@estado^0,c
  1053   000B58                     l2745:
  1054                           
  1055                           ;Codigo_Practica6_Parte3.c: 497:                 indice = 0;
  1056   000B58  0E00               	movlw	0
  1057   000B5A  6E57               	movwf	main@indice^0,c
  1058   000B5C                     l2747:
  1059                           
  1060                           ;Codigo_Practica6_Parte3.c: 501:         if(estado==1 && estadoAnterior != 1){
  1061   000B5C  0456               	decf	main@estado^0,w,c
  1062   000B5E  A4D8               	btfss	status,2,c
  1063   000B60  EFB4  F005         	goto	u2351
  1064   000B64  EFB6  F005         	goto	u2350
  1065   000B68                     u2351:
  1066   000B68  EFDF  F005         	goto	l2769
  1067   000B6C                     u2350:
  1068   000B6C  0447               	decf	main@estadoAnterior^0,w,c
  1069   000B6E  B4D8               	btfsc	status,2,c
  1070   000B70  EFBC  F005         	goto	u2361
  1071   000B74  EFBE  F005         	goto	u2360
  1072   000B78                     u2361:
  1073   000B78  EFDF  F005         	goto	l2769
  1074   000B7C                     u2360:
  1075   000B7C                     
  1076                           ;Codigo_Practica6_Parte3.c: 502:             LCD_DosLineas("OK! New","Password?");
  1077   000B7C  0E68               	movlw	low STR_15
  1078   000B7E  6E0C               	movwf	LCD_DosLineas@Linea1^0,c
  1079   000B80  0E44               	movlw	low STR_16
  1080   000B82  6E0D               	movwf	LCD_DosLineas@Linea2^0,c
  1081   000B84  ECCA  F00F         	call	_LCD_DosLineas	;wreg free
  1082   000B88                     
  1083                           ;Codigo_Practica6_Parte3.c: 503:             DelayXms(2000);
  1084   000B88  0E07               	movlw	7
  1085   000B8A  6E05               	movwf	(DelayXms@Milis+1)^0,c
  1086   000B8C  0ED0               	movlw	208
  1087   000B8E  6E04               	movwf	DelayXms@Milis^0,c
  1088   000B90  EC61  F00F         	call	_DelayXms	;wreg free
  1089   000B94                     
  1090                           ;Codigo_Practica6_Parte3.c: 504:             LCD_Comando(0x01);
  1091   000B94  0E01               	movlw	1
  1092   000B96  ECFF  F00F         	call	_LCD_Comando
  1093                           
  1094                           ;Codigo_Practica6_Parte3.c: 505:             LCD_DosLineas("OK! New","");
  1095   000B9A  0E68               	movlw	low STR_15
  1096   000B9C  6E0C               	movwf	LCD_DosLineas@Linea1^0,c
  1097   000B9E  0E85               	movlw	low (STR_7+3)
  1098   000BA0  6E0D               	movwf	LCD_DosLineas@Linea2^0,c
  1099   000BA2  ECCA  F00F         	call	_LCD_DosLineas	;wreg free
  1100   000BA6                     
  1101                           ;Codigo_Practica6_Parte3.c: 506:             LCD_Linea2();
  1102   000BA6  EC05  F010         	call	_LCD_Linea2	;wreg free
  1103   000BAA                     
  1104                           ;Codigo_Practica6_Parte3.c: 508:             indice=0;
  1105   000BAA  0E00               	movlw	0
  1106   000BAC  6E57               	movwf	main@indice^0,c
  1107   000BAE                     
  1108                           ;Codigo_Practica6_Parte3.c: 509:             password[0]=0;
  1109   000BAE  0E00               	movlw	0
  1110   000BB0  6E53               	movwf	main@password^0,c
  1111   000BB2                     
  1112                           ;Codigo_Practica6_Parte3.c: 510:             password[1]=0;
  1113   000BB2  0E00               	movlw	0
  1114   000BB4  6E54               	movwf	(main@password+1)^0,c
  1115   000BB6                     
  1116                           ;Codigo_Practica6_Parte3.c: 511:             password[2]=0;
  1117   000BB6  0E00               	movlw	0
  1118   000BB8  6E55               	movwf	(main@password+2)^0,c
  1119   000BBA                     
  1120                           ;Codigo_Practica6_Parte3.c: 512:             estado=2;
  1121   000BBA  0E02               	movlw	2
  1122   000BBC  6E56               	movwf	main@estado^0,c
  1123   000BBE                     l2769:
  1124                           
  1125                           ;Codigo_Practica6_Parte3.c: 514:         if(estado == 2){
  1126   000BBE  0E02               	movlw	2
  1127   000BC0  1856               	xorwf	main@estado^0,w,c
  1128   000BC2  A4D8               	btfss	status,2,c
  1129   000BC4  EFE6  F005         	goto	u2371
  1130   000BC8  EFE8  F005         	goto	u2370
  1131   000BCC                     u2371:
  1132   000BCC  EF86  F006         	goto	l2829
  1133   000BD0                     u2370:
  1134   000BD0                     
  1135                           ;Codigo_Practica6_Parte3.c: 515:             tecla = LeerTeclado();
  1136   000BD0  ECEC  F00A         	call	_LeerTeclado	;wreg free
  1137   000BD4  6E58               	movwf	main@tecla^0,c
  1138   000BD6                     
  1139                           ;Codigo_Practica6_Parte3.c: 517:             if(tecla != 0xFF && tecla != teclaAnterior)
      +                          {
  1140   000BD6  2858               	incf	main@tecla^0,w,c
  1141   000BD8  B4D8               	btfsc	status,2,c
  1142   000BDA  EFF1  F005         	goto	u2381
  1143   000BDE  EFF3  F005         	goto	u2380
  1144   000BE2                     u2381:
  1145   000BE2  EF86  F006         	goto	l2829
  1146   000BE6                     u2380:
  1147   000BE6  5048               	movf	main@teclaAnterior^0,w,c
  1148   000BE8  1858               	xorwf	main@tecla^0,w,c
  1149   000BEA  B4D8               	btfsc	status,2,c
  1150   000BEC  EFFA  F005         	goto	u2391
  1151   000BF0  EFFC  F005         	goto	u2390
  1152   000BF4                     u2391:
  1153   000BF4  EF86  F006         	goto	l2829
  1154   000BF8                     u2390:
  1155   000BF8                     
  1156                           ;Codigo_Practica6_Parte3.c: 518:                 teclaAnterior = tecla;
  1157   000BF8  C058  F048         	movff	main@tecla,main@teclaAnterior
  1158   000BFC                     l2779:
  1159   000BFC  ECEC  F00A         	call	_LeerTeclado	;wreg free
  1160   000C00  0AFF               	xorlw	255
  1161   000C02  A4D8               	btfss	status,2,c
  1162   000C04  EF06  F006         	goto	u2401
  1163   000C08  EF08  F006         	goto	u2400
  1164   000C0C                     u2401:
  1165   000C0C  EFFE  F005         	goto	l2779
  1166   000C10                     u2400:
  1167   000C10                     
  1168                           ;Codigo_Practica6_Parte3.c: 520:                 DelayXms(20);
  1169   000C10  0E00               	movlw	0
  1170   000C12  6E05               	movwf	(DelayXms@Milis+1)^0,c
  1171   000C14  0E14               	movlw	20
  1172   000C16  6E04               	movwf	DelayXms@Milis^0,c
  1173   000C18  EC61  F00F         	call	_DelayXms	;wreg free
  1174   000C1C                     
  1175                           ;Codigo_Practica6_Parte3.c: 522:                 if(tecla <= 9){
  1176   000C1C  0E0A               	movlw	10
  1177   000C1E  6058               	cpfslt	main@tecla^0,c
  1178   000C20  EF14  F006         	goto	u2411
  1179   000C24  EF16  F006         	goto	u2410
  1180   000C28                     u2411:
  1181   000C28  EF2C  F006         	goto	l2795
  1182   000C2C                     u2410:
  1183   000C2C                     
  1184                           ;Codigo_Practica6_Parte3.c: 523:                     tx = TeclaASCII(tecla);
  1185   000C2C  5058               	movf	main@tecla^0,w,c
  1186   000C2E  EC36  F00D         	call	_TeclaASCII
  1187   000C32  6E4F               	movwf	main@tx^0,c
  1188   000C34                     
  1189                           ;Codigo_Practica6_Parte3.c: 525:                     if(indice < 3){
  1190   000C34  0E03               	movlw	3
  1191   000C36  6057               	cpfslt	main@indice^0,c
  1192   000C38  EF20  F006         	goto	u2421
  1193   000C3C  EF22  F006         	goto	u2420
  1194   000C40                     u2421:
  1195   000C40  EF2C  F006         	goto	l2795
  1196   000C44                     u2420:
  1197   000C44                     
  1198                           ;Codigo_Practica6_Parte3.c: 526:                         password[indice] = tx;
  1199   000C44  5057               	movf	main@indice^0,w,c
  1200   000C46  0F53               	addlw	low main@password
  1201   000C48  6ED9               	movwf	fsr2l,c
  1202   000C4A  6ADA               	clrf	fsr2h,c
  1203   000C4C  C04F  FFDF         	movff	main@tx,indf2
  1204   000C50                     
  1205                           ;Codigo_Practica6_Parte3.c: 527:                         LCD_Caracter('*');
  1206   000C50  0E2A               	movlw	42
  1207   000C52  ECF9  F00F         	call	_LCD_Caracter
  1208   000C56                     
  1209                           ;Codigo_Practica6_Parte3.c: 528:                         indice++;
  1210   000C56  2A57               	incf	main@indice^0,f,c
  1211   000C58                     l2795:
  1212                           
  1213                           ;Codigo_Practica6_Parte3.c: 532:                 if(tecla == 14){
  1214   000C58  0E0E               	movlw	14
  1215   000C5A  1858               	xorwf	main@tecla^0,w,c
  1216   000C5C  A4D8               	btfss	status,2,c
  1217   000C5E  EF33  F006         	goto	u2431
  1218   000C62  EF35  F006         	goto	u2430
  1219   000C66                     u2431:
  1220   000C66  EF47  F006         	goto	l2807
  1221   000C6A                     u2430:
  1222   000C6A                     
  1223                           ;Codigo_Practica6_Parte3.c: 533:                     if(indice > 0){
  1224   000C6A  5057               	movf	main@indice^0,w,c
  1225   000C6C  B4D8               	btfsc	status,2,c
  1226   000C6E  EF3B  F006         	goto	u2441
  1227   000C72  EF3D  F006         	goto	u2440
  1228   000C76                     u2441:
  1229   000C76  EF47  F006         	goto	l2807
  1230   000C7A                     u2440:
  1231   000C7A                     
  1232                           ;Codigo_Practica6_Parte3.c: 534:                         indice--;
  1233   000C7A  0657               	decf	main@indice^0,f,c
  1234   000C7C                     
  1235                           ;Codigo_Practica6_Parte3.c: 535:                         LCD_Comando(0x10);
  1236   000C7C  0E10               	movlw	16
  1237   000C7E  ECFF  F00F         	call	_LCD_Comando
  1238   000C82                     
  1239                           ;Codigo_Practica6_Parte3.c: 536:                         LCD_Caracter(' ');
  1240   000C82  0E20               	movlw	32
  1241   000C84  ECF9  F00F         	call	_LCD_Caracter
  1242   000C88                     
  1243                           ;Codigo_Practica6_Parte3.c: 537:                         LCD_Comando(0x10);
  1244   000C88  0E10               	movlw	16
  1245   000C8A  ECFF  F00F         	call	_LCD_Comando
  1246   000C8E                     l2807:
  1247                           
  1248                           ;Codigo_Practica6_Parte3.c: 541:                 if(tecla == 13 && indice == 3){
  1249   000C8E  0E0D               	movlw	13
  1250   000C90  1858               	xorwf	main@tecla^0,w,c
  1251   000C92  A4D8               	btfss	status,2,c
  1252   000C94  EF4E  F006         	goto	u2451
  1253   000C98  EF50  F006         	goto	u2450
  1254   000C9C                     u2451:
  1255   000C9C  EF7D  F006         	goto	l2825
  1256   000CA0                     u2450:
  1257   000CA0  0E03               	movlw	3
  1258   000CA2  1857               	xorwf	main@indice^0,w,c
  1259   000CA4  A4D8               	btfss	status,2,c
  1260   000CA6  EF57  F006         	goto	u2461
  1261   000CAA  EF59  F006         	goto	u2460
  1262   000CAE                     u2461:
  1263   000CAE  EF7D  F006         	goto	l2825
  1264   000CB2                     u2460:
  1265   000CB2                     
  1266                           ;Codigo_Practica6_Parte3.c: 542:                     GuardarPasswordEEPROM(password);
  1267   000CB2  0E53               	movlw	low main@password
  1268   000CB4  6E04               	movwf	GuardarPasswordEEPROM@clave^0,c
  1269   000CB6  EC2A  F00F         	call	_GuardarPasswordEEPROM	;wreg free
  1270   000CBA                     
  1271                           ;Codigo_Practica6_Parte3.c: 543:                     DelayXms(20);
  1272   000CBA  0E00               	movlw	0
  1273   000CBC  6E05               	movwf	(DelayXms@Milis+1)^0,c
  1274   000CBE  0E14               	movlw	20
  1275   000CC0  6E04               	movwf	DelayXms@Milis^0,c
  1276   000CC2  EC61  F00F         	call	_DelayXms	;wreg free
  1277   000CC6                     
  1278                           ;Codigo_Practica6_Parte3.c: 545:                     LeerPasswordEEPROM(clave);
  1279   000CC6  0E49               	movlw	low main@clave
  1280   000CC8  6E03               	movwf	LeerPasswordEEPROM@clave^0,c
  1281   000CCA  EC47  F00F         	call	_LeerPasswordEEPROM	;wreg free
  1282   000CCE                     
  1283                           ;Codigo_Practica6_Parte3.c: 547:                     LCD_DosLineas("Clave","Guardada");
  1284   000CCE  0E77               	movlw	low STR_11
  1285   000CD0  6E0C               	movwf	LCD_DosLineas@Linea1^0,c
  1286   000CD2  0E4E               	movlw	low STR_20
  1287   000CD4  6E0D               	movwf	LCD_DosLineas@Linea2^0,c
  1288   000CD6  ECCA  F00F         	call	_LCD_DosLineas	;wreg free
  1289   000CDA                     
  1290                           ;Codigo_Practica6_Parte3.c: 548:                     DelayXms(2000);
  1291   000CDA  0E07               	movlw	7
  1292   000CDC  6E05               	movwf	(DelayXms@Milis+1)^0,c
  1293   000CDE  0ED0               	movlw	208
  1294   000CE0  6E04               	movwf	DelayXms@Milis^0,c
  1295   000CE2  EC61  F00F         	call	_DelayXms	;wreg free
  1296   000CE6                     
  1297                           ;Codigo_Practica6_Parte3.c: 550:                     estado = 0;
  1298   000CE6  0E00               	movlw	0
  1299   000CE8  6E56               	movwf	main@estado^0,c
  1300   000CEA                     
  1301                           ;Codigo_Practica6_Parte3.c: 551:                     indice = 0;
  1302   000CEA  0E00               	movlw	0
  1303   000CEC  6E57               	movwf	main@indice^0,c
  1304                           
  1305                           ;Codigo_Practica6_Parte3.c: 553:                     LCD_DosLineas("Remote Password:",""
      +                          );
  1306   000CEE  0E01               	movlw	low STR_5
  1307   000CF0  6E0C               	movwf	LCD_DosLineas@Linea1^0,c
  1308   000CF2  0E85               	movlw	low (STR_7+3)
  1309   000CF4  6E0D               	movwf	LCD_DosLineas@Linea2^0,c
  1310   000CF6  ECCA  F00F         	call	_LCD_DosLineas	;wreg free
  1311   000CFA                     l2825:
  1312                           
  1313                           ;Codigo_Practica6_Parte3.c: 555:                 if(tecla == 0xFF){
  1314   000CFA  2858               	incf	main@tecla^0,w,c
  1315   000CFC  A4D8               	btfss	status,2,c
  1316   000CFE  EF83  F006         	goto	u2471
  1317   000D02  EF85  F006         	goto	u2470
  1318   000D06                     u2471:
  1319   000D06  EF86  F006         	goto	l2829
  1320   000D0A                     u2470:
  1321   000D0A                     
  1322                           ;Codigo_Practica6_Parte3.c: 556:                     teclaAnterior = 0xFF;
  1323   000D0A  6848               	setf	main@teclaAnterior^0,c
  1324   000D0C                     l2829:
  1325                           
  1326                           ;Codigo_Practica6_Parte3.c: 560:         if(estado==3){
  1327   000D0C  0E03               	movlw	3
  1328   000D0E  1856               	xorwf	main@estado^0,w,c
  1329   000D10  A4D8               	btfss	status,2,c
  1330   000D12  EF8D  F006         	goto	u2481
  1331   000D16  EF8F  F006         	goto	u2480
  1332   000D1A                     u2481:
  1333   000D1A  EFB9  F006         	goto	l2851
  1334   000D1E                     u2480:
  1335   000D1E                     
  1336                           ;Codigo_Practica6_Parte3.c: 561:             rx=USART_Read();
  1337   000D1E  ECA8  F00F         	call	_USART_Read	;wreg free
  1338   000D22  6E46               	movwf	main@rx^0,c
  1339   000D24                     
  1340                           ;Codigo_Practica6_Parte3.c: 562:             if(rx=='B'){
  1341   000D24  0E42               	movlw	66
  1342   000D26  1846               	xorwf	main@rx^0,w,c
  1343   000D28  A4D8               	btfss	status,2,c
  1344   000D2A  EF99  F006         	goto	u2491
  1345   000D2E  EF9B  F006         	goto	u2490
  1346   000D32                     u2491:
  1347   000D32  EFB9  F006         	goto	l2851
  1348   000D36                     u2490:
  1349   000D36                     
  1350                           ;Codigo_Practica6_Parte3.c: 563:                 LCD_DosLineas("New Password","set!");
  1351   000D36  0E21               	movlw	low STR_23
  1352   000D38  6E0C               	movwf	LCD_DosLineas@Linea1^0,c
  1353   000D3A  0E7D               	movlw	low STR_24
  1354   000D3C  6E0D               	movwf	LCD_DosLineas@Linea2^0,c
  1355   000D3E  ECCA  F00F         	call	_LCD_DosLineas	;wreg free
  1356   000D42                     
  1357                           ;Codigo_Practica6_Parte3.c: 565:                 DelayXms(5000);
  1358   000D42  0E13               	movlw	19
  1359   000D44  6E05               	movwf	(DelayXms@Milis+1)^0,c
  1360   000D46  0E88               	movlw	136
  1361   000D48  6E04               	movwf	DelayXms@Milis^0,c
  1362   000D4A  EC61  F00F         	call	_DelayXms	;wreg free
  1363   000D4E                     
  1364                           ;Codigo_Practica6_Parte3.c: 567:                 password[0]=0;
  1365   000D4E  0E00               	movlw	0
  1366   000D50  6E53               	movwf	main@password^0,c
  1367   000D52                     
  1368                           ;Codigo_Practica6_Parte3.c: 568:                 password[1]=0;
  1369   000D52  0E00               	movlw	0
  1370   000D54  6E54               	movwf	(main@password+1)^0,c
  1371   000D56                     
  1372                           ;Codigo_Practica6_Parte3.c: 569:                 password[2]=0;
  1373   000D56  0E00               	movlw	0
  1374   000D58  6E55               	movwf	(main@password+2)^0,c
  1375   000D5A                     
  1376                           ;Codigo_Practica6_Parte3.c: 570:                 indice=0;
  1377   000D5A  0E00               	movlw	0
  1378   000D5C  6E57               	movwf	main@indice^0,c
  1379   000D5E                     
  1380                           ;Codigo_Practica6_Parte3.c: 572:                 LCD_DosLineas("Remote Password:","");
  1381   000D5E  0E01               	movlw	low STR_5
  1382   000D60  6E0C               	movwf	LCD_DosLineas@Linea1^0,c
  1383   000D62  0E85               	movlw	low (STR_7+3)
  1384   000D64  6E0D               	movwf	LCD_DosLineas@Linea2^0,c
  1385   000D66  ECCA  F00F         	call	_LCD_DosLineas	;wreg free
  1386                           
  1387                           ;Codigo_Practica6_Parte3.c: 573:                 LCD_Linea2();
  1388   000D6A  EC05  F010         	call	_LCD_Linea2	;wreg free
  1389   000D6E                     
  1390                           ;Codigo_Practica6_Parte3.c: 574:                 estado=0;
  1391   000D6E  0E00               	movlw	0
  1392   000D70  6E56               	movwf	main@estado^0,c
  1393   000D72                     l2851:
  1394                           
  1395                           ;Codigo_Practica6_Parte3.c: 577:         estadoAnterior = estado;
  1396   000D72  C056  F047         	movff	main@estado,main@estadoAnterior
  1397   000D76  EFBD  F004         	goto	l2665
  1398   000D7A  EF13  F000         	goto	start
  1399   000D7E                     __end_of_main:
  1400                           	callstack 0
  1401                           
  1402 ;; *************** function _USART_Read *****************
  1403 ;; Defined at:
  1404 ;;		line 384 in file "Codigo_Practica6_Parte3.c"
  1405 ;; Parameters:    Size  Location     Type
  1406 ;;		None
  1407 ;; Auto vars:     Size  Location     Type
  1408 ;;		None
  1409 ;; Return value:  Size  Location     Type
  1410 ;;                  1    wreg      unsigned char 
  1411 ;; Registers used:
  1412 ;;		wreg, status,2
  1413 ;; Tracked objects:
  1414 ;;		On entry : 0/0
  1415 ;;		On exit  : 0/0
  1416 ;;		Unchanged: 0/0
  1417 ;; Data sizes:     COMRAM   BANK0   BANK1   BANK2   BANK3   BANK4   BANK5   BANK6   BANK7
  1418 ;;      Params:         0       0       0       0       0       0       0       0       0
  1419 ;;      Locals:         0       0       0       0       0       0       0       0       0
  1420 ;;      Temps:          0       0       0       0       0       0       0       0       0
  1421 ;;      Totals:         0       0       0       0       0       0       0       0       0
  1422 ;;Total ram usage:        0 bytes
  1423 ;; Hardware stack levels used: 1
  1424 ;; Hardware stack levels required when called: 2
  1425 ;; This function calls:
  1426 ;;		Nothing
  1427 ;; This function is called by:
  1428 ;;		_main
  1429 ;; This function uses a non-reentrant model
  1430 ;;
  1431                           
  1432                           	psect	text1
  1433   001F50                     __ptext1:
  1434                           	callstack 0
  1435   001F50                     _USART_Read:
  1436                           	callstack 28
  1437   001F50                     l188:
  1438   001F50  AA9E               	btfss	3998,5,c	;volatile
  1439   001F52  EFAD  F00F         	goto	u951
  1440   001F56  EFAF  F00F         	goto	u950
  1441   001F5A                     u951:
  1442   001F5A  EFA8  F00F         	goto	l188
  1443   001F5E                     u950:
  1444   001F5E                     
  1445                           ;Codigo_Practica6_Parte3.c: 386:     if(RCSTAbits.OERR){
  1446   001F5E  A2AB               	btfss	171,1,c	;volatile
  1447   001F60  EFB4  F00F         	goto	u961
  1448   001F64  EFB6  F00F         	goto	u960
  1449   001F68                     u961:
  1450   001F68  EFB9  F00F         	goto	l1695
  1451   001F6C                     u960:
  1452   001F6C                     
  1453                           ;Codigo_Practica6_Parte3.c: 387:         CREN = 0;
  1454   001F6C  98AB               	bcf	4011,4,c	;volatile
  1455                           
  1456                           ;Codigo_Practica6_Parte3.c: 388:         __nop();
  1457   001F6E  0000               	nop	
  1458                           
  1459                           ;Codigo_Practica6_Parte3.c: 389:         CREN = 1;
  1460   001F70  88AB               	bsf	4011,4,c	;volatile
  1461   001F72                     l1695:
  1462                           
  1463                           ;Codigo_Practica6_Parte3.c: 391:     return(RCREG);
  1464   001F72  50AE               	movf	174,w,c	;volatile
  1465   001F74  0012               	return		;funcret
  1466   001F76                     __end_of_USART_Read:
  1467                           	callstack 0
  1468                           
  1469 ;; *************** function _UART_Write *****************
  1470 ;; Defined at:
  1471 ;;		line 380 in file "Codigo_Practica6_Parte3.c"
  1472 ;; Parameters:    Size  Location     Type
  1473 ;;  data            1    wreg     unsigned char 
  1474 ;; Auto vars:     Size  Location     Type
  1475 ;;  data            1    1[COMRAM] unsigned char 
  1476 ;; Return value:  Size  Location     Type
  1477 ;;                  1    wreg      void 
  1478 ;; Registers used:
  1479 ;;		wreg
  1480 ;; Tracked objects:
  1481 ;;		On entry : 0/0
  1482 ;;		On exit  : 0/0
  1483 ;;		Unchanged: 0/0
  1484 ;; Data sizes:     COMRAM   BANK0   BANK1   BANK2   BANK3   BANK4   BANK5   BANK6   BANK7
  1485 ;;      Params:         0       0       0       0       0       0       0       0       0
  1486 ;;      Locals:         1       0       0       0       0       0       0       0       0
  1487 ;;      Temps:          0       0       0       0       0       0       0       0       0
  1488 ;;      Totals:         1       0       0       0       0       0       0       0       0
  1489 ;;Total ram usage:        1 bytes
  1490 ;; Hardware stack levels used: 1
  1491 ;; Hardware stack levels required when called: 2
  1492 ;; This function calls:
  1493 ;;		Nothing
  1494 ;; This function is called by:
  1495 ;;		_main
  1496 ;;		_VerificarPassword
  1497 ;; This function uses a non-reentrant model
  1498 ;;
  1499                           
  1500                           	psect	text2
  1501   001FB0                     __ptext2:
  1502                           	callstack 0
  1503   001FB0                     _UART_Write:
  1504                           	callstack 28
  1505                           
  1506                           ;incstack = 0
  1507                           ;UART_Write@data stored from wreg
  1508   001FB0  6E02               	movwf	UART_Write@data^0,c
  1509   001FB2                     
  1510                           ;Codigo_Practica6_Parte3.c: 381:     TXREG = data;
  1511   001FB2  C002  FFAD         	movff	UART_Write@data,4013	;volatile
  1512   001FB6                     l182:
  1513   001FB6  A2AC               	btfss	4012,1,c	;volatile
  1514   001FB8  EFE0  F00F         	goto	u901
  1515   001FBC  EFE2  F00F         	goto	u900
  1516   001FC0                     u901:
  1517   001FC0  EFDB  F00F         	goto	l182
  1518   001FC4                     u900:
  1519   001FC4  0012               	return		;funcret
  1520   001FC6                     __end_of_UART_Write:
  1521                           	callstack 0
  1522                           
  1523 ;; *************** function _UART_Initial *****************
  1524 ;; Defined at:
  1525 ;;		line 366 in file "Codigo_Practica6_Parte3.c"
  1526 ;; Parameters:    Size  Location     Type
  1527 ;;  baud_rate       4   56[COMRAM] long 
  1528 ;; Auto vars:     Size  Location     Type
  1529 ;;  bps             4   64[COMRAM] float 
  1530 ;; Return value:  Size  Location     Type
  1531 ;;                  1    wreg      void 
  1532 ;; Registers used:
  1533 ;;		wreg, status,2, status,0, cstack
  1534 ;; Tracked objects:
  1535 ;;		On entry : 0/0
  1536 ;;		On exit  : 0/0
  1537 ;;		Unchanged: 0/0
  1538 ;; Data sizes:     COMRAM   BANK0   BANK1   BANK2   BANK3   BANK4   BANK5   BANK6   BANK7
  1539 ;;      Params:         4       0       0       0       0       0       0       0       0
  1540 ;;      Locals:         4       0       0       0       0       0       0       0       0
  1541 ;;      Temps:          4       0       0       0       0       0       0       0       0
  1542 ;;      Totals:        12       0       0       0       0       0       0       0       0
  1543 ;;Total ram usage:       12 bytes
  1544 ;; Hardware stack levels used: 1
  1545 ;; Hardware stack levels required when called: 3
  1546 ;; This function calls:
  1547 ;;		___fladd
  1548 ;;		___fldiv
  1549 ;;		___fltol
  1550 ;;		___xxtofl
  1551 ;; This function is called by:
  1552 ;;		_main
  1553 ;; This function uses a non-reentrant model
  1554 ;;
  1555                           
  1556                           	psect	text3
  1557   001C6A                     __ptext3:
  1558                           	callstack 0
  1559   001C6A                     _UART_Initial:
  1560                           	callstack 27
  1561   001C6A                     
  1562                           ;Codigo_Practica6_Parte3.c: 367:     float bps;;Codigo_Practica6_Parte3.c: 368:     TRIS
      +                          Cbits.RC6=1;
  1563   001C6A  8C94               	bsf	148,6,c	;volatile
  1564                           
  1565                           ;Codigo_Practica6_Parte3.c: 369:     TRISCbits.RC7=1;
  1566   001C6C  8E94               	bsf	148,7,c	;volatile
  1567   001C6E                     
  1568                           ;Codigo_Practica6_Parte3.c: 370:     bps = (( (float) 48000000 / (float) (64*baud_rate))
      +                           - 1);
  1569   001C6E  C039  F03D         	movff	UART_Initial@baud_rate,??_UART_Initial
  1570   001C72  C03A  F03E         	movff	UART_Initial@baud_rate+1,??_UART_Initial+1
  1571   001C76  C03B  F03F         	movff	UART_Initial@baud_rate+2,??_UART_Initial+2
  1572   001C7A  C03C  F040         	movff	UART_Initial@baud_rate+3,??_UART_Initial+3
  1573   001C7E  0E06               	movlw	6
  1574   001C80                     u2175:
  1575   001C80  90D8               	bcf	status,0,c
  1576   001C82  363D               	rlcf	??_UART_Initial^0,f,c
  1577   001C84  363E               	rlcf	(??_UART_Initial+1)^0,f,c
  1578   001C86  363F               	rlcf	(??_UART_Initial+2)^0,f,c
  1579   001C88  3640               	rlcf	(??_UART_Initial+3)^0,f,c
  1580   001C8A  2EE8               	decfsz	wreg,f,c
  1581   001C8C  EF40  F00E         	goto	u2175
  1582   001C90  C03D  F002         	movff	??_UART_Initial,___xxtofl@val
  1583   001C94  C03E  F003         	movff	??_UART_Initial+1,___xxtofl@val+1
  1584   001C98  C03F  F004         	movff	??_UART_Initial+2,___xxtofl@val+2
  1585   001C9C  C040  F005         	movff	??_UART_Initial+3,___xxtofl@val+3
  1586   001CA0  0E01               	movlw	1
  1587   001CA2  ECD9  F00B         	call	___xxtofl
  1588   001CA6  C002  F014         	movff	?___xxtofl,___fldiv@a
  1589   001CAA  C003  F015         	movff	?___xxtofl+1,___fldiv@a+1
  1590   001CAE  C004  F016         	movff	?___xxtofl+2,___fldiv@a+2
  1591   001CB2  C005  F017         	movff	?___xxtofl+3,___fldiv@a+3
  1592   001CB6  0E00               	movlw	0
  1593   001CB8  6E10               	movwf	___fldiv@b^0,c
  1594   001CBA  0E1B               	movlw	27
  1595   001CBC  6E11               	movwf	(___fldiv@b+1)^0,c
  1596   001CBE  0E37               	movlw	55
  1597   001CC0  6E12               	movwf	(___fldiv@b+2)^0,c
  1598   001CC2  0E4C               	movlw	76
  1599   001CC4  6E13               	movwf	(___fldiv@b+3)^0,c
  1600   001CC6  EC1F  F009         	call	___fldiv	;wreg free
  1601   001CCA  C010  F029         	movff	?___fldiv,___fladd@b
  1602   001CCE  C011  F02A         	movff	?___fldiv+1,___fladd@b+1
  1603   001CD2  C012  F02B         	movff	?___fldiv+2,___fladd@b+2
  1604   001CD6  C013  F02C         	movff	?___fldiv+3,___fladd@b+3
  1605   001CDA  0E00               	movlw	0
  1606   001CDC  6E2D               	movwf	___fladd@a^0,c
  1607   001CDE  0E00               	movlw	0
  1608   001CE0  6E2E               	movwf	(___fladd@a+1)^0,c
  1609   001CE2  0E80               	movlw	128
  1610   001CE4  6E2F               	movwf	(___fladd@a+2)^0,c
  1611   001CE6  0EBF               	movlw	191
  1612   001CE8  6E30               	movwf	(___fladd@a+3)^0,c
  1613   001CEA  ECBF  F006         	call	___fladd	;wreg free
  1614   001CEE  C029  F041         	movff	?___fladd,UART_Initial@bps
  1615   001CF2  C02A  F042         	movff	?___fladd+1,UART_Initial@bps+1
  1616   001CF6  C02B  F043         	movff	?___fladd+2,UART_Initial@bps+2
  1617   001CFA  C02C  F044         	movff	?___fladd+3,UART_Initial@bps+3
  1618                           
  1619                           ;Codigo_Practica6_Parte3.c: 371:     SPBRG=(int)bps;
  1620   001CFE  C041  F002         	movff	UART_Initial@bps,___fltol@f1
  1621   001D02  C042  F003         	movff	UART_Initial@bps+1,___fltol@f1+1
  1622   001D06  C043  F004         	movff	UART_Initial@bps+2,___fltol@f1+2
  1623   001D0A  C044  F005         	movff	UART_Initial@bps+3,___fltol@f1+3
  1624   001D0E  ECB3  F00C         	call	___fltol	;wreg free
  1625   001D12  5002               	movf	?___fltol^0,w,c
  1626   001D14  6EAF               	movwf	175,c	;volatile
  1627   001D16                     
  1628                           ;Codigo_Practica6_Parte3.c: 372:     TXSTAbits.CSRC = 0;
  1629   001D16  9EAC               	bcf	172,7,c	;volatile
  1630   001D18                     
  1631                           ;Codigo_Practica6_Parte3.c: 373:     TXSTAbits.TX9 = 0;
  1632   001D18  9CAC               	bcf	172,6,c	;volatile
  1633   001D1A                     
  1634                           ;Codigo_Practica6_Parte3.c: 374:     TXSTAbits.TXEN = 1;
  1635   001D1A  8AAC               	bsf	172,5,c	;volatile
  1636   001D1C                     
  1637                           ;Codigo_Practica6_Parte3.c: 375:     TXSTAbits.SYNC = 0;
  1638   001D1C  98AC               	bcf	172,4,c	;volatile
  1639   001D1E                     
  1640                           ;Codigo_Practica6_Parte3.c: 376:     TXSTAbits.BRGH = 0;
  1641   001D1E  94AC               	bcf	172,2,c	;volatile
  1642   001D20                     
  1643                           ;Codigo_Practica6_Parte3.c: 377:     BAUDCONbits.BRG16 = 0;
  1644   001D20  96B8               	bcf	184,3,c	;volatile
  1645   001D22                     
  1646                           ;Codigo_Practica6_Parte3.c: 378:     RCSTA = 0x90;
  1647   001D22  0E90               	movlw	144
  1648   001D24  6EAB               	movwf	171,c	;volatile
  1649   001D26  0012               	return		;funcret
  1650   001D28                     __end_of_UART_Initial:
  1651                           	callstack 0
  1652                           
  1653 ;; *************** function ___xxtofl *****************
  1654 ;; Defined at:
  1655 ;;		line 10 in file "C:\Program Files\Microchip\xc8\v2.45\pic\sources\c99\common\xxtofl.c"
  1656 ;; Parameters:    Size  Location     Type
  1657 ;;  sign            1    wreg     unsigned char 
  1658 ;;  val             4    1[COMRAM] long 
  1659 ;; Auto vars:     Size  Location     Type
  1660 ;;  sign            1    9[COMRAM] unsigned char 
  1661 ;;  arg             4   11[COMRAM] unsigned long 
  1662 ;;  exp             1   10[COMRAM] unsigned char 
  1663 ;; Return value:  Size  Location     Type
  1664 ;;                  4    1[COMRAM] unsigned char 
  1665 ;; Registers used:
  1666 ;;		wreg, status,2, status,0
  1667 ;; Tracked objects:
  1668 ;;		On entry : 0/0
  1669 ;;		On exit  : 0/0
  1670 ;;		Unchanged: 0/0
  1671 ;; Data sizes:     COMRAM   BANK0   BANK1   BANK2   BANK3   BANK4   BANK5   BANK6   BANK7
  1672 ;;      Params:         4       0       0       0       0       0       0       0       0
  1673 ;;      Locals:         6       0       0       0       0       0       0       0       0
  1674 ;;      Temps:          4       0       0       0       0       0       0       0       0
  1675 ;;      Totals:        14       0       0       0       0       0       0       0       0
  1676 ;;Total ram usage:       14 bytes
  1677 ;; Hardware stack levels used: 1
  1678 ;; Hardware stack levels required when called: 2
  1679 ;; This function calls:
  1680 ;;		Nothing
  1681 ;; This function is called by:
  1682 ;;		_UART_Initial
  1683 ;; This function uses a non-reentrant model
  1684 ;;
  1685                           
  1686                           	psect	text4
  1687   0017B2                     __ptext4:
  1688                           	callstack 0
  1689   0017B2                     ___xxtofl:
  1690                           	callstack 27
  1691                           
  1692                           ;incstack = 0
  1693                           ;___xxtofl@sign stored from wreg
  1694   0017B2  6E0A               	movwf	___xxtofl@sign^0,c
  1695   0017B4  500A               	movf	___xxtofl@sign^0,w,c
  1696   0017B6  B4D8               	btfsc	status,2,c
  1697   0017B8  EFE0  F00B         	goto	u2011
  1698   0017BC  EFE2  F00B         	goto	u2010
  1699   0017C0                     u2011:
  1700   0017C0  EF04  F00C         	goto	l901
  1701   0017C4                     u2010:
  1702   0017C4  BE05               	btfsc	(___xxtofl@val+3)^0,7,c
  1703   0017C6  EFE9  F00B         	goto	u2020
  1704   0017CA  EFE7  F00B         	goto	u2021
  1705   0017CE                     u2021:
  1706   0017CE  EF04  F00C         	goto	l901
  1707   0017D2                     u2020:
  1708   0017D2  C002  F006         	movff	___xxtofl@val,??___xxtofl
  1709   0017D6  C003  F007         	movff	___xxtofl@val+1,??___xxtofl+1
  1710   0017DA  C004  F008         	movff	___xxtofl@val+2,??___xxtofl+2
  1711   0017DE  C005  F009         	movff	___xxtofl@val+3,??___xxtofl+3
  1712   0017E2  1E06               	comf	??___xxtofl^0,f,c
  1713   0017E4  1E07               	comf	(??___xxtofl+1)^0,f,c
  1714   0017E6  1E08               	comf	(??___xxtofl+2)^0,f,c
  1715   0017E8  1E09               	comf	(??___xxtofl+3)^0,f,c
  1716   0017EA  2A06               	incf	??___xxtofl^0,f,c
  1717   0017EC  0E00               	movlw	0
  1718   0017EE  2207               	addwfc	(??___xxtofl+1)^0,f,c
  1719   0017F0  2208               	addwfc	(??___xxtofl+2)^0,f,c
  1720   0017F2  2209               	addwfc	(??___xxtofl+3)^0,f,c
  1721   0017F4  C006  F00C         	movff	??___xxtofl,___xxtofl@arg
  1722   0017F8  C007  F00D         	movff	??___xxtofl+1,___xxtofl@arg+1
  1723   0017FC  C008  F00E         	movff	??___xxtofl+2,___xxtofl@arg+2
  1724   001800  C009  F00F         	movff	??___xxtofl+3,___xxtofl@arg+3
  1725   001804  EF0C  F00C         	goto	l2401
  1726   001808                     l901:
  1727   001808  C002  F00C         	movff	___xxtofl@val,___xxtofl@arg
  1728   00180C  C003  F00D         	movff	___xxtofl@val+1,___xxtofl@arg+1
  1729   001810  C004  F00E         	movff	___xxtofl@val+2,___xxtofl@arg+2
  1730   001814  C005  F00F         	movff	___xxtofl@val+3,___xxtofl@arg+3
  1731   001818                     l2401:
  1732   001818  5002               	movf	___xxtofl@val^0,w,c
  1733   00181A  1003               	iorwf	(___xxtofl@val+1)^0,w,c
  1734   00181C  1004               	iorwf	(___xxtofl@val+2)^0,w,c
  1735   00181E  1005               	iorwf	(___xxtofl@val+3)^0,w,c
  1736   001820  A4D8               	btfss	status,2,c
  1737   001822  EF15  F00C         	goto	u2031
  1738   001826  EF17  F00C         	goto	u2030
  1739   00182A                     u2031:
  1740   00182A  EF21  F00C         	goto	l2407
  1741   00182E                     u2030:
  1742   00182E  0E00               	movlw	0
  1743   001830  6E02               	movwf	?___xxtofl^0,c
  1744   001832  0E00               	movlw	0
  1745   001834  6E03               	movwf	(?___xxtofl+1)^0,c
  1746   001836  0E00               	movlw	0
  1747   001838  6E04               	movwf	(?___xxtofl+2)^0,c
  1748   00183A  0E00               	movlw	0
  1749   00183C  6E05               	movwf	(?___xxtofl+3)^0,c
  1750   00183E  EFB2  F00C         	goto	l904
  1751   001842                     l2407:
  1752   001842  0E96               	movlw	150
  1753   001844  6E0B               	movwf	___xxtofl@exp^0,c
  1754   001846  EF2B  F00C         	goto	l2411
  1755   00184A                     l2409:
  1756   00184A  2A0B               	incf	___xxtofl@exp^0,f,c
  1757   00184C  90D8               	bcf	status,0,c
  1758   00184E  320F               	rrcf	(___xxtofl@arg+3)^0,f,c
  1759   001850  320E               	rrcf	(___xxtofl@arg+2)^0,f,c
  1760   001852  320D               	rrcf	(___xxtofl@arg+1)^0,f,c
  1761   001854  320C               	rrcf	___xxtofl@arg^0,f,c
  1762   001856                     l2411:
  1763   001856  0E00               	movlw	0
  1764   001858  140C               	andwf	___xxtofl@arg^0,w,c
  1765   00185A  6E06               	movwf	??___xxtofl^0,c
  1766   00185C  0E00               	movlw	0
  1767   00185E  140D               	andwf	(___xxtofl@arg+1)^0,w,c
  1768   001860  6E07               	movwf	(??___xxtofl+1)^0,c
  1769   001862  0E00               	movlw	0
  1770   001864  140E               	andwf	(___xxtofl@arg+2)^0,w,c
  1771   001866  6E08               	movwf	(??___xxtofl+2)^0,c
  1772   001868  0EFE               	movlw	254
  1773   00186A  140F               	andwf	(___xxtofl@arg+3)^0,w,c
  1774   00186C  6E09               	movwf	(??___xxtofl+3)^0,c
  1775   00186E  5006               	movf	??___xxtofl^0,w,c
  1776   001870  1007               	iorwf	(??___xxtofl+1)^0,w,c
  1777   001872  1008               	iorwf	(??___xxtofl+2)^0,w,c
  1778   001874  1009               	iorwf	(??___xxtofl+3)^0,w,c
  1779   001876  A4D8               	btfss	status,2,c
  1780   001878  EF40  F00C         	goto	u2041
  1781   00187C  EF42  F00C         	goto	u2040
  1782   001880                     u2041:
  1783   001880  EF25  F00C         	goto	l2409
  1784   001884                     u2040:
  1785   001884  EF50  F00C         	goto	l908
  1786   001888                     l2413:
  1787   001888  2A0B               	incf	___xxtofl@exp^0,f,c
  1788   00188A  0E01               	movlw	1
  1789   00188C  260C               	addwf	___xxtofl@arg^0,f,c
  1790   00188E  0E00               	movlw	0
  1791   001890  220D               	addwfc	(___xxtofl@arg+1)^0,f,c
  1792   001892  220E               	addwfc	(___xxtofl@arg+2)^0,f,c
  1793   001894  220F               	addwfc	(___xxtofl@arg+3)^0,f,c
  1794   001896  90D8               	bcf	status,0,c
  1795   001898  320F               	rrcf	(___xxtofl@arg+3)^0,f,c
  1796   00189A  320E               	rrcf	(___xxtofl@arg+2)^0,f,c
  1797   00189C  320D               	rrcf	(___xxtofl@arg+1)^0,f,c
  1798   00189E  320C               	rrcf	___xxtofl@arg^0,f,c
  1799   0018A0                     l908:
  1800   0018A0  0E00               	movlw	0
  1801   0018A2  140C               	andwf	___xxtofl@arg^0,w,c
  1802   0018A4  6E06               	movwf	??___xxtofl^0,c
  1803   0018A6  0E00               	movlw	0
  1804   0018A8  140D               	andwf	(___xxtofl@arg+1)^0,w,c
  1805   0018AA  6E07               	movwf	(??___xxtofl+1)^0,c
  1806   0018AC  0E00               	movlw	0
  1807   0018AE  140E               	andwf	(___xxtofl@arg+2)^0,w,c
  1808   0018B0  6E08               	movwf	(??___xxtofl+2)^0,c
  1809   0018B2  0EFF               	movlw	255
  1810   0018B4  140F               	andwf	(___xxtofl@arg+3)^0,w,c
  1811   0018B6  6E09               	movwf	(??___xxtofl+3)^0,c
  1812   0018B8  5006               	movf	??___xxtofl^0,w,c
  1813   0018BA  1007               	iorwf	(??___xxtofl+1)^0,w,c
  1814   0018BC  1008               	iorwf	(??___xxtofl+2)^0,w,c
  1815   0018BE  1009               	iorwf	(??___xxtofl+3)^0,w,c
  1816   0018C0  A4D8               	btfss	status,2,c
  1817   0018C2  EF65  F00C         	goto	u2051
  1818   0018C6  EF67  F00C         	goto	u2050
  1819   0018CA                     u2051:
  1820   0018CA  EF44  F00C         	goto	l2413
  1821   0018CE                     u2050:
  1822   0018CE  EF6F  F00C         	goto	l2421
  1823   0018D2                     l2419:
  1824   0018D2  060B               	decf	___xxtofl@exp^0,f,c
  1825   0018D4  90D8               	bcf	status,0,c
  1826   0018D6  360C               	rlcf	___xxtofl@arg^0,f,c
  1827   0018D8  360D               	rlcf	(___xxtofl@arg+1)^0,f,c
  1828   0018DA  360E               	rlcf	(___xxtofl@arg+2)^0,f,c
  1829   0018DC  360F               	rlcf	(___xxtofl@arg+3)^0,f,c
  1830   0018DE                     l2421:
  1831   0018DE  BE0E               	btfsc	(___xxtofl@arg+2)^0,7,c
  1832   0018E0  EF74  F00C         	goto	u2061
  1833   0018E4  EF76  F00C         	goto	u2060
  1834   0018E8                     u2061:
  1835   0018E8  EF7E  F00C         	goto	l915
  1836   0018EC                     u2060:
  1837   0018EC  0E02               	movlw	2
  1838   0018EE  600B               	cpfslt	___xxtofl@exp^0,c
  1839   0018F0  EF7C  F00C         	goto	u2071
  1840   0018F4  EF7E  F00C         	goto	u2070
  1841   0018F8                     u2071:
  1842   0018F8  EF69  F00C         	goto	l2419
  1843   0018FC                     u2070:
  1844   0018FC                     l915:
  1845   0018FC  B00B               	btfsc	___xxtofl@exp^0,0,c
  1846   0018FE  EF83  F00C         	goto	u2081
  1847   001902  EF85  F00C         	goto	u2080
  1848   001906                     u2081:
  1849   001906  EF86  F00C         	goto	l2427
  1850   00190A                     u2080:
  1851   00190A  9E0E               	bcf	(___xxtofl@arg+2)^0,7,c
  1852   00190C                     l2427:
  1853   00190C  90D8               	bcf	status,0,c
  1854   00190E  320B               	rrcf	___xxtofl@exp^0,f,c
  1855   001910  C00B  F006         	movff	___xxtofl@exp,??___xxtofl
  1856   001914  6A07               	clrf	(??___xxtofl+1)^0,c
  1857   001916  6A08               	clrf	(??___xxtofl+2)^0,c
  1858   001918  6A09               	clrf	(??___xxtofl+3)^0,c
  1859   00191A  C006  F009         	movff	??___xxtofl,??___xxtofl+3
  1860   00191E  6A08               	clrf	(??___xxtofl+2)^0,c
  1861   001920  6A07               	clrf	(??___xxtofl+1)^0,c
  1862   001922  6A06               	clrf	??___xxtofl^0,c
  1863   001924  5006               	movf	??___xxtofl^0,w,c
  1864   001926  120C               	iorwf	___xxtofl@arg^0,f,c
  1865   001928  5007               	movf	(??___xxtofl+1)^0,w,c
  1866   00192A  120D               	iorwf	(___xxtofl@arg+1)^0,f,c
  1867   00192C  5008               	movf	(??___xxtofl+2)^0,w,c
  1868   00192E  120E               	iorwf	(___xxtofl@arg+2)^0,f,c
  1869   001930  5009               	movf	(??___xxtofl+3)^0,w,c
  1870   001932  120F               	iorwf	(___xxtofl@arg+3)^0,f,c
  1871   001934  500A               	movf	___xxtofl@sign^0,w,c
  1872   001936  B4D8               	btfsc	status,2,c
  1873   001938  EFA0  F00C         	goto	u2091
  1874   00193C  EFA2  F00C         	goto	u2090
  1875   001940                     u2091:
  1876   001940  EFAA  F00C         	goto	l2437
  1877   001944                     u2090:
  1878   001944  BE05               	btfsc	(___xxtofl@val+3)^0,7,c
  1879   001946  EFA9  F00C         	goto	u2100
  1880   00194A  EFA7  F00C         	goto	u2101
  1881   00194E                     u2101:
  1882   00194E  EFAA  F00C         	goto	l2437
  1883   001952                     u2100:
  1884   001952  8E0F               	bsf	(___xxtofl@arg+3)^0,7,c
  1885   001954                     l2437:
  1886   001954  C00C  F002         	movff	___xxtofl@arg,?___xxtofl
  1887   001958  C00D  F003         	movff	___xxtofl@arg+1,?___xxtofl+1
  1888   00195C  C00E  F004         	movff	___xxtofl@arg+2,?___xxtofl+2
  1889   001960  C00F  F005         	movff	___xxtofl@arg+3,?___xxtofl+3
  1890   001964                     l904:
  1891   001964  0012               	return		;funcret
  1892   001966                     __end_of___xxtofl:
  1893                           	callstack 0
  1894                           
  1895 ;; *************** function ___fltol *****************
  1896 ;; Defined at:
  1897 ;;		line 43 in file "C:\Program Files\Microchip\xc8\v2.45\pic\sources\c99\common\fltol.c"
  1898 ;; Parameters:    Size  Location     Type
  1899 ;;  f1              4    1[COMRAM] unsigned char 
  1900 ;; Auto vars:     Size  Location     Type
  1901 ;;  exp1            1   10[COMRAM] unsigned char 
  1902 ;;  sign1           1    9[COMRAM] unsigned char 
  1903 ;; Return value:  Size  Location     Type
  1904 ;;                  4    1[COMRAM] long 
  1905 ;; Registers used:
  1906 ;;		wreg, status,2, status,0
  1907 ;; Tracked objects:
  1908 ;;		On entry : 0/0
  1909 ;;		On exit  : 0/0
  1910 ;;		Unchanged: 0/0
  1911 ;; Data sizes:     COMRAM   BANK0   BANK1   BANK2   BANK3   BANK4   BANK5   BANK6   BANK7
  1912 ;;      Params:         4       0       0       0       0       0       0       0       0
  1913 ;;      Locals:         2       0       0       0       0       0       0       0       0
  1914 ;;      Temps:          4       0       0       0       0       0       0       0       0
  1915 ;;      Totals:        10       0       0       0       0       0       0       0       0
  1916 ;;Total ram usage:       10 bytes
  1917 ;; Hardware stack levels used: 1
  1918 ;; Hardware stack levels required when called: 2
  1919 ;; This function calls:
  1920 ;;		Nothing
  1921 ;; This function is called by:
  1922 ;;		_UART_Initial
  1923 ;; This function uses a non-reentrant model
  1924 ;;
  1925                           
  1926                           	psect	text5
  1927   001966                     __ptext5:
  1928                           	callstack 0
  1929   001966                     ___fltol:
  1930                           	callstack 27
  1931   001966  3404               	rlcf	(___fltol@f1+2)^0,w,c
  1932   001968  3405               	rlcf	(___fltol@f1+3)^0,w,c
  1933   00196A  6E0B               	movwf	___fltol@exp1^0,c
  1934   00196C  500B               	movf	___fltol@exp1^0,w,c
  1935   00196E  A4D8               	btfss	status,2,c
  1936   001970  EFBC  F00C         	goto	u1941
  1937   001974  EFBE  F00C         	goto	u1940
  1938   001978                     u1941:
  1939   001978  EFC8  F00C         	goto	l2357
  1940   00197C                     u1940:
  1941   00197C                     l2353:
  1942   00197C  0E00               	movlw	0
  1943   00197E  6E02               	movwf	?___fltol^0,c
  1944   001980  0E00               	movlw	0
  1945   001982  6E03               	movwf	(?___fltol+1)^0,c
  1946   001984  0E00               	movlw	0
  1947   001986  6E04               	movwf	(?___fltol+2)^0,c
  1948   001988  0E00               	movlw	0
  1949   00198A  6E05               	movwf	(?___fltol+3)^0,c
  1950   00198C  EF35  F00D         	goto	l543
  1951   001990                     l2357:
  1952   001990  C002  F006         	movff	___fltol@f1,??___fltol
  1953   001994  C003  F007         	movff	___fltol@f1+1,??___fltol+1
  1954   001998  C004  F008         	movff	___fltol@f1+2,??___fltol+2
  1955   00199C  C005  F009         	movff	___fltol@f1+3,??___fltol+3
  1956   0019A0  0E20               	movlw	32
  1957   0019A2  EFD8  F00C         	goto	u1950
  1958   0019A6                     u1955:
  1959   0019A6  90D8               	bcf	status,0,c
  1960   0019A8  3209               	rrcf	(??___fltol+3)^0,f,c
  1961   0019AA  3208               	rrcf	(??___fltol+2)^0,f,c
  1962   0019AC  3207               	rrcf	(??___fltol+1)^0,f,c
  1963   0019AE  3206               	rrcf	??___fltol^0,f,c
  1964   0019B0                     u1950:
  1965   0019B0  2EE8               	decfsz	wreg,f,c
  1966   0019B2  EFD3  F00C         	goto	u1955
  1967   0019B6  5006               	movf	??___fltol^0,w,c
  1968   0019B8  6E0A               	movwf	___fltol@sign1^0,c
  1969   0019BA  8E04               	bsf	(___fltol@f1+2)^0,7,c
  1970   0019BC  0EFF               	movlw	255
  1971   0019BE  1602               	andwf	___fltol@f1^0,f,c
  1972   0019C0  0EFF               	movlw	255
  1973   0019C2  1603               	andwf	(___fltol@f1+1)^0,f,c
  1974   0019C4  0EFF               	movlw	255
  1975   0019C6  1604               	andwf	(___fltol@f1+2)^0,f,c
  1976   0019C8  0E00               	movlw	0
  1977   0019CA  1605               	andwf	(___fltol@f1+3)^0,f,c
  1978   0019CC  0E96               	movlw	150
  1979   0019CE  5E0B               	subwf	___fltol@exp1^0,f,c
  1980   0019D0  BE0B               	btfsc	___fltol@exp1^0,7,c
  1981   0019D2  EFEF  F00C         	goto	u1960
  1982   0019D6  EFED  F00C         	goto	u1961
  1983   0019DA                     u1961:
  1984   0019DA  EF05  F00D         	goto	l2377
  1985   0019DE                     u1960:
  1986   0019DE  500B               	movf	___fltol@exp1^0,w,c
  1987   0019E0  0A80               	xorlw	128
  1988   0019E2  0F97               	addlw	151
  1989   0019E4  B0D8               	btfsc	status,0,c
  1990   0019E6  EFF7  F00C         	goto	u1971
  1991   0019EA  EFF9  F00C         	goto	u1970
  1992   0019EE                     u1971:
  1993   0019EE  EFFB  F00C         	goto	l2373
  1994   0019F2                     u1970:
  1995   0019F2  EFBE  F00C         	goto	l2353
  1996   0019F6                     l2373:
  1997   0019F6  90D8               	bcf	status,0,c
  1998   0019F8  3205               	rrcf	(___fltol@f1+3)^0,f,c
  1999   0019FA  3204               	rrcf	(___fltol@f1+2)^0,f,c
  2000   0019FC  3203               	rrcf	(___fltol@f1+1)^0,f,c
  2001   0019FE  3202               	rrcf	___fltol@f1^0,f,c
  2002   001A00  3E0B               	incfsz	___fltol@exp1^0,f,c
  2003   001A02  EFFB  F00C         	goto	l2373
  2004   001A06  EF1D  F00D         	goto	l2387
  2005   001A0A                     l2377:
  2006   001A0A  0E1F               	movlw	31
  2007   001A0C  640B               	cpfsgt	___fltol@exp1^0,c
  2008   001A0E  EF0B  F00D         	goto	u1981
  2009   001A12  EF0D  F00D         	goto	u1980
  2010   001A16                     u1981:
  2011   001A16  EF15  F00D         	goto	l2385
  2012   001A1A                     u1980:
  2013   001A1A  EFBE  F00C         	goto	l2353
  2014   001A1E                     l2383:
  2015   001A1E  90D8               	bcf	status,0,c
  2016   001A20  3602               	rlcf	___fltol@f1^0,f,c
  2017   001A22  3603               	rlcf	(___fltol@f1+1)^0,f,c
  2018   001A24  3604               	rlcf	(___fltol@f1+2)^0,f,c
  2019   001A26  3605               	rlcf	(___fltol@f1+3)^0,f,c
  2020   001A28  060B               	decf	___fltol@exp1^0,f,c
  2021   001A2A                     l2385:
  2022   001A2A  500B               	movf	___fltol@exp1^0,w,c
  2023   001A2C  A4D8               	btfss	status,2,c
  2024   001A2E  EF1B  F00D         	goto	u1991
  2025   001A32  EF1D  F00D         	goto	u1990
  2026   001A36                     u1991:
  2027   001A36  EF0F  F00D         	goto	l2383
  2028   001A3A                     u1990:
  2029   001A3A                     l2387:
  2030   001A3A  500A               	movf	___fltol@sign1^0,w,c
  2031   001A3C  B4D8               	btfsc	status,2,c
  2032   001A3E  EF23  F00D         	goto	u2001
  2033   001A42  EF25  F00D         	goto	u2000
  2034   001A46                     u2001:
  2035   001A46  EF2D  F00D         	goto	l2391
  2036   001A4A                     u2000:
  2037   001A4A  1E05               	comf	(___fltol@f1+3)^0,f,c
  2038   001A4C  1E04               	comf	(___fltol@f1+2)^0,f,c
  2039   001A4E  1E03               	comf	(___fltol@f1+1)^0,f,c
  2040   001A50  6C02               	negf	___fltol@f1^0,c
  2041   001A52  0E00               	movlw	0
  2042   001A54  2203               	addwfc	(___fltol@f1+1)^0,f,c
  2043   001A56  2204               	addwfc	(___fltol@f1+2)^0,f,c
  2044   001A58  2205               	addwfc	(___fltol@f1+3)^0,f,c
  2045   001A5A                     l2391:
  2046   001A5A  C002  F002         	movff	___fltol@f1,?___fltol
  2047   001A5E  C003  F003         	movff	___fltol@f1+1,?___fltol+1
  2048   001A62  C004  F004         	movff	___fltol@f1+2,?___fltol+2
  2049   001A66  C005  F005         	movff	___fltol@f1+3,?___fltol+3
  2050   001A6A                     l543:
  2051   001A6A  0012               	return		;funcret
  2052   001A6C                     __end_of___fltol:
  2053                           	callstack 0
  2054                           
  2055 ;; *************** function ___fldiv *****************
  2056 ;; Defined at:
  2057 ;;		line 11 in file "C:\Program Files\Microchip\xc8\v2.45\pic\sources\c99\common\sprcdiv.c"
  2058 ;; Parameters:    Size  Location     Type
  2059 ;;  b               4   15[COMRAM] long 
  2060 ;;  a               4   19[COMRAM] long 
  2061 ;; Auto vars:     Size  Location     Type
  2062 ;;  grs             4   34[COMRAM] unsigned long 
  2063 ;;  rem             4   27[COMRAM] unsigned long 
  2064 ;;  new_exp         2   32[COMRAM] short 
  2065 ;;  aexp            1   39[COMRAM] unsigned char 
  2066 ;;  bexp            1   38[COMRAM] unsigned char 
  2067 ;;  sign            1   31[COMRAM] unsigned char 
  2068 ;; Return value:  Size  Location     Type
  2069 ;;                  4   15[COMRAM] unsigned char 
  2070 ;; Registers used:
  2071 ;;		wreg, status,2, status,0
  2072 ;; Tracked objects:
  2073 ;;		On entry : 0/0
  2074 ;;		On exit  : 0/0
  2075 ;;		Unchanged: 0/0
  2076 ;; Data sizes:     COMRAM   BANK0   BANK1   BANK2   BANK3   BANK4   BANK5   BANK6   BANK7
  2077 ;;      Params:         8       0       0       0       0       0       0       0       0
  2078 ;;      Locals:        13       0       0       0       0       0       0       0       0
  2079 ;;      Temps:          4       0       0       0       0       0       0       0       0
  2080 ;;      Totals:        25       0       0       0       0       0       0       0       0
  2081 ;;Total ram usage:       25 bytes
  2082 ;; Hardware stack levels used: 1
  2083 ;; Hardware stack levels required when called: 2
  2084 ;; This function calls:
  2085 ;;		Nothing
  2086 ;; This function is called by:
  2087 ;;		_UART_Initial
  2088 ;; This function uses a non-reentrant model
  2089 ;;
  2090                           
  2091                           	psect	text6
  2092   00123E                     __ptext6:
  2093                           	callstack 0
  2094   00123E                     ___fldiv:
  2095                           	callstack 27
  2096   00123E  5013               	movf	(___fldiv@b+3)^0,w,c
  2097   001240  0B80               	andlw	128
  2098   001242  6E20               	movwf	___fldiv@sign^0,c
  2099   001244  5013               	movf	(___fldiv@b+3)^0,w,c
  2100   001246  2413               	addwf	(___fldiv@b+3)^0,w,c
  2101   001248  6E27               	movwf	___fldiv@bexp^0,c
  2102   00124A  AE12               	btfss	(___fldiv@b+2)^0,7,c
  2103   00124C  EF2A  F009         	goto	u1711
  2104   001250  EF2C  F009         	goto	u1710
  2105   001254                     u1711:
  2106   001254  EF2D  F009         	goto	l2219
  2107   001258                     u1710:
  2108   001258  8027               	bsf	___fldiv@bexp^0,0,c
  2109   00125A                     l2219:
  2110   00125A  5027               	movf	___fldiv@bexp^0,w,c
  2111   00125C  B4D8               	btfsc	status,2,c
  2112   00125E  EF33  F009         	goto	u1721
  2113   001262  EF35  F009         	goto	u1720
  2114   001266                     u1721:
  2115   001266  EF4A  F009         	goto	l2229
  2116   00126A                     u1720:
  2117   00126A  2827               	incf	___fldiv@bexp^0,w,c
  2118   00126C  A4D8               	btfss	status,2,c
  2119   00126E  EF3B  F009         	goto	u1731
  2120   001272  EF3D  F009         	goto	u1730
  2121   001276                     u1731:
  2122   001276  EF45  F009         	goto	l2225
  2123   00127A                     u1730:
  2124   00127A  0E00               	movlw	0
  2125   00127C  6E10               	movwf	___fldiv@b^0,c
  2126   00127E  0E00               	movlw	0
  2127   001280  6E11               	movwf	(___fldiv@b+1)^0,c
  2128   001282  0E00               	movlw	0
  2129   001284  6E12               	movwf	(___fldiv@b+2)^0,c
  2130   001286  0E00               	movlw	0
  2131   001288  6E13               	movwf	(___fldiv@b+3)^0,c
  2132   00128A                     l2225:
  2133   00128A  8E12               	bsf	(___fldiv@b+2)^0,7,c
  2134   00128C  0E00               	movlw	0
  2135   00128E  6E13               	movwf	(___fldiv@b+3)^0,c
  2136   001290  EF52  F009         	goto	l2231
  2137   001294                     l2229:
  2138   001294  0E00               	movlw	0
  2139   001296  6E10               	movwf	___fldiv@b^0,c
  2140   001298  0E00               	movlw	0
  2141   00129A  6E11               	movwf	(___fldiv@b+1)^0,c
  2142   00129C  0E00               	movlw	0
  2143   00129E  6E12               	movwf	(___fldiv@b+2)^0,c
  2144   0012A0  0E00               	movlw	0
  2145   0012A2  6E13               	movwf	(___fldiv@b+3)^0,c
  2146   0012A4                     l2231:
  2147   0012A4  5017               	movf	(___fldiv@a+3)^0,w,c
  2148   0012A6  0B80               	andlw	128
  2149   0012A8  1A20               	xorwf	___fldiv@sign^0,f,c
  2150   0012AA  5017               	movf	(___fldiv@a+3)^0,w,c
  2151   0012AC  2417               	addwf	(___fldiv@a+3)^0,w,c
  2152   0012AE  6E28               	movwf	___fldiv@aexp^0,c
  2153   0012B0  AE16               	btfss	(___fldiv@a+2)^0,7,c
  2154   0012B2  EF5D  F009         	goto	u1741
  2155   0012B6  EF5F  F009         	goto	u1740
  2156   0012BA                     u1741:
  2157   0012BA  EF60  F009         	goto	l2239
  2158   0012BE                     u1740:
  2159   0012BE  8028               	bsf	___fldiv@aexp^0,0,c
  2160   0012C0                     l2239:
  2161   0012C0  5028               	movf	___fldiv@aexp^0,w,c
  2162   0012C2  B4D8               	btfsc	status,2,c
  2163   0012C4  EF66  F009         	goto	u1751
  2164   0012C8  EF68  F009         	goto	u1750
  2165   0012CC                     u1751:
  2166   0012CC  EF7D  F009         	goto	l2249
  2167   0012D0                     u1750:
  2168   0012D0  2828               	incf	___fldiv@aexp^0,w,c
  2169   0012D2  A4D8               	btfss	status,2,c
  2170   0012D4  EF6E  F009         	goto	u1761
  2171   0012D8  EF70  F009         	goto	u1760
  2172   0012DC                     u1761:
  2173   0012DC  EF78  F009         	goto	l2245
  2174   0012E0                     u1760:
  2175   0012E0  0E00               	movlw	0
  2176   0012E2  6E14               	movwf	___fldiv@a^0,c
  2177   0012E4  0E00               	movlw	0
  2178   0012E6  6E15               	movwf	(___fldiv@a+1)^0,c
  2179   0012E8  0E00               	movlw	0
  2180   0012EA  6E16               	movwf	(___fldiv@a+2)^0,c
  2181   0012EC  0E00               	movlw	0
  2182   0012EE  6E17               	movwf	(___fldiv@a+3)^0,c
  2183   0012F0                     l2245:
  2184   0012F0  8E16               	bsf	(___fldiv@a+2)^0,7,c
  2185   0012F2  0E00               	movlw	0
  2186   0012F4  6E17               	movwf	(___fldiv@a+3)^0,c
  2187   0012F6  EF85  F009         	goto	l2251
  2188   0012FA                     l2249:
  2189   0012FA  0E00               	movlw	0
  2190   0012FC  6E14               	movwf	___fldiv@a^0,c
  2191   0012FE  0E00               	movlw	0
  2192   001300  6E15               	movwf	(___fldiv@a+1)^0,c
  2193   001302  0E00               	movlw	0
  2194   001304  6E16               	movwf	(___fldiv@a+2)^0,c
  2195   001306  0E00               	movlw	0
  2196   001308  6E17               	movwf	(___fldiv@a+3)^0,c
  2197   00130A                     l2251:
  2198   00130A  5014               	movf	___fldiv@a^0,w,c
  2199   00130C  1015               	iorwf	(___fldiv@a+1)^0,w,c
  2200   00130E  1016               	iorwf	(___fldiv@a+2)^0,w,c
  2201   001310  1017               	iorwf	(___fldiv@a+3)^0,w,c
  2202   001312  A4D8               	btfss	status,2,c
  2203   001314  EF8E  F009         	goto	u1771
  2204   001318  EF90  F009         	goto	u1770
  2205   00131C                     u1771:
  2206   00131C  EFA8  F009         	goto	l2263
  2207   001320                     u1770:
  2208   001320  0E00               	movlw	0
  2209   001322  6E10               	movwf	___fldiv@b^0,c
  2210   001324  0E00               	movlw	0
  2211   001326  6E11               	movwf	(___fldiv@b+1)^0,c
  2212   001328  0E00               	movlw	0
  2213   00132A  6E12               	movwf	(___fldiv@b+2)^0,c
  2214   00132C  0E00               	movlw	0
  2215   00132E  6E13               	movwf	(___fldiv@b+3)^0,c
  2216   001330  0E80               	movlw	128
  2217   001332  1212               	iorwf	(___fldiv@b+2)^0,f,c
  2218   001334  0E7F               	movlw	127
  2219   001336  1213               	iorwf	(___fldiv@b+3)^0,f,c
  2220   001338                     l2257:
  2221   001338  5020               	movf	___fldiv@sign^0,w,c
  2222   00133A  1213               	iorwf	(___fldiv@b+3)^0,f,c
  2223   00133C  C010  F010         	movff	___fldiv@b,?___fldiv
  2224   001340  C011  F011         	movff	___fldiv@b+1,?___fldiv+1
  2225   001344  C012  F012         	movff	___fldiv@b+2,?___fldiv+2
  2226   001348  C013  F013         	movff	___fldiv@b+3,?___fldiv+3
  2227   00134C  EFEB  F00A         	goto	l828
  2228   001350                     l2263:
  2229   001350  5027               	movf	___fldiv@bexp^0,w,c
  2230   001352  A4D8               	btfss	status,2,c
  2231   001354  EFAE  F009         	goto	u1781
  2232   001358  EFB0  F009         	goto	u1780
  2233   00135C                     u1781:
  2234   00135C  EFBA  F009         	goto	l2271
  2235   001360                     u1780:
  2236   001360  0E00               	movlw	0
  2237   001362  6E10               	movwf	?___fldiv^0,c
  2238   001364  0E00               	movlw	0
  2239   001366  6E11               	movwf	(?___fldiv+1)^0,c
  2240   001368  0E00               	movlw	0
  2241   00136A  6E12               	movwf	(?___fldiv+2)^0,c
  2242   00136C  0E00               	movlw	0
  2243   00136E  6E13               	movwf	(?___fldiv+3)^0,c
  2244   001370  EFEB  F00A         	goto	l828
  2245   001374                     l2271:
  2246   001374  5028               	movf	___fldiv@aexp^0,w,c
  2247   001376  C027  F018         	movff	___fldiv@bexp,??___fldiv
  2248   00137A  6A19               	clrf	(??___fldiv+1)^0,c
  2249   00137C  5E18               	subwf	??___fldiv^0,f,c
  2250   00137E  0E00               	movlw	0
  2251   001380  5A19               	subwfb	(??___fldiv+1)^0,f,c
  2252   001382  0E7F               	movlw	127
  2253   001384  2418               	addwf	??___fldiv^0,w,c
  2254   001386  6E21               	movwf	___fldiv@new_exp^0,c
  2255   001388  0E00               	movlw	0
  2256   00138A  2019               	addwfc	(??___fldiv+1)^0,w,c
  2257   00138C  6E22               	movwf	(___fldiv@new_exp+1)^0,c
  2258   00138E  C010  F01C         	movff	___fldiv@b,___fldiv@rem
  2259   001392  C011  F01D         	movff	___fldiv@b+1,___fldiv@rem+1
  2260   001396  C012  F01E         	movff	___fldiv@b+2,___fldiv@rem+2
  2261   00139A  C013  F01F         	movff	___fldiv@b+3,___fldiv@rem+3
  2262   00139E  0E00               	movlw	0
  2263   0013A0  6E10               	movwf	___fldiv@b^0,c
  2264   0013A2  0E00               	movlw	0
  2265   0013A4  6E11               	movwf	(___fldiv@b+1)^0,c
  2266   0013A6  0E00               	movlw	0
  2267   0013A8  6E12               	movwf	(___fldiv@b+2)^0,c
  2268   0013AA  0E00               	movlw	0
  2269   0013AC  6E13               	movwf	(___fldiv@b+3)^0,c
  2270   0013AE  0E00               	movlw	0
  2271   0013B0  6E23               	movwf	___fldiv@grs^0,c
  2272   0013B2  0E00               	movlw	0
  2273   0013B4  6E24               	movwf	(___fldiv@grs+1)^0,c
  2274   0013B6  0E00               	movlw	0
  2275   0013B8  6E25               	movwf	(___fldiv@grs+2)^0,c
  2276   0013BA  0E00               	movlw	0
  2277   0013BC  6E26               	movwf	(___fldiv@grs+3)^0,c
  2278   0013BE  0E00               	movlw	0
  2279   0013C0  6E28               	movwf	___fldiv@aexp^0,c
  2280   0013C2  EF1B  F00A         	goto	l830
  2281   0013C6                     l2281:
  2282   0013C6  5028               	movf	___fldiv@aexp^0,w,c
  2283   0013C8  B4D8               	btfsc	status,2,c
  2284   0013CA  EFE9  F009         	goto	u1791
  2285   0013CE  EFEB  F009         	goto	u1790
  2286   0013D2                     u1791:
  2287   0013D2  EF02  F00A         	goto	l2289
  2288   0013D6                     u1790:
  2289   0013D6  90D8               	bcf	status,0,c
  2290   0013D8  361C               	rlcf	___fldiv@rem^0,f,c
  2291   0013DA  361D               	rlcf	(___fldiv@rem+1)^0,f,c
  2292   0013DC  361E               	rlcf	(___fldiv@rem+2)^0,f,c
  2293   0013DE  361F               	rlcf	(___fldiv@rem+3)^0,f,c
  2294   0013E0  90D8               	bcf	status,0,c
  2295   0013E2  3610               	rlcf	___fldiv@b^0,f,c
  2296   0013E4  3611               	rlcf	(___fldiv@b+1)^0,f,c
  2297   0013E6  3612               	rlcf	(___fldiv@b+2)^0,f,c
  2298   0013E8  3613               	rlcf	(___fldiv@b+3)^0,f,c
  2299   0013EA  AE26               	btfss	(___fldiv@grs+3)^0,7,c
  2300   0013EC  EFFA  F009         	goto	u1801
  2301   0013F0  EFFC  F009         	goto	u1800
  2302   0013F4                     u1801:
  2303   0013F4  EFFD  F009         	goto	l833
  2304   0013F8                     u1800:
  2305   0013F8  8010               	bsf	___fldiv@b^0,0,c
  2306   0013FA                     l833:
  2307   0013FA  90D8               	bcf	status,0,c
  2308   0013FC  3623               	rlcf	___fldiv@grs^0,f,c
  2309   0013FE  3624               	rlcf	(___fldiv@grs+1)^0,f,c
  2310   001400  3625               	rlcf	(___fldiv@grs+2)^0,f,c
  2311   001402  3626               	rlcf	(___fldiv@grs+3)^0,f,c
  2312   001404                     l2289:
  2313   001404  5014               	movf	___fldiv@a^0,w,c
  2314   001406  5C1C               	subwf	___fldiv@rem^0,w,c
  2315   001408  5015               	movf	(___fldiv@a+1)^0,w,c
  2316   00140A  581D               	subwfb	(___fldiv@rem+1)^0,w,c
  2317   00140C  5016               	movf	(___fldiv@a+2)^0,w,c
  2318   00140E  581E               	subwfb	(___fldiv@rem+2)^0,w,c
  2319   001410  5017               	movf	(___fldiv@a+3)^0,w,c
  2320   001412  581F               	subwfb	(___fldiv@rem+3)^0,w,c
  2321   001414  A0D8               	btfss	status,0,c
  2322   001416  EF0F  F00A         	goto	u1811
  2323   00141A  EF11  F00A         	goto	u1810
  2324   00141E                     u1811:
  2325   00141E  EF1A  F00A         	goto	l2295
  2326   001422                     u1810:
  2327   001422  8C26               	bsf	(___fldiv@grs+3)^0,6,c
  2328   001424  5014               	movf	___fldiv@a^0,w,c
  2329   001426  5E1C               	subwf	___fldiv@rem^0,f,c
  2330   001428  5015               	movf	(___fldiv@a+1)^0,w,c
  2331   00142A  5A1D               	subwfb	(___fldiv@rem+1)^0,f,c
  2332   00142C  5016               	movf	(___fldiv@a+2)^0,w,c
  2333   00142E  5A1E               	subwfb	(___fldiv@rem+2)^0,f,c
  2334   001430  5017               	movf	(___fldiv@a+3)^0,w,c
  2335   001432  5A1F               	subwfb	(___fldiv@rem+3)^0,f,c
  2336   001434                     l2295:
  2337   001434  2A28               	incf	___fldiv@aexp^0,f,c
  2338   001436                     l830:
  2339   001436  0E19               	movlw	25
  2340   001438  6428               	cpfsgt	___fldiv@aexp^0,c
  2341   00143A  EF21  F00A         	goto	u1821
  2342   00143E  EF23  F00A         	goto	u1820
  2343   001442                     u1821:
  2344   001442  EFE3  F009         	goto	l2281
  2345   001446                     u1820:
  2346   001446  501C               	movf	___fldiv@rem^0,w,c
  2347   001448  101D               	iorwf	(___fldiv@rem+1)^0,w,c
  2348   00144A  101E               	iorwf	(___fldiv@rem+2)^0,w,c
  2349   00144C  101F               	iorwf	(___fldiv@rem+3)^0,w,c
  2350   00144E  B4D8               	btfsc	status,2,c
  2351   001450  EF2C  F00A         	goto	u1831
  2352   001454  EF2E  F00A         	goto	u1830
  2353   001458                     u1831:
  2354   001458  EF46  F00A         	goto	l2307
  2355   00145C                     u1830:
  2356   00145C  8023               	bsf	___fldiv@grs^0,0,c
  2357   00145E  EF46  F00A         	goto	l2307
  2358   001462                     l2301:
  2359   001462  90D8               	bcf	status,0,c
  2360   001464  3610               	rlcf	___fldiv@b^0,f,c
  2361   001466  3611               	rlcf	(___fldiv@b+1)^0,f,c
  2362   001468  3612               	rlcf	(___fldiv@b+2)^0,f,c
  2363   00146A  3613               	rlcf	(___fldiv@b+3)^0,f,c
  2364   00146C  AE26               	btfss	(___fldiv@grs+3)^0,7,c
  2365   00146E  EF3B  F00A         	goto	u1841
  2366   001472  EF3D  F00A         	goto	u1840
  2367   001476                     u1841:
  2368   001476  EF3E  F00A         	goto	l839
  2369   00147A                     u1840:
  2370   00147A  8010               	bsf	___fldiv@b^0,0,c
  2371   00147C                     l839:
  2372   00147C  90D8               	bcf	status,0,c
  2373   00147E  3623               	rlcf	___fldiv@grs^0,f,c
  2374   001480  3624               	rlcf	(___fldiv@grs+1)^0,f,c
  2375   001482  3625               	rlcf	(___fldiv@grs+2)^0,f,c
  2376   001484  3626               	rlcf	(___fldiv@grs+3)^0,f,c
  2377   001486  0621               	decf	___fldiv@new_exp^0,f,c
  2378   001488  A0D8               	btfss	status,0,c
  2379   00148A  0622               	decf	(___fldiv@new_exp+1)^0,f,c
  2380   00148C                     l2307:
  2381   00148C  AE12               	btfss	(___fldiv@b+2)^0,7,c
  2382   00148E  EF4B  F00A         	goto	u1851
  2383   001492  EF4D  F00A         	goto	u1850
  2384   001496                     u1851:
  2385   001496  EF31  F00A         	goto	l2301
  2386   00149A                     u1850:
  2387   00149A  0E00               	movlw	0
  2388   00149C  6E28               	movwf	___fldiv@aexp^0,c
  2389   00149E  AE26               	btfss	(___fldiv@grs+3)^0,7,c
  2390   0014A0  EF54  F00A         	goto	u1861
  2391   0014A4  EF56  F00A         	goto	u1860
  2392   0014A8                     u1861:
  2393   0014A8  EF7A  F00A         	goto	l841
  2394   0014AC                     u1860:
  2395   0014AC  0EFF               	movlw	255
  2396   0014AE  1423               	andwf	___fldiv@grs^0,w,c
  2397   0014B0  6E18               	movwf	??___fldiv^0,c
  2398   0014B2  0EFF               	movlw	255
  2399   0014B4  1424               	andwf	(___fldiv@grs+1)^0,w,c
  2400   0014B6  6E19               	movwf	(??___fldiv+1)^0,c
  2401   0014B8  0EFF               	movlw	255
  2402   0014BA  1425               	andwf	(___fldiv@grs+2)^0,w,c
  2403   0014BC  6E1A               	movwf	(??___fldiv+2)^0,c
  2404   0014BE  0E7F               	movlw	127
  2405   0014C0  1426               	andwf	(___fldiv@grs+3)^0,w,c
  2406   0014C2  6E1B               	movwf	(??___fldiv+3)^0,c
  2407   0014C4  5018               	movf	??___fldiv^0,w,c
  2408   0014C6  1019               	iorwf	(??___fldiv+1)^0,w,c
  2409   0014C8  101A               	iorwf	(??___fldiv+2)^0,w,c
  2410   0014CA  101B               	iorwf	(??___fldiv+3)^0,w,c
  2411   0014CC  B4D8               	btfsc	status,2,c
  2412   0014CE  EF6B  F00A         	goto	u1871
  2413   0014D2  EF6D  F00A         	goto	u1870
  2414   0014D6                     u1871:
  2415   0014D6  EF71  F00A         	goto	l842
  2416   0014DA                     u1870:
  2417   0014DA                     l2315:
  2418   0014DA  0E01               	movlw	1
  2419   0014DC  6E28               	movwf	___fldiv@aexp^0,c
  2420   0014DE  EF7A  F00A         	goto	l841
  2421   0014E2                     l842:
  2422   0014E2  A010               	btfss	___fldiv@b^0,0,c
  2423   0014E4  EF76  F00A         	goto	u1881
  2424   0014E8  EF78  F00A         	goto	u1880
  2425   0014EC                     u1881:
  2426   0014EC  EF7A  F00A         	goto	l841
  2427   0014F0                     u1880:
  2428   0014F0  EF6D  F00A         	goto	l2315
  2429   0014F4                     l841:
  2430   0014F4  5028               	movf	___fldiv@aexp^0,w,c
  2431   0014F6  B4D8               	btfsc	status,2,c
  2432   0014F8  EF80  F00A         	goto	u1891
  2433   0014FC  EF82  F00A         	goto	u1890
  2434   001500                     u1891:
  2435   001500  EFA6  F00A         	goto	l2327
  2436   001504                     u1890:
  2437   001504  0E01               	movlw	1
  2438   001506  2610               	addwf	___fldiv@b^0,f,c
  2439   001508  0E00               	movlw	0
  2440   00150A  2211               	addwfc	(___fldiv@b+1)^0,f,c
  2441   00150C  2212               	addwfc	(___fldiv@b+2)^0,f,c
  2442   00150E  2213               	addwfc	(___fldiv@b+3)^0,f,c
  2443   001510  A013               	btfss	(___fldiv@b+3)^0,0,c
  2444   001512  EF8D  F00A         	goto	u1901
  2445   001516  EF8F  F00A         	goto	u1900
  2446   00151A                     u1901:
  2447   00151A  EFA6  F00A         	goto	l2327
  2448   00151E                     u1900:
  2449   00151E  C010  F018         	movff	___fldiv@b,??___fldiv
  2450   001522  C011  F019         	movff	___fldiv@b+1,??___fldiv+1
  2451   001526  C012  F01A         	movff	___fldiv@b+2,??___fldiv+2
  2452   00152A  C013  F01B         	movff	___fldiv@b+3,??___fldiv+3
  2453   00152E  341B               	rlcf	(??___fldiv+3)^0,w,c
  2454   001530  321B               	rrcf	(??___fldiv+3)^0,f,c
  2455   001532  321A               	rrcf	(??___fldiv+2)^0,f,c
  2456   001534  3219               	rrcf	(??___fldiv+1)^0,f,c
  2457   001536  3218               	rrcf	??___fldiv^0,f,c
  2458   001538  C018  F010         	movff	??___fldiv,___fldiv@b
  2459   00153C  C019  F011         	movff	??___fldiv+1,___fldiv@b+1
  2460   001540  C01A  F012         	movff	??___fldiv+2,___fldiv@b+2
  2461   001544  C01B  F013         	movff	??___fldiv+3,___fldiv@b+3
  2462   001548  4A21               	infsnz	___fldiv@new_exp^0,f,c
  2463   00154A  2A22               	incf	(___fldiv@new_exp+1)^0,f,c
  2464   00154C                     l2327:
  2465   00154C  BE22               	btfsc	(___fldiv@new_exp+1)^0,7,c
  2466   00154E  EFB1  F00A         	goto	u1911
  2467   001552  5022               	movf	(___fldiv@new_exp+1)^0,w,c
  2468   001554  E108               	bnz	u1910
  2469   001556  2821               	incf	___fldiv@new_exp^0,w,c
  2470   001558  A0D8               	btfss	status,0,c
  2471   00155A  EFB1  F00A         	goto	u1911
  2472   00155E  EFB3  F00A         	goto	u1910
  2473   001562                     u1911:
  2474   001562  EFBE  F00A         	goto	l2331
  2475   001566                     u1910:
  2476   001566  0E00               	movlw	0
  2477   001568  6E22               	movwf	(___fldiv@new_exp+1)^0,c
  2478   00156A  6821               	setf	___fldiv@new_exp^0,c
  2479   00156C  0E00               	movlw	0
  2480   00156E  6E10               	movwf	___fldiv@b^0,c
  2481   001570  0E00               	movlw	0
  2482   001572  6E11               	movwf	(___fldiv@b+1)^0,c
  2483   001574  0E00               	movlw	0
  2484   001576  6E12               	movwf	(___fldiv@b+2)^0,c
  2485   001578  0E00               	movlw	0
  2486   00157A  6E13               	movwf	(___fldiv@b+3)^0,c
  2487   00157C                     l2331:
  2488   00157C  BE22               	btfsc	(___fldiv@new_exp+1)^0,7,c
  2489   00157E  EFCB  F00A         	goto	u1920
  2490   001582  5022               	movf	(___fldiv@new_exp+1)^0,w,c
  2491   001584  E106               	bnz	u1921
  2492   001586  0421               	decf	___fldiv@new_exp^0,w,c
  2493   001588  B0D8               	btfsc	status,0,c
  2494   00158A  EFC9  F00A         	goto	u1921
  2495   00158E  EFCB  F00A         	goto	u1920
  2496   001592                     u1921:
  2497   001592  EFD9  F00A         	goto	l2335
  2498   001596                     u1920:
  2499   001596  0E00               	movlw	0
  2500   001598  6E22               	movwf	(___fldiv@new_exp+1)^0,c
  2501   00159A  0E00               	movlw	0
  2502   00159C  6E21               	movwf	___fldiv@new_exp^0,c
  2503   00159E  0E00               	movlw	0
  2504   0015A0  6E10               	movwf	___fldiv@b^0,c
  2505   0015A2  0E00               	movlw	0
  2506   0015A4  6E11               	movwf	(___fldiv@b+1)^0,c
  2507   0015A6  0E00               	movlw	0
  2508   0015A8  6E12               	movwf	(___fldiv@b+2)^0,c
  2509   0015AA  0E00               	movlw	0
  2510   0015AC  6E13               	movwf	(___fldiv@b+3)^0,c
  2511   0015AE  0E00               	movlw	0
  2512   0015B0  6E20               	movwf	___fldiv@sign^0,c
  2513   0015B2                     l2335:
  2514   0015B2  C021  F027         	movff	___fldiv@new_exp,___fldiv@bexp
  2515   0015B6  A027               	btfss	___fldiv@bexp^0,0,c
  2516   0015B8  EFE0  F00A         	goto	u1931
  2517   0015BC  EFE2  F00A         	goto	u1930
  2518   0015C0                     u1931:
  2519   0015C0  EFE5  F00A         	goto	l2341
  2520   0015C4                     u1930:
  2521   0015C4  8E12               	bsf	(___fldiv@b+2)^0,7,c
  2522   0015C6  EFE6  F00A         	goto	l2343
  2523   0015CA                     l2341:
  2524   0015CA  9E12               	bcf	(___fldiv@b+2)^0,7,c
  2525   0015CC                     l2343:
  2526   0015CC  90D8               	bcf	status,0,c
  2527   0015CE  3027               	rrcf	___fldiv@bexp^0,w,c
  2528   0015D0  6E13               	movwf	(___fldiv@b+3)^0,c
  2529   0015D2  EF9C  F009         	goto	l2257
  2530   0015D6                     l828:
  2531   0015D6  0012               	return		;funcret
  2532   0015D8                     __end_of___fldiv:
  2533                           	callstack 0
  2534                           
  2535 ;; *************** function ___fladd *****************
  2536 ;; Defined at:
  2537 ;;		line 10 in file "C:\Program Files\Microchip\xc8\v2.45\pic\sources\c99\common\sprcadd.c"
  2538 ;; Parameters:    Size  Location     Type
  2539 ;;  b               4   40[COMRAM] unsigned char 
  2540 ;;  a               4   44[COMRAM] unsigned char 
  2541 ;; Auto vars:     Size  Location     Type
  2542 ;;  grs             1   55[COMRAM] unsigned char 
  2543 ;;  bexp            1   54[COMRAM] unsigned char 
  2544 ;;  aexp            1   53[COMRAM] unsigned char 
  2545 ;;  signs           1   52[COMRAM] unsigned char 
  2546 ;; Return value:  Size  Location     Type
  2547 ;;                  4   40[COMRAM] unsigned char 
  2548 ;; Registers used:
  2549 ;;		wreg, status,2, status,0
  2550 ;; Tracked objects:
  2551 ;;		On entry : 0/0
  2552 ;;		On exit  : 0/0
  2553 ;;		Unchanged: 0/0
  2554 ;; Data sizes:     COMRAM   BANK0   BANK1   BANK2   BANK3   BANK4   BANK5   BANK6   BANK7
  2555 ;;      Params:         8       0       0       0       0       0       0       0       0
  2556 ;;      Locals:         4       0       0       0       0       0       0       0       0
  2557 ;;      Temps:          4       0       0       0       0       0       0       0       0
  2558 ;;      Totals:        16       0       0       0       0       0       0       0       0
  2559 ;;Total ram usage:       16 bytes
  2560 ;; Hardware stack levels used: 1
  2561 ;; Hardware stack levels required when called: 2
  2562 ;; This function calls:
  2563 ;;		Nothing
  2564 ;; This function is called by:
  2565 ;;		_UART_Initial
  2566 ;; This function uses a non-reentrant model
  2567 ;;
  2568                           
  2569                           	psect	text7
  2570   000D7E                     __ptext7:
  2571                           	callstack 0
  2572   000D7E                     ___fladd:
  2573                           	callstack 27
  2574   000D7E  502C               	movf	(___fladd@b+3)^0,w,c
  2575   000D80  0B80               	andlw	128
  2576   000D82  6E35               	movwf	___fladd@signs^0,c
  2577   000D84  502C               	movf	(___fladd@b+3)^0,w,c
  2578   000D86  242C               	addwf	(___fladd@b+3)^0,w,c
  2579   000D88  6E37               	movwf	___fladd@bexp^0,c
  2580   000D8A  AE2B               	btfss	(___fladd@b+2)^0,7,c
  2581   000D8C  EFCA  F006         	goto	u1321
  2582   000D90  EFCC  F006         	goto	u1320
  2583   000D94                     u1321:
  2584   000D94  EFCD  F006         	goto	l2017
  2585   000D98                     u1320:
  2586   000D98  8037               	bsf	___fladd@bexp^0,0,c
  2587   000D9A                     l2017:
  2588   000D9A  5037               	movf	___fladd@bexp^0,w,c
  2589   000D9C  B4D8               	btfsc	status,2,c
  2590   000D9E  EFD3  F006         	goto	u1331
  2591   000DA2  EFD5  F006         	goto	u1330
  2592   000DA6                     u1331:
  2593   000DA6  EFEA  F006         	goto	l2027
  2594   000DAA                     u1330:
  2595   000DAA  2837               	incf	___fladd@bexp^0,w,c
  2596   000DAC  A4D8               	btfss	status,2,c
  2597   000DAE  EFDB  F006         	goto	u1341
  2598   000DB2  EFDD  F006         	goto	u1340
  2599   000DB6                     u1341:
  2600   000DB6  EFE5  F006         	goto	l2023
  2601   000DBA                     u1340:
  2602   000DBA  0E00               	movlw	0
  2603   000DBC  6E29               	movwf	___fladd@b^0,c
  2604   000DBE  0E00               	movlw	0
  2605   000DC0  6E2A               	movwf	(___fladd@b+1)^0,c
  2606   000DC2  0E00               	movlw	0
  2607   000DC4  6E2B               	movwf	(___fladd@b+2)^0,c
  2608   000DC6  0E00               	movlw	0
  2609   000DC8  6E2C               	movwf	(___fladd@b+3)^0,c
  2610   000DCA                     l2023:
  2611   000DCA  8E2B               	bsf	(___fladd@b+2)^0,7,c
  2612   000DCC  0E00               	movlw	0
  2613   000DCE  6E2C               	movwf	(___fladd@b+3)^0,c
  2614   000DD0  EFF2  F006         	goto	l2029
  2615   000DD4                     l2027:
  2616   000DD4  0E00               	movlw	0
  2617   000DD6  6E29               	movwf	___fladd@b^0,c
  2618   000DD8  0E00               	movlw	0
  2619   000DDA  6E2A               	movwf	(___fladd@b+1)^0,c
  2620   000DDC  0E00               	movlw	0
  2621   000DDE  6E2B               	movwf	(___fladd@b+2)^0,c
  2622   000DE0  0E00               	movlw	0
  2623   000DE2  6E2C               	movwf	(___fladd@b+3)^0,c
  2624   000DE4                     l2029:
  2625   000DE4  5030               	movf	(___fladd@a+3)^0,w,c
  2626   000DE6  0B80               	andlw	128
  2627   000DE8  6E36               	movwf	___fladd@aexp^0,c
  2628   000DEA  5035               	movf	___fladd@signs^0,w,c
  2629   000DEC  1836               	xorwf	___fladd@aexp^0,w,c
  2630   000DEE  B4D8               	btfsc	status,2,c
  2631   000DF0  EFFC  F006         	goto	u1351
  2632   000DF4  EFFE  F006         	goto	u1350
  2633   000DF8                     u1351:
  2634   000DF8  EFFF  F006         	goto	l2035
  2635   000DFC                     u1350:
  2636   000DFC  8C35               	bsf	___fladd@signs^0,6,c
  2637   000DFE                     l2035:
  2638   000DFE  5030               	movf	(___fladd@a+3)^0,w,c
  2639   000E00  2430               	addwf	(___fladd@a+3)^0,w,c
  2640   000E02  6E36               	movwf	___fladd@aexp^0,c
  2641   000E04  AE2F               	btfss	(___fladd@a+2)^0,7,c
  2642   000E06  EF07  F007         	goto	u1361
  2643   000E0A  EF09  F007         	goto	u1360
  2644   000E0E                     u1361:
  2645   000E0E  EF0A  F007         	goto	l2041
  2646   000E12                     u1360:
  2647   000E12  8036               	bsf	___fladd@aexp^0,0,c
  2648   000E14                     l2041:
  2649   000E14  5036               	movf	___fladd@aexp^0,w,c
  2650   000E16  B4D8               	btfsc	status,2,c
  2651   000E18  EF10  F007         	goto	u1371
  2652   000E1C  EF12  F007         	goto	u1370
  2653   000E20                     u1371:
  2654   000E20  EF27  F007         	goto	l2051
  2655   000E24                     u1370:
  2656   000E24  2836               	incf	___fladd@aexp^0,w,c
  2657   000E26  A4D8               	btfss	status,2,c
  2658   000E28  EF18  F007         	goto	u1381
  2659   000E2C  EF1A  F007         	goto	u1380
  2660   000E30                     u1381:
  2661   000E30  EF22  F007         	goto	l2047
  2662   000E34                     u1380:
  2663   000E34  0E00               	movlw	0
  2664   000E36  6E2D               	movwf	___fladd@a^0,c
  2665   000E38  0E00               	movlw	0
  2666   000E3A  6E2E               	movwf	(___fladd@a+1)^0,c
  2667   000E3C  0E00               	movlw	0
  2668   000E3E  6E2F               	movwf	(___fladd@a+2)^0,c
  2669   000E40  0E00               	movlw	0
  2670   000E42  6E30               	movwf	(___fladd@a+3)^0,c
  2671   000E44                     l2047:
  2672   000E44  8E2F               	bsf	(___fladd@a+2)^0,7,c
  2673   000E46  0E00               	movlw	0
  2674   000E48  6E30               	movwf	(___fladd@a+3)^0,c
  2675   000E4A  EF2F  F007         	goto	l2053
  2676   000E4E                     l2051:
  2677   000E4E  0E00               	movlw	0
  2678   000E50  6E2D               	movwf	___fladd@a^0,c
  2679   000E52  0E00               	movlw	0
  2680   000E54  6E2E               	movwf	(___fladd@a+1)^0,c
  2681   000E56  0E00               	movlw	0
  2682   000E58  6E2F               	movwf	(___fladd@a+2)^0,c
  2683   000E5A  0E00               	movlw	0
  2684   000E5C  6E30               	movwf	(___fladd@a+3)^0,c
  2685   000E5E                     l2053:
  2686   000E5E  5037               	movf	___fladd@bexp^0,w,c
  2687   000E60  5C36               	subwf	___fladd@aexp^0,w,c
  2688   000E62  B0D8               	btfsc	status,0,c
  2689   000E64  EF36  F007         	goto	u1391
  2690   000E68  EF38  F007         	goto	u1390
  2691   000E6C                     u1391:
  2692   000E6C  EF5F  F007         	goto	l2089
  2693   000E70                     u1390:
  2694   000E70  AC35               	btfss	___fladd@signs^0,6,c
  2695   000E72  EF3D  F007         	goto	u1401
  2696   000E76  EF3F  F007         	goto	u1400
  2697   000E7A                     u1401:
  2698   000E7A  EF41  F007         	goto	l2059
  2699   000E7E                     u1400:
  2700   000E7E  0E80               	movlw	128
  2701   000E80  1A35               	xorwf	___fladd@signs^0,f,c
  2702   000E82                     l2059:
  2703   000E82  C037  F038         	movff	___fladd@bexp,___fladd@grs
  2704   000E86  C036  F037         	movff	___fladd@aexp,___fladd@bexp
  2705   000E8A  C038  F036         	movff	___fladd@grs,___fladd@aexp
  2706   000E8E  C029  F038         	movff	___fladd@b,___fladd@grs
  2707   000E92  C02D  F029         	movff	___fladd@a,___fladd@b
  2708   000E96  C038  F02D         	movff	___fladd@grs,___fladd@a
  2709   000E9A  C02A  F038         	movff	___fladd@b+1,___fladd@grs
  2710   000E9E  C02E  F02A         	movff	___fladd@a+1,___fladd@b+1
  2711   000EA2  C038  F02E         	movff	___fladd@grs,___fladd@a+1
  2712   000EA6  C02B  F038         	movff	___fladd@b+2,___fladd@grs
  2713   000EAA  C02F  F02B         	movff	___fladd@a+2,___fladd@b+2
  2714   000EAE  C038  F02F         	movff	___fladd@grs,___fladd@a+2
  2715   000EB2  C02C  F038         	movff	___fladd@b+3,___fladd@grs
  2716   000EB6  C030  F02C         	movff	___fladd@a+3,___fladd@b+3
  2717   000EBA  C038  F030         	movff	___fladd@grs,___fladd@a+3
  2718   000EBE                     l2089:
  2719   000EBE  0E00               	movlw	0
  2720   000EC0  6E38               	movwf	___fladd@grs^0,c
  2721   000EC2  5037               	movf	___fladd@bexp^0,w,c
  2722   000EC4  C036  F031         	movff	___fladd@aexp,??___fladd
  2723   000EC8  6A32               	clrf	(??___fladd+1)^0,c
  2724   000ECA  5E31               	subwf	??___fladd^0,f,c
  2725   000ECC  0E00               	movlw	0
  2726   000ECE  5A32               	subwfb	(??___fladd+1)^0,f,c
  2727   000ED0  BE32               	btfsc	(??___fladd+1)^0,7,c
  2728   000ED2  EF74  F007         	goto	u1411
  2729   000ED6  5032               	movf	(??___fladd+1)^0,w,c
  2730   000ED8  E109               	bnz	u1410
  2731   000EDA  0E1A               	movlw	26
  2732   000EDC  5C31               	subwf	??___fladd^0,w,c
  2733   000EDE  A0D8               	btfss	status,0,c
  2734   000EE0  EF74  F007         	goto	u1411
  2735   000EE4  EF76  F007         	goto	u1410
  2736   000EE8                     u1411:
  2737   000EE8  EFAD  F007         	goto	l775
  2738   000EEC                     u1410:
  2739   000EEC  5029               	movf	___fladd@b^0,w,c
  2740   000EEE  102A               	iorwf	(___fladd@b+1)^0,w,c
  2741   000EF0  102B               	iorwf	(___fladd@b+2)^0,w,c
  2742   000EF2  102C               	iorwf	(___fladd@b+3)^0,w,c
  2743   000EF4  A4D8               	btfss	status,2,c
  2744   000EF6  EF7F  F007         	goto	u1421
  2745   000EFA  EF82  F007         	goto	u1420
  2746   000EFE                     u1421:
  2747   000EFE  0E01               	movlw	1
  2748   000F00  EF83  F007         	goto	u1430
  2749   000F04                     u1420:
  2750   000F04  0E00               	movlw	0
  2751   000F06                     u1430:
  2752   000F06  6E38               	movwf	___fladd@grs^0,c
  2753   000F08  0E00               	movlw	0
  2754   000F0A  6E29               	movwf	___fladd@b^0,c
  2755   000F0C  0E00               	movlw	0
  2756   000F0E  6E2A               	movwf	(___fladd@b+1)^0,c
  2757   000F10  0E00               	movlw	0
  2758   000F12  6E2B               	movwf	(___fladd@b+2)^0,c
  2759   000F14  0E00               	movlw	0
  2760   000F16  6E2C               	movwf	(___fladd@b+3)^0,c
  2761   000F18  C036  F037         	movff	___fladd@aexp,___fladd@bexp
  2762   000F1C  EFB6  F007         	goto	l774
  2763   000F20                     l776:
  2764   000F20  A038               	btfss	___fladd@grs^0,0,c
  2765   000F22  EF95  F007         	goto	u1441
  2766   000F26  EF97  F007         	goto	u1440
  2767   000F2A                     u1441:
  2768   000F2A  EF9D  F007         	goto	l2101
  2769   000F2E                     u1440:
  2770   000F2E  90D8               	bcf	status,0,c
  2771   000F30  3038               	rrcf	___fladd@grs^0,w,c
  2772   000F32  0901               	iorlw	1
  2773   000F34  6E38               	movwf	___fladd@grs^0,c
  2774   000F36  EF9F  F007         	goto	l2103
  2775   000F3A                     l2101:
  2776   000F3A  90D8               	bcf	status,0,c
  2777   000F3C  3238               	rrcf	___fladd@grs^0,f,c
  2778   000F3E                     l2103:
  2779   000F3E  A029               	btfss	___fladd@b^0,0,c
  2780   000F40  EFA4  F007         	goto	u1451
  2781   000F44  EFA6  F007         	goto	u1450
  2782   000F48                     u1451:
  2783   000F48  EFA7  F007         	goto	l2107
  2784   000F4C                     u1450:
  2785   000F4C  8E38               	bsf	___fladd@grs^0,7,c
  2786   000F4E                     l2107:
  2787   000F4E  342C               	rlcf	(___fladd@b+3)^0,w,c
  2788   000F50  322C               	rrcf	(___fladd@b+3)^0,f,c
  2789   000F52  322B               	rrcf	(___fladd@b+2)^0,f,c
  2790   000F54  322A               	rrcf	(___fladd@b+1)^0,f,c
  2791   000F56  3229               	rrcf	___fladd@b^0,f,c
  2792   000F58  2A37               	incf	___fladd@bexp^0,f,c
  2793   000F5A                     l775:
  2794   000F5A  5036               	movf	___fladd@aexp^0,w,c
  2795   000F5C  5C37               	subwf	___fladd@bexp^0,w,c
  2796   000F5E  A0D8               	btfss	status,0,c
  2797   000F60  EFB4  F007         	goto	u1461
  2798   000F64  EFB6  F007         	goto	u1460
  2799   000F68                     u1461:
  2800   000F68  EF90  F007         	goto	l776
  2801   000F6C                     u1460:
  2802   000F6C                     l774:
  2803   000F6C  BC35               	btfsc	___fladd@signs^0,6,c
  2804   000F6E  EFBB  F007         	goto	u1471
  2805   000F72  EFBD  F007         	goto	u1470
  2806   000F76                     u1471:
  2807   000F76  EFFD  F007         	goto	l2135
  2808   000F7A                     u1470:
  2809   000F7A  5037               	movf	___fladd@bexp^0,w,c
  2810   000F7C  A4D8               	btfss	status,2,c
  2811   000F7E  EFC3  F007         	goto	u1481
  2812   000F82  EFC5  F007         	goto	u1480
  2813   000F86                     u1481:
  2814   000F86  EFCF  F007         	goto	l2117
  2815   000F8A                     u1480:
  2816   000F8A  0E00               	movlw	0
  2817   000F8C  6E29               	movwf	?___fladd^0,c
  2818   000F8E  0E00               	movlw	0
  2819   000F90  6E2A               	movwf	(?___fladd+1)^0,c
  2820   000F92  0E00               	movlw	0
  2821   000F94  6E2B               	movwf	(?___fladd+2)^0,c
  2822   000F96  0E00               	movlw	0
  2823   000F98  6E2C               	movwf	(?___fladd+3)^0,c
  2824   000F9A  EF1E  F009         	goto	l783
  2825   000F9E                     l2117:
  2826   000F9E  502D               	movf	___fladd@a^0,w,c
  2827   000FA0  2629               	addwf	___fladd@b^0,f,c
  2828   000FA2  502E               	movf	(___fladd@a+1)^0,w,c
  2829   000FA4  222A               	addwfc	(___fladd@b+1)^0,f,c
  2830   000FA6  502F               	movf	(___fladd@a+2)^0,w,c
  2831   000FA8  222B               	addwfc	(___fladd@b+2)^0,f,c
  2832   000FAA  5030               	movf	(___fladd@a+3)^0,w,c
  2833   000FAC  222C               	addwfc	(___fladd@b+3)^0,f,c
  2834   000FAE  A02C               	btfss	(___fladd@b+3)^0,0,c
  2835   000FB0  EFDC  F007         	goto	u1491
  2836   000FB4  EFDE  F007         	goto	u1490
  2837   000FB8                     u1491:
  2838   000FB8  EF8A  F008         	goto	l2171
  2839   000FBC                     u1490:
  2840   000FBC  A038               	btfss	___fladd@grs^0,0,c
  2841   000FBE  EFE3  F007         	goto	u1501
  2842   000FC2  EFE5  F007         	goto	u1500
  2843   000FC6                     u1501:
  2844   000FC6  EFEB  F007         	goto	l2125
  2845   000FCA                     u1500:
  2846   000FCA  90D8               	bcf	status,0,c
  2847   000FCC  3038               	rrcf	___fladd@grs^0,w,c
  2848   000FCE  0901               	iorlw	1
  2849   000FD0  6E38               	movwf	___fladd@grs^0,c
  2850   000FD2  EFED  F007         	goto	l2127
  2851   000FD6                     l2125:
  2852   000FD6  90D8               	bcf	status,0,c
  2853   000FD8  3238               	rrcf	___fladd@grs^0,f,c
  2854   000FDA                     l2127:
  2855   000FDA  A029               	btfss	___fladd@b^0,0,c
  2856   000FDC  EFF2  F007         	goto	u1511
  2857   000FE0  EFF4  F007         	goto	u1510
  2858   000FE4                     u1511:
  2859   000FE4  EFF5  F007         	goto	l2131
  2860   000FE8                     u1510:
  2861   000FE8  8E38               	bsf	___fladd@grs^0,7,c
  2862   000FEA                     l2131:
  2863   000FEA  342C               	rlcf	(___fladd@b+3)^0,w,c
  2864   000FEC  322C               	rrcf	(___fladd@b+3)^0,f,c
  2865   000FEE  322B               	rrcf	(___fladd@b+2)^0,f,c
  2866   000FF0  322A               	rrcf	(___fladd@b+1)^0,f,c
  2867   000FF2  3229               	rrcf	___fladd@b^0,f,c
  2868   000FF4  2A37               	incf	___fladd@bexp^0,f,c
  2869   000FF6  EF8A  F008         	goto	l2171
  2870   000FFA                     l2135:
  2871   000FFA  502D               	movf	___fladd@a^0,w,c
  2872   000FFC  5C29               	subwf	___fladd@b^0,w,c
  2873   000FFE  502E               	movf	(___fladd@a+1)^0,w,c
  2874   001000  582A               	subwfb	(___fladd@b+1)^0,w,c
  2875   001002  502F               	movf	(___fladd@a+2)^0,w,c
  2876   001004  582B               	subwfb	(___fladd@b+2)^0,w,c
  2877   001006  502C               	movf	(___fladd@b+3)^0,w,c
  2878   001008  0A80               	xorlw	128
  2879   00100A  6E31               	movwf	??___fladd^0,c
  2880   00100C  5030               	movf	(___fladd@a+3)^0,w,c
  2881   00100E  0A80               	xorlw	128
  2882   001010  5831               	subwfb	??___fladd^0,w,c
  2883   001012  B0D8               	btfsc	status,0,c
  2884   001014  EF0E  F008         	goto	u1521
  2885   001018  EF10  F008         	goto	u1520
  2886   00101C                     u1521:
  2887   00101C  EF3B  F008         	goto	l2145
  2888   001020                     u1520:
  2889   001020  5029               	movf	___fladd@b^0,w,c
  2890   001022  5C2D               	subwf	___fladd@a^0,w,c
  2891   001024  6E31               	movwf	??___fladd^0,c
  2892   001026  502A               	movf	(___fladd@b+1)^0,w,c
  2893   001028  582E               	subwfb	(___fladd@a+1)^0,w,c
  2894   00102A  6E32               	movwf	(??___fladd+1)^0,c
  2895   00102C  502B               	movf	(___fladd@b+2)^0,w,c
  2896   00102E  582F               	subwfb	(___fladd@a+2)^0,w,c
  2897   001030  6E33               	movwf	(??___fladd+2)^0,c
  2898   001032  502C               	movf	(___fladd@b+3)^0,w,c
  2899   001034  5830               	subwfb	(___fladd@a+3)^0,w,c
  2900   001036  6E34               	movwf	(??___fladd+3)^0,c
  2901   001038  0EFF               	movlw	255
  2902   00103A  2431               	addwf	??___fladd^0,w,c
  2903   00103C  6E29               	movwf	___fladd@b^0,c
  2904   00103E  0EFF               	movlw	255
  2905   001040  2032               	addwfc	(??___fladd+1)^0,w,c
  2906   001042  6E2A               	movwf	(___fladd@b+1)^0,c
  2907   001044  0EFF               	movlw	255
  2908   001046  2033               	addwfc	(??___fladd+2)^0,w,c
  2909   001048  6E2B               	movwf	(___fladd@b+2)^0,c
  2910   00104A  0EFF               	movlw	255
  2911   00104C  2034               	addwfc	(??___fladd+3)^0,w,c
  2912   00104E  6E2C               	movwf	(___fladd@b+3)^0,c
  2913   001050  0E80               	movlw	128
  2914   001052  1A35               	xorwf	___fladd@signs^0,f,c
  2915   001054  6C38               	negf	___fladd@grs^0,c
  2916   001056  5038               	movf	___fladd@grs^0,w,c
  2917   001058  A4D8               	btfss	status,2,c
  2918   00105A  EF31  F008         	goto	u1531
  2919   00105E  EF33  F008         	goto	u1530
  2920   001062                     u1531:
  2921   001062  EF43  F008         	goto	l791
  2922   001066                     u1530:
  2923   001066  0E01               	movlw	1
  2924   001068  2629               	addwf	___fladd@b^0,f,c
  2925   00106A  0E00               	movlw	0
  2926   00106C  222A               	addwfc	(___fladd@b+1)^0,f,c
  2927   00106E  222B               	addwfc	(___fladd@b+2)^0,f,c
  2928   001070  222C               	addwfc	(___fladd@b+3)^0,f,c
  2929   001072  EF43  F008         	goto	l791
  2930   001076                     l2145:
  2931   001076  502D               	movf	___fladd@a^0,w,c
  2932   001078  5E29               	subwf	___fladd@b^0,f,c
  2933   00107A  502E               	movf	(___fladd@a+1)^0,w,c
  2934   00107C  5A2A               	subwfb	(___fladd@b+1)^0,f,c
  2935   00107E  502F               	movf	(___fladd@a+2)^0,w,c
  2936   001080  5A2B               	subwfb	(___fladd@b+2)^0,f,c
  2937   001082  5030               	movf	(___fladd@a+3)^0,w,c
  2938   001084  5A2C               	subwfb	(___fladd@b+3)^0,f,c
  2939   001086                     l791:
  2940   001086  5029               	movf	___fladd@b^0,w,c
  2941   001088  102A               	iorwf	(___fladd@b+1)^0,w,c
  2942   00108A  102B               	iorwf	(___fladd@b+2)^0,w,c
  2943   00108C  102C               	iorwf	(___fladd@b+3)^0,w,c
  2944   00108E  A4D8               	btfss	status,2,c
  2945   001090  EF4C  F008         	goto	u1541
  2946   001094  EF4E  F008         	goto	u1540
  2947   001098                     u1541:
  2948   001098  EF83  F008         	goto	l2169
  2949   00109C                     u1540:
  2950   00109C  5038               	movf	___fladd@grs^0,w,c
  2951   00109E  A4D8               	btfss	status,2,c
  2952   0010A0  EF54  F008         	goto	u1551
  2953   0010A4  EF56  F008         	goto	u1550
  2954   0010A8                     u1551:
  2955   0010A8  EF83  F008         	goto	l2169
  2956   0010AC                     u1550:
  2957   0010AC  0E00               	movlw	0
  2958   0010AE  6E29               	movwf	?___fladd^0,c
  2959   0010B0  0E00               	movlw	0
  2960   0010B2  6E2A               	movwf	(?___fladd+1)^0,c
  2961   0010B4  0E00               	movlw	0
  2962   0010B6  6E2B               	movwf	(?___fladd+2)^0,c
  2963   0010B8  0E00               	movlw	0
  2964   0010BA  6E2C               	movwf	(?___fladd+3)^0,c
  2965   0010BC  EF1E  F009         	goto	l783
  2966   0010C0                     l2153:
  2967   0010C0  90D8               	bcf	status,0,c
  2968   0010C2  3629               	rlcf	___fladd@b^0,f,c
  2969   0010C4  362A               	rlcf	(___fladd@b+1)^0,f,c
  2970   0010C6  362B               	rlcf	(___fladd@b+2)^0,f,c
  2971   0010C8  362C               	rlcf	(___fladd@b+3)^0,f,c
  2972   0010CA  AE38               	btfss	___fladd@grs^0,7,c
  2973   0010CC  EF6A  F008         	goto	u1561
  2974   0010D0  EF6C  F008         	goto	u1560
  2975   0010D4                     u1561:
  2976   0010D4  EF6D  F008         	goto	l2159
  2977   0010D8                     u1560:
  2978   0010D8  8029               	bsf	___fladd@b^0,0,c
  2979   0010DA                     l2159:
  2980   0010DA  A038               	btfss	___fladd@grs^0,0,c
  2981   0010DC  EF72  F008         	goto	u1571
  2982   0010E0  EF74  F008         	goto	u1570
  2983   0010E4                     u1571:
  2984   0010E4  EF78  F008         	goto	l2163
  2985   0010E8                     u1570:
  2986   0010E8  80D8               	bsf	status,0,c
  2987   0010EA  3638               	rlcf	___fladd@grs^0,f,c
  2988   0010EC  EF7A  F008         	goto	l2165
  2989   0010F0                     l2163:
  2990   0010F0  90D8               	bcf	status,0,c
  2991   0010F2  3638               	rlcf	___fladd@grs^0,f,c
  2992   0010F4                     l2165:
  2993   0010F4  5037               	movf	___fladd@bexp^0,w,c
  2994   0010F6  B4D8               	btfsc	status,2,c
  2995   0010F8  EF80  F008         	goto	u1581
  2996   0010FC  EF82  F008         	goto	u1580
  2997   001100                     u1581:
  2998   001100  EF83  F008         	goto	l2169
  2999   001104                     u1580:
  3000   001104  0637               	decf	___fladd@bexp^0,f,c
  3001   001106                     l2169:
  3002   001106  AE2B               	btfss	(___fladd@b+2)^0,7,c
  3003   001108  EF88  F008         	goto	u1591
  3004   00110C  EF8A  F008         	goto	u1590
  3005   001110                     u1591:
  3006   001110  EF60  F008         	goto	l2153
  3007   001114                     u1590:
  3008   001114                     l2171:
  3009   001114  0E00               	movlw	0
  3010   001116  6E36               	movwf	___fladd@aexp^0,c
  3011   001118  AE38               	btfss	___fladd@grs^0,7,c
  3012   00111A  EF91  F008         	goto	u1601
  3013   00111E  EF93  F008         	goto	u1600
  3014   001122                     u1601:
  3015   001122  EFAB  F008         	goto	l800
  3016   001126                     u1600:
  3017   001126  C038  F031         	movff	___fladd@grs,??___fladd
  3018   00112A  0E7F               	movlw	127
  3019   00112C  1631               	andwf	??___fladd^0,f,c
  3020   00112E  B4D8               	btfsc	status,2,c
  3021   001130  EF9C  F008         	goto	u1611
  3022   001134  EF9E  F008         	goto	u1610
  3023   001138                     u1611:
  3024   001138  EFA2  F008         	goto	l801
  3025   00113C                     u1610:
  3026   00113C                     l2177:
  3027   00113C  0E01               	movlw	1
  3028   00113E  6E36               	movwf	___fladd@aexp^0,c
  3029   001140  EFAB  F008         	goto	l800
  3030   001144                     l801:
  3031   001144  A029               	btfss	___fladd@b^0,0,c
  3032   001146  EFA7  F008         	goto	u1621
  3033   00114A  EFA9  F008         	goto	u1620
  3034   00114E                     u1621:
  3035   00114E  EFAB  F008         	goto	l800
  3036   001152                     u1620:
  3037   001152  EF9E  F008         	goto	l2177
  3038   001156                     l800:
  3039   001156  5036               	movf	___fladd@aexp^0,w,c
  3040   001158  B4D8               	btfsc	status,2,c
  3041   00115A  EFB1  F008         	goto	u1631
  3042   00115E  EFB3  F008         	goto	u1630
  3043   001162                     u1631:
  3044   001162  EFDE  F008         	goto	l2189
  3045   001166                     u1630:
  3046   001166  0E01               	movlw	1
  3047   001168  2629               	addwf	___fladd@b^0,f,c
  3048   00116A  0E00               	movlw	0
  3049   00116C  222A               	addwfc	(___fladd@b+1)^0,f,c
  3050   00116E  222B               	addwfc	(___fladd@b+2)^0,f,c
  3051   001170  222C               	addwfc	(___fladd@b+3)^0,f,c
  3052   001172  A02C               	btfss	(___fladd@b+3)^0,0,c
  3053   001174  EFBE  F008         	goto	u1641
  3054   001178  EFC0  F008         	goto	u1640
  3055   00117C                     u1641:
  3056   00117C  EFDE  F008         	goto	l2189
  3057   001180                     u1640:
  3058   001180  C029  F031         	movff	___fladd@b,??___fladd
  3059   001184  C02A  F032         	movff	___fladd@b+1,??___fladd+1
  3060   001188  C02B  F033         	movff	___fladd@b+2,??___fladd+2
  3061   00118C  C02C  F034         	movff	___fladd@b+3,??___fladd+3
  3062   001190  3434               	rlcf	(??___fladd+3)^0,w,c
  3063   001192  3234               	rrcf	(??___fladd+3)^0,f,c
  3064   001194  3233               	rrcf	(??___fladd+2)^0,f,c
  3065   001196  3232               	rrcf	(??___fladd+1)^0,f,c
  3066   001198  3231               	rrcf	??___fladd^0,f,c
  3067   00119A  C031  F029         	movff	??___fladd,___fladd@b
  3068   00119E  C032  F02A         	movff	??___fladd+1,___fladd@b+1
  3069   0011A2  C033  F02B         	movff	??___fladd+2,___fladd@b+2
  3070   0011A6  C034  F02C         	movff	??___fladd+3,___fladd@b+3
  3071   0011AA  2837               	incf	___fladd@bexp^0,w,c
  3072   0011AC  B4D8               	btfsc	status,2,c
  3073   0011AE  EFDB  F008         	goto	u1651
  3074   0011B2  EFDD  F008         	goto	u1650
  3075   0011B6                     u1651:
  3076   0011B6  EFDE  F008         	goto	l2189
  3077   0011BA                     u1650:
  3078   0011BA  2A37               	incf	___fladd@bexp^0,f,c
  3079   0011BC                     l2189:
  3080   0011BC  2837               	incf	___fladd@bexp^0,w,c
  3081   0011BE  B4D8               	btfsc	status,2,c
  3082   0011C0  EFE4  F008         	goto	u1661
  3083   0011C4  EFE6  F008         	goto	u1660
  3084   0011C8                     u1661:
  3085   0011C8  EFEE  F008         	goto	l2193
  3086   0011CC                     u1660:
  3087   0011CC  5037               	movf	___fladd@bexp^0,w,c
  3088   0011CE  A4D8               	btfss	status,2,c
  3089   0011D0  EFEC  F008         	goto	u1671
  3090   0011D4  EFEE  F008         	goto	u1670
  3091   0011D8                     u1671:
  3092   0011D8  EF00  F009         	goto	l2197
  3093   0011DC                     u1670:
  3094   0011DC                     l2193:
  3095   0011DC  0E00               	movlw	0
  3096   0011DE  6E29               	movwf	___fladd@b^0,c
  3097   0011E0  0E00               	movlw	0
  3098   0011E2  6E2A               	movwf	(___fladd@b+1)^0,c
  3099   0011E4  0E00               	movlw	0
  3100   0011E6  6E2B               	movwf	(___fladd@b+2)^0,c
  3101   0011E8  0E00               	movlw	0
  3102   0011EA  6E2C               	movwf	(___fladd@b+3)^0,c
  3103   0011EC  5037               	movf	___fladd@bexp^0,w,c
  3104   0011EE  A4D8               	btfss	status,2,c
  3105   0011F0  EFFC  F008         	goto	u1681
  3106   0011F4  EFFE  F008         	goto	u1680
  3107   0011F8                     u1681:
  3108   0011F8  EF00  F009         	goto	l2197
  3109   0011FC                     u1680:
  3110   0011FC  0E00               	movlw	0
  3111   0011FE  6E35               	movwf	___fladd@signs^0,c
  3112   001200                     l2197:
  3113   001200  A037               	btfss	___fladd@bexp^0,0,c
  3114   001202  EF05  F009         	goto	u1691
  3115   001206  EF07  F009         	goto	u1690
  3116   00120A                     u1691:
  3117   00120A  EF0A  F009         	goto	l2201
  3118   00120E                     u1690:
  3119   00120E  8E2B               	bsf	(___fladd@b+2)^0,7,c
  3120   001210  EF0B  F009         	goto	l2203
  3121   001214                     l2201:
  3122   001214  9E2B               	bcf	(___fladd@b+2)^0,7,c
  3123   001216                     l2203:
  3124   001216  90D8               	bcf	status,0,c
  3125   001218  3037               	rrcf	___fladd@bexp^0,w,c
  3126   00121A  6E2C               	movwf	(___fladd@b+3)^0,c
  3127   00121C  AE35               	btfss	___fladd@signs^0,7,c
  3128   00121E  EF13  F009         	goto	u1701
  3129   001222  EF15  F009         	goto	u1700
  3130   001226                     u1701:
  3131   001226  EF16  F009         	goto	l2209
  3132   00122A                     u1700:
  3133   00122A  8E2C               	bsf	(___fladd@b+3)^0,7,c
  3134   00122C                     l2209:
  3135   00122C  C029  F029         	movff	___fladd@b,?___fladd
  3136   001230  C02A  F02A         	movff	___fladd@b+1,?___fladd+1
  3137   001234  C02B  F02B         	movff	___fladd@b+2,?___fladd+2
  3138   001238  C02C  F02C         	movff	___fladd@b+3,?___fladd+3
  3139   00123C                     l783:
  3140   00123C  0012               	return		;funcret
  3141   00123E                     __end_of___fladd:
  3142                           	callstack 0
  3143                           
  3144 ;; *************** function _TeclaASCII *****************
  3145 ;; Defined at:
  3146 ;;		line 266 in file "Codigo_Practica6_Parte3.c"
  3147 ;; Parameters:    Size  Location     Type
  3148 ;;  tecla           1    wreg     unsigned char 
  3149 ;; Auto vars:     Size  Location     Type
  3150 ;;  tecla           1    3[COMRAM] unsigned char 
  3151 ;; Return value:  Size  Location     Type
  3152 ;;                  1    wreg      unsigned char 
  3153 ;; Registers used:
  3154 ;;		wreg, status,2, status,0
  3155 ;; Tracked objects:
  3156 ;;		On entry : 0/0
  3157 ;;		On exit  : 0/0
  3158 ;;		Unchanged: 0/0
  3159 ;; Data sizes:     COMRAM   BANK0   BANK1   BANK2   BANK3   BANK4   BANK5   BANK6   BANK7
  3160 ;;      Params:         0       0       0       0       0       0       0       0       0
  3161 ;;      Locals:         1       0       0       0       0       0       0       0       0
  3162 ;;      Temps:          2       0       0       0       0       0       0       0       0
  3163 ;;      Totals:         3       0       0       0       0       0       0       0       0
  3164 ;;Total ram usage:        3 bytes
  3165 ;; Hardware stack levels used: 1
  3166 ;; Hardware stack levels required when called: 2
  3167 ;; This function calls:
  3168 ;;		Nothing
  3169 ;; This function is called by:
  3170 ;;		_main
  3171 ;; This function uses a non-reentrant model
  3172 ;;
  3173                           
  3174                           	psect	text8
  3175   001A6C                     __ptext8:
  3176                           	callstack 0
  3177   001A6C                     _TeclaASCII:
  3178                           	callstack 28
  3179                           
  3180                           ;incstack = 0
  3181                           ;TeclaASCII@tecla stored from wreg
  3182   001A6C  6E04               	movwf	TeclaASCII@tecla^0,c
  3183   001A6E                     
  3184                           ;Codigo_Practica6_Parte3.c: 267:     switch(tecla){
  3185   001A6E  EF69  F00D         	goto	l1621
  3186   001A72                     l1555:
  3187   001A72  0E30               	movlw	48
  3188   001A74  EFB7  F00D         	goto	l128
  3189   001A78                     l1559:
  3190   001A78  0E31               	movlw	49
  3191   001A7A  EFB7  F00D         	goto	l128
  3192   001A7E                     l1563:
  3193   001A7E  0E32               	movlw	50
  3194   001A80  EFB7  F00D         	goto	l128
  3195   001A84                     l1567:
  3196   001A84  0E33               	movlw	51
  3197   001A86  EFB7  F00D         	goto	l128
  3198   001A8A                     l1571:
  3199   001A8A  0E34               	movlw	52
  3200   001A8C  EFB7  F00D         	goto	l128
  3201   001A90                     l1575:
  3202   001A90  0E35               	movlw	53
  3203   001A92  EFB7  F00D         	goto	l128
  3204   001A96                     l1579:
  3205   001A96  0E36               	movlw	54
  3206   001A98  EFB7  F00D         	goto	l128
  3207   001A9C                     l1583:
  3208   001A9C  0E37               	movlw	55
  3209   001A9E  EFB7  F00D         	goto	l128
  3210   001AA2                     l1587:
  3211   001AA2  0E38               	movlw	56
  3212   001AA4  EFB7  F00D         	goto	l128
  3213   001AA8                     l1591:
  3214   001AA8  0E39               	movlw	57
  3215   001AAA  EFB7  F00D         	goto	l128
  3216   001AAE                     l1595:
  3217   001AAE  0E41               	movlw	65
  3218   001AB0  EFB7  F00D         	goto	l128
  3219   001AB4                     l1599:
  3220   001AB4  0E42               	movlw	66
  3221   001AB6  EFB7  F00D         	goto	l128
  3222   001ABA                     l1603:
  3223   001ABA  0E43               	movlw	67
  3224   001ABC  EFB7  F00D         	goto	l128
  3225   001AC0                     l1607:
  3226   001AC0  0E44               	movlw	68
  3227   001AC2  EFB7  F00D         	goto	l128
  3228   001AC6                     l1611:
  3229   001AC6  0E2A               	movlw	42
  3230   001AC8  EFB7  F00D         	goto	l128
  3231   001ACC                     l1615:
  3232   001ACC  0E23               	movlw	35
  3233   001ACE  EFB7  F00D         	goto	l128
  3234   001AD2                     l1621:
  3235   001AD2  5004               	movf	TeclaASCII@tecla^0,w,c
  3236   001AD4  6E02               	movwf	??_TeclaASCII^0,c
  3237   001AD6  6A03               	clrf	(??_TeclaASCII+1)^0,c
  3238                           
  3239                           ; Switch on 2 bytes has been partitioned into a top level switch of size 1, and 1 sub-sw
      +                          itches
  3240                           ; Switch size 1, requested type "simple"
  3241                           ; Number of cases is 1, Range of values is 0 to 0
  3242                           ; switch strategies available:
  3243                           ; Name         Instructions Cycles
  3244                           ; simple_byte            4     3 (average)
  3245                           ;	Chosen strategy is simple_byte
  3246   001AD8  5003               	movf	(??_TeclaASCII+1)^0,w,c
  3247   001ADA  0A00               	xorlw	0	; case 0
  3248   001ADC  B4D8               	btfsc	status,2,c
  3249   001ADE  EF73  F00D         	goto	l2873
  3250   001AE2  EFB6  F00D         	goto	l1623
  3251   001AE6                     l2873:
  3252                           
  3253                           ; Switch size 1, requested type "simple"
  3254                           ; Number of cases is 16, Range of values is 0 to 15
  3255                           ; switch strategies available:
  3256                           ; Name         Instructions Cycles
  3257                           ; simple_byte           49    25 (average)
  3258                           ;	Chosen strategy is simple_byte
  3259   001AE6  5002               	movf	??_TeclaASCII^0,w,c
  3260   001AE8  0A00               	xorlw	0	; case 0
  3261   001AEA  B4D8               	btfsc	status,2,c
  3262   001AEC  EF39  F00D         	goto	l1555
  3263   001AF0  0A01               	xorlw	1	; case 1
  3264   001AF2  B4D8               	btfsc	status,2,c
  3265   001AF4  EF3C  F00D         	goto	l1559
  3266   001AF8  0A03               	xorlw	3	; case 2
  3267   001AFA  B4D8               	btfsc	status,2,c
  3268   001AFC  EF3F  F00D         	goto	l1563
  3269   001B00  0A01               	xorlw	1	; case 3
  3270   001B02  B4D8               	btfsc	status,2,c
  3271   001B04  EF42  F00D         	goto	l1567
  3272   001B08  0A07               	xorlw	7	; case 4
  3273   001B0A  B4D8               	btfsc	status,2,c
  3274   001B0C  EF45  F00D         	goto	l1571
  3275   001B10  0A01               	xorlw	1	; case 5
  3276   001B12  B4D8               	btfsc	status,2,c
  3277   001B14  EF48  F00D         	goto	l1575
  3278   001B18  0A03               	xorlw	3	; case 6
  3279   001B1A  B4D8               	btfsc	status,2,c
  3280   001B1C  EF4B  F00D         	goto	l1579
  3281   001B20  0A01               	xorlw	1	; case 7
  3282   001B22  B4D8               	btfsc	status,2,c
  3283   001B24  EF4E  F00D         	goto	l1583
  3284   001B28  0A0F               	xorlw	15	; case 8
  3285   001B2A  B4D8               	btfsc	status,2,c
  3286   001B2C  EF51  F00D         	goto	l1587
  3287   001B30  0A01               	xorlw	1	; case 9
  3288   001B32  B4D8               	btfsc	status,2,c
  3289   001B34  EF54  F00D         	goto	l1591
  3290   001B38  0A03               	xorlw	3	; case 10
  3291   001B3A  B4D8               	btfsc	status,2,c
  3292   001B3C  EF57  F00D         	goto	l1595
  3293   001B40  0A01               	xorlw	1	; case 11
  3294   001B42  B4D8               	btfsc	status,2,c
  3295   001B44  EF5A  F00D         	goto	l1599
  3296   001B48  0A07               	xorlw	7	; case 12
  3297   001B4A  B4D8               	btfsc	status,2,c
  3298   001B4C  EF5D  F00D         	goto	l1603
  3299   001B50  0A01               	xorlw	1	; case 13
  3300   001B52  B4D8               	btfsc	status,2,c
  3301   001B54  EF60  F00D         	goto	l1607
  3302   001B58  0A03               	xorlw	3	; case 14
  3303   001B5A  B4D8               	btfsc	status,2,c
  3304   001B5C  EF63  F00D         	goto	l1611
  3305   001B60  0A01               	xorlw	1	; case 15
  3306   001B62  B4D8               	btfsc	status,2,c
  3307   001B64  EF66  F00D         	goto	l1615
  3308   001B68  EFB6  F00D         	goto	l1623
  3309   001B6C                     l1623:
  3310                           
  3311                           ;Codigo_Practica6_Parte3.c: 287:     return 0;
  3312   001B6C  0E00               	movlw	0
  3313   001B6E                     l128:
  3314   001B6E  0012               	return		;funcret
  3315   001B70                     __end_of_TeclaASCII:
  3316                           	callstack 0
  3317                           
  3318 ;; *************** function _PasswordCorrecta *****************
  3319 ;; Defined at:
  3320 ;;		line 289 in file "Codigo_Practica6_Parte3.c"
  3321 ;; Parameters:    Size  Location     Type
  3322 ;;  ingresada       1    1[COMRAM] PTR unsigned char 
  3323 ;;		 -> main@password(3), main@recibida(3), 
  3324 ;;  guardada        1    2[COMRAM] PTR unsigned char 
  3325 ;;		 -> main@clave(3), 
  3326 ;; Auto vars:     Size  Location     Type
  3327 ;;  i               1    5[COMRAM] unsigned char 
  3328 ;; Return value:  Size  Location     Type
  3329 ;;                  1    wreg      unsigned char 
  3330 ;; Registers used:
  3331 ;;		wreg, fsr1l, fsr1h, fsr2l, fsr2h, status,2, status,0
  3332 ;; Tracked objects:
  3333 ;;		On entry : 0/0
  3334 ;;		On exit  : 0/0
  3335 ;;		Unchanged: 0/0
  3336 ;; Data sizes:     COMRAM   BANK0   BANK1   BANK2   BANK3   BANK4   BANK5   BANK6   BANK7
  3337 ;;      Params:         2       0       0       0       0       0       0       0       0
  3338 ;;      Locals:         1       0       0       0       0       0       0       0       0
  3339 ;;      Temps:          2       0       0       0       0       0       0       0       0
  3340 ;;      Totals:         5       0       0       0       0       0       0       0       0
  3341 ;;Total ram usage:        5 bytes
  3342 ;; Hardware stack levels used: 1
  3343 ;; Hardware stack levels required when called: 2
  3344 ;; This function calls:
  3345 ;;		Nothing
  3346 ;; This function is called by:
  3347 ;;		_main
  3348 ;; This function uses a non-reentrant model
  3349 ;;
  3350                           
  3351                           	psect	text9
  3352   001DD4                     __ptext9:
  3353                           	callstack 0
  3354   001DD4                     _PasswordCorrecta:
  3355                           	callstack 28
  3356   001DD4                     
  3357                           ;Codigo_Practica6_Parte3.c: 290:     for(char i = 0; i < 3; i++){
  3358   001DD4  0E00               	movlw	0
  3359   001DD6  6E06               	movwf	PasswordCorrecta@i^0,c
  3360   001DD8                     l2545:
  3361                           
  3362                           ;Codigo_Practica6_Parte3.c: 291:         if(ingresada[i] != guardada[i]) return 0;
  3363   001DD8  5003               	movf	PasswordCorrecta@guardada^0,w,c
  3364   001DDA  2406               	addwf	PasswordCorrecta@i^0,w,c
  3365   001DDC  6ED9               	movwf	fsr2l,c
  3366   001DDE  6ADA               	clrf	fsr2h,c
  3367   001DE0  5002               	movf	PasswordCorrecta@ingresada^0,w,c
  3368   001DE2  2406               	addwf	PasswordCorrecta@i^0,w,c
  3369   001DE4  6EE1               	movwf	fsr1l,c
  3370   001DE6  6AE2               	clrf	fsr1h,c
  3371   001DE8  50DE               	movf	postinc2,w,c
  3372   001DEA  18E6               	xorwf	postinc1,w,c
  3373   001DEC  B4D8               	btfsc	status,2,c
  3374   001DEE  EFFB  F00E         	goto	u2121
  3375   001DF2  EFFD  F00E         	goto	u2120
  3376   001DF6                     u2121:
  3377   001DF6  EF00  F00F         	goto	l2551
  3378   001DFA                     u2120:
  3379   001DFA  0E00               	movlw	0
  3380   001DFC  EF0A  F00F         	goto	l150
  3381   001E00                     l2551:
  3382                           
  3383                           ;Codigo_Practica6_Parte3.c: 292:     }
  3384   001E00  2A06               	incf	PasswordCorrecta@i^0,f,c
  3385   001E02  0E02               	movlw	2
  3386   001E04  6406               	cpfsgt	PasswordCorrecta@i^0,c
  3387   001E06  EF07  F00F         	goto	u2131
  3388   001E0A  EF09  F00F         	goto	u2130
  3389   001E0E                     u2131:
  3390   001E0E  EFEC  F00E         	goto	l2545
  3391   001E12                     u2130:
  3392   001E12                     
  3393                           ;Codigo_Practica6_Parte3.c: 293:     return 1;
  3394   001E12  0E01               	movlw	1
  3395   001E14                     l150:
  3396   001E14  0012               	return		;funcret
  3397   001E16                     __end_of_PasswordCorrecta:
  3398                           	callstack 0
  3399                           
  3400 ;; *************** function _LeerTeclado *****************
  3401 ;; Defined at:
  3402 ;;		line 213 in file "Codigo_Practica6_Parte3.c"
  3403 ;; Parameters:    Size  Location     Type
  3404 ;;		None
  3405 ;; Auto vars:     Size  Location     Type
  3406 ;;  tecla           1   10[COMRAM] unsigned char 
  3407 ;; Return value:  Size  Location     Type
  3408 ;;                  1    wreg      unsigned char 
  3409 ;; Registers used:
  3410 ;;		wreg, status,2, status,0, cstack
  3411 ;; Tracked objects:
  3412 ;;		On entry : 0/0
  3413 ;;		On exit  : 0/0
  3414 ;;		Unchanged: 0/0
  3415 ;; Data sizes:     COMRAM   BANK0   BANK1   BANK2   BANK3   BANK4   BANK5   BANK6   BANK7
  3416 ;;      Params:         0       0       0       0       0       0       0       0       0
  3417 ;;      Locals:         1       0       0       0       0       0       0       0       0
  3418 ;;      Temps:          2       0       0       0       0       0       0       0       0
  3419 ;;      Totals:         3       0       0       0       0       0       0       0       0
  3420 ;;Total ram usage:        3 bytes
  3421 ;; Hardware stack levels used: 1
  3422 ;; Hardware stack levels required when called: 4
  3423 ;; This function calls:
  3424 ;;		_DelayXms
  3425 ;; This function is called by:
  3426 ;;		_main
  3427 ;; This function uses a non-reentrant model
  3428 ;;
  3429                           
  3430                           	psect	text10
  3431   0015D8                     __ptext10:
  3432                           	callstack 0
  3433   0015D8                     _LeerTeclado:
  3434                           	callstack 26
  3435   0015D8                     
  3436                           ;Codigo_Practica6_Parte3.c: 214:     char tecla = 0xFF;
  3437   0015D8  680B               	setf	LeerTeclado@tecla^0,c
  3438   0015DA                     
  3439                           ;Codigo_Practica6_Parte3.c: 217:     LATB = 0b01110000;
  3440   0015DA  0E70               	movlw	112
  3441   0015DC  6E8A               	movwf	138,c	;volatile
  3442   0015DE                     
  3443                           ;Codigo_Practica6_Parte3.c: 218:     DelayXms(5);
  3444   0015DE  0E00               	movlw	0
  3445   0015E0  6E05               	movwf	(DelayXms@Milis+1)^0,c
  3446   0015E2  0E05               	movlw	5
  3447   0015E4  6E04               	movwf	DelayXms@Milis^0,c
  3448   0015E6  EC61  F00F         	call	_DelayXms	;wreg free
  3449                           
  3450                           ;Codigo_Practica6_Parte3.c: 219:     switch (PORTB) {
  3451   0015EA  EF07  F00B         	goto	l2465
  3452   0015EE                     l2455:
  3453   0015EE  0E01               	movlw	1
  3454   0015F0  6E0B               	movwf	LeerTeclado@tecla^0,c
  3455   0015F2  EF24  F00B         	goto	l2467
  3456   0015F6                     l2457:
  3457   0015F6  0E02               	movlw	2
  3458   0015F8  6E0B               	movwf	LeerTeclado@tecla^0,c
  3459   0015FA  EF24  F00B         	goto	l2467
  3460   0015FE                     l2459:
  3461   0015FE  0E03               	movlw	3
  3462   001600  6E0B               	movwf	LeerTeclado@tecla^0,c
  3463   001602  EF24  F00B         	goto	l2467
  3464   001606                     l2461:
  3465   001606  0E0A               	movlw	10
  3466   001608  6E0B               	movwf	LeerTeclado@tecla^0,c
  3467   00160A  EF24  F00B         	goto	l2467
  3468   00160E                     l2465:
  3469   00160E  5081               	movf	129,w,c	;volatile
  3470   001610  6E09               	movwf	??_LeerTeclado^0,c
  3471   001612  6A0A               	clrf	(??_LeerTeclado+1)^0,c
  3472                           
  3473                           ; Switch on 2 bytes has been partitioned into a top level switch of size 1, and 1 sub-sw
      +                          itches
  3474                           ; Switch size 1, requested type "simple"
  3475                           ; Number of cases is 1, Range of values is 0 to 0
  3476                           ; switch strategies available:
  3477                           ; Name         Instructions Cycles
  3478                           ; simple_byte            4     3 (average)
  3479                           ;	Chosen strategy is simple_byte
  3480   001614  500A               	movf	(??_LeerTeclado+1)^0,w,c
  3481   001616  0A00               	xorlw	0	; case 0
  3482   001618  B4D8               	btfsc	status,2,c
  3483   00161A  EF11  F00B         	goto	l2875
  3484   00161E  EF24  F00B         	goto	l2467
  3485   001622                     l2875:
  3486                           
  3487                           ; Switch size 1, requested type "simple"
  3488                           ; Number of cases is 4, Range of values is 119 to 126
  3489                           ; switch strategies available:
  3490                           ; Name         Instructions Cycles
  3491                           ; simple_byte           13     7 (average)
  3492                           ;	Chosen strategy is simple_byte
  3493   001622  5009               	movf	??_LeerTeclado^0,w,c
  3494   001624  0A77               	xorlw	119	; case 119
  3495   001626  B4D8               	btfsc	status,2,c
  3496   001628  EFF7  F00A         	goto	l2455
  3497   00162C  0A0C               	xorlw	12	; case 123
  3498   00162E  B4D8               	btfsc	status,2,c
  3499   001630  EFFB  F00A         	goto	l2457
  3500   001634  0A06               	xorlw	6	; case 125
  3501   001636  B4D8               	btfsc	status,2,c
  3502   001638  EFFF  F00A         	goto	l2459
  3503   00163C  0A03               	xorlw	3	; case 126
  3504   00163E  B4D8               	btfsc	status,2,c
  3505   001640  EF03  F00B         	goto	l2461
  3506   001644  EF24  F00B         	goto	l2467
  3507   001648                     l2467:
  3508                           
  3509                           ;Codigo_Practica6_Parte3.c: 228:     LATB = 0b10110000;
  3510   001648  0EB0               	movlw	176
  3511   00164A  6E8A               	movwf	138,c	;volatile
  3512   00164C                     
  3513                           ;Codigo_Practica6_Parte3.c: 229:     DelayXms(5);
  3514   00164C  0E00               	movlw	0
  3515   00164E  6E05               	movwf	(DelayXms@Milis+1)^0,c
  3516   001650  0E05               	movlw	5
  3517   001652  6E04               	movwf	DelayXms@Milis^0,c
  3518   001654  EC61  F00F         	call	_DelayXms	;wreg free
  3519                           
  3520                           ;Codigo_Practica6_Parte3.c: 230:     switch (PORTB) {
  3521   001658  EF3E  F00B         	goto	l2481
  3522   00165C                     l2471:
  3523   00165C  0E04               	movlw	4
  3524   00165E  6E0B               	movwf	LeerTeclado@tecla^0,c
  3525   001660  EF5B  F00B         	goto	l2483
  3526   001664                     l2473:
  3527   001664  0E05               	movlw	5
  3528   001666  6E0B               	movwf	LeerTeclado@tecla^0,c
  3529   001668  EF5B  F00B         	goto	l2483
  3530   00166C                     l2475:
  3531   00166C  0E06               	movlw	6
  3532   00166E  6E0B               	movwf	LeerTeclado@tecla^0,c
  3533   001670  EF5B  F00B         	goto	l2483
  3534   001674                     l2477:
  3535   001674  0E0B               	movlw	11
  3536   001676  6E0B               	movwf	LeerTeclado@tecla^0,c
  3537   001678  EF5B  F00B         	goto	l2483
  3538   00167C                     l2481:
  3539   00167C  5081               	movf	129,w,c	;volatile
  3540   00167E  6E09               	movwf	??_LeerTeclado^0,c
  3541   001680  6A0A               	clrf	(??_LeerTeclado+1)^0,c
  3542                           
  3543                           ; Switch on 2 bytes has been partitioned into a top level switch of size 1, and 1 sub-sw
      +                          itches
  3544                           ; Switch size 1, requested type "simple"
  3545                           ; Number of cases is 1, Range of values is 0 to 0
  3546                           ; switch strategies available:
  3547                           ; Name         Instructions Cycles
  3548                           ; simple_byte            4     3 (average)
  3549                           ;	Chosen strategy is simple_byte
  3550   001682  500A               	movf	(??_LeerTeclado+1)^0,w,c
  3551   001684  0A00               	xorlw	0	; case 0
  3552   001686  B4D8               	btfsc	status,2,c
  3553   001688  EF48  F00B         	goto	l2877
  3554   00168C  EF5B  F00B         	goto	l2483
  3555   001690                     l2877:
  3556                           
  3557                           ; Switch size 1, requested type "simple"
  3558                           ; Number of cases is 4, Range of values is 183 to 190
  3559                           ; switch strategies available:
  3560                           ; Name         Instructions Cycles
  3561                           ; simple_byte           13     7 (average)
  3562                           ;	Chosen strategy is simple_byte
  3563   001690  5009               	movf	??_LeerTeclado^0,w,c
  3564   001692  0AB7               	xorlw	183	; case 183
  3565   001694  B4D8               	btfsc	status,2,c
  3566   001696  EF2E  F00B         	goto	l2471
  3567   00169A  0A0C               	xorlw	12	; case 187
  3568   00169C  B4D8               	btfsc	status,2,c
  3569   00169E  EF32  F00B         	goto	l2473
  3570   0016A2  0A06               	xorlw	6	; case 189
  3571   0016A4  B4D8               	btfsc	status,2,c
  3572   0016A6  EF36  F00B         	goto	l2475
  3573   0016AA  0A03               	xorlw	3	; case 190
  3574   0016AC  B4D8               	btfsc	status,2,c
  3575   0016AE  EF3A  F00B         	goto	l2477
  3576   0016B2  EF5B  F00B         	goto	l2483
  3577   0016B6                     l2483:
  3578                           
  3579                           ;Codigo_Practica6_Parte3.c: 238:     LATB = 0b11010000;
  3580   0016B6  0ED0               	movlw	208
  3581   0016B8  6E8A               	movwf	138,c	;volatile
  3582   0016BA                     
  3583                           ;Codigo_Practica6_Parte3.c: 239:     DelayXms(5);
  3584   0016BA  0E00               	movlw	0
  3585   0016BC  6E05               	movwf	(DelayXms@Milis+1)^0,c
  3586   0016BE  0E05               	movlw	5
  3587   0016C0  6E04               	movwf	DelayXms@Milis^0,c
  3588   0016C2  EC61  F00F         	call	_DelayXms	;wreg free
  3589                           
  3590                           ;Codigo_Practica6_Parte3.c: 240:     switch (PORTB) {
  3591   0016C6  EF75  F00B         	goto	l2497
  3592   0016CA                     l2487:
  3593   0016CA  0E07               	movlw	7
  3594   0016CC  6E0B               	movwf	LeerTeclado@tecla^0,c
  3595   0016CE  EF92  F00B         	goto	l2499
  3596   0016D2                     l2489:
  3597   0016D2  0E08               	movlw	8
  3598   0016D4  6E0B               	movwf	LeerTeclado@tecla^0,c
  3599   0016D6  EF92  F00B         	goto	l2499
  3600   0016DA                     l2491:
  3601   0016DA  0E09               	movlw	9
  3602   0016DC  6E0B               	movwf	LeerTeclado@tecla^0,c
  3603   0016DE  EF92  F00B         	goto	l2499
  3604   0016E2                     l2493:
  3605   0016E2  0E0C               	movlw	12
  3606   0016E4  6E0B               	movwf	LeerTeclado@tecla^0,c
  3607   0016E6  EF92  F00B         	goto	l2499
  3608   0016EA                     l2497:
  3609   0016EA  5081               	movf	129,w,c	;volatile
  3610   0016EC  6E09               	movwf	??_LeerTeclado^0,c
  3611   0016EE  6A0A               	clrf	(??_LeerTeclado+1)^0,c
  3612                           
  3613                           ; Switch on 2 bytes has been partitioned into a top level switch of size 1, and 1 sub-sw
      +                          itches
  3614                           ; Switch size 1, requested type "simple"
  3615                           ; Number of cases is 1, Range of values is 0 to 0
  3616                           ; switch strategies available:
  3617                           ; Name         Instructions Cycles
  3618                           ; simple_byte            4     3 (average)
  3619                           ;	Chosen strategy is simple_byte
  3620   0016F0  500A               	movf	(??_LeerTeclado+1)^0,w,c
  3621   0016F2  0A00               	xorlw	0	; case 0
  3622   0016F4  B4D8               	btfsc	status,2,c
  3623   0016F6  EF7F  F00B         	goto	l2879
  3624   0016FA  EF92  F00B         	goto	l2499
  3625   0016FE                     l2879:
  3626                           
  3627                           ; Switch size 1, requested type "simple"
  3628                           ; Number of cases is 4, Range of values is 215 to 222
  3629                           ; switch strategies available:
  3630                           ; Name         Instructions Cycles
  3631                           ; simple_byte           13     7 (average)
  3632                           ;	Chosen strategy is simple_byte
  3633   0016FE  5009               	movf	??_LeerTeclado^0,w,c
  3634   001700  0AD7               	xorlw	215	; case 215
  3635   001702  B4D8               	btfsc	status,2,c
  3636   001704  EF65  F00B         	goto	l2487
  3637   001708  0A0C               	xorlw	12	; case 219
  3638   00170A  B4D8               	btfsc	status,2,c
  3639   00170C  EF69  F00B         	goto	l2489
  3640   001710  0A06               	xorlw	6	; case 221
  3641   001712  B4D8               	btfsc	status,2,c
  3642   001714  EF6D  F00B         	goto	l2491
  3643   001718  0A03               	xorlw	3	; case 222
  3644   00171A  B4D8               	btfsc	status,2,c
  3645   00171C  EF71  F00B         	goto	l2493
  3646   001720  EF92  F00B         	goto	l2499
  3647   001724                     l2499:
  3648                           
  3649                           ;Codigo_Practica6_Parte3.c: 248:     LATB = 0b11100000;
  3650   001724  0EE0               	movlw	224
  3651   001726  6E8A               	movwf	138,c	;volatile
  3652   001728                     
  3653                           ;Codigo_Practica6_Parte3.c: 249:     DelayXms(5);
  3654   001728  0E00               	movlw	0
  3655   00172A  6E05               	movwf	(DelayXms@Milis+1)^0,c
  3656   00172C  0E05               	movlw	5
  3657   00172E  6E04               	movwf	DelayXms@Milis^0,c
  3658   001730  EC61  F00F         	call	_DelayXms	;wreg free
  3659                           
  3660                           ;Codigo_Practica6_Parte3.c: 250:     switch (PORTB) {
  3661   001734  EFAC  F00B         	goto	l2513
  3662   001738                     l2503:
  3663   001738  0E0E               	movlw	14
  3664   00173A  6E0B               	movwf	LeerTeclado@tecla^0,c
  3665   00173C  EFC9  F00B         	goto	l2515
  3666   001740                     l2505:
  3667   001740  0E00               	movlw	0
  3668   001742  6E0B               	movwf	LeerTeclado@tecla^0,c
  3669   001744  EFC9  F00B         	goto	l2515
  3670   001748                     l2507:
  3671   001748  0E0F               	movlw	15
  3672   00174A  6E0B               	movwf	LeerTeclado@tecla^0,c
  3673   00174C  EFC9  F00B         	goto	l2515
  3674   001750                     l2509:
  3675   001750  0E0D               	movlw	13
  3676   001752  6E0B               	movwf	LeerTeclado@tecla^0,c
  3677   001754  EFC9  F00B         	goto	l2515
  3678   001758                     l2513:
  3679   001758  5081               	movf	129,w,c	;volatile
  3680   00175A  6E09               	movwf	??_LeerTeclado^0,c
  3681   00175C  6A0A               	clrf	(??_LeerTeclado+1)^0,c
  3682                           
  3683                           ; Switch on 2 bytes has been partitioned into a top level switch of size 1, and 1 sub-sw
      +                          itches
  3684                           ; Switch size 1, requested type "simple"
  3685                           ; Number of cases is 1, Range of values is 0 to 0
  3686                           ; switch strategies available:
  3687                           ; Name         Instructions Cycles
  3688                           ; simple_byte            4     3 (average)
  3689                           ;	Chosen strategy is simple_byte
  3690   00175E  500A               	movf	(??_LeerTeclado+1)^0,w,c
  3691   001760  0A00               	xorlw	0	; case 0
  3692   001762  B4D8               	btfsc	status,2,c
  3693   001764  EFB6  F00B         	goto	l2881
  3694   001768  EFC9  F00B         	goto	l2515
  3695   00176C                     l2881:
  3696                           
  3697                           ; Switch size 1, requested type "simple"
  3698                           ; Number of cases is 4, Range of values is 231 to 238
  3699                           ; switch strategies available:
  3700                           ; Name         Instructions Cycles
  3701                           ; simple_byte           13     7 (average)
  3702                           ;	Chosen strategy is simple_byte
  3703   00176C  5009               	movf	??_LeerTeclado^0,w,c
  3704   00176E  0AE7               	xorlw	231	; case 231
  3705   001770  B4D8               	btfsc	status,2,c
  3706   001772  EF9C  F00B         	goto	l2503
  3707   001776  0A0C               	xorlw	12	; case 235
  3708   001778  B4D8               	btfsc	status,2,c
  3709   00177A  EFA0  F00B         	goto	l2505
  3710   00177E  0A06               	xorlw	6	; case 237
  3711   001780  B4D8               	btfsc	status,2,c
  3712   001782  EFA4  F00B         	goto	l2507
  3713   001786  0A03               	xorlw	3	; case 238
  3714   001788  B4D8               	btfsc	status,2,c
  3715   00178A  EFA8  F00B         	goto	l2509
  3716   00178E  EFC9  F00B         	goto	l2515
  3717   001792                     l2515:
  3718                           
  3719                           ;Codigo_Practica6_Parte3.c: 258:     if (tecla != 0xFF) {
  3720   001792  280B               	incf	LeerTeclado@tecla^0,w,c
  3721   001794  B4D8               	btfsc	status,2,c
  3722   001796  EFCF  F00B         	goto	u2111
  3723   00179A  EFD1  F00B         	goto	u2110
  3724   00179E                     u2111:
  3725   00179E  EFD7  F00B         	goto	l2519
  3726   0017A2                     u2110:
  3727   0017A2                     
  3728                           ;Codigo_Practica6_Parte3.c: 259:         DelayXms(50);
  3729   0017A2  0E00               	movlw	0
  3730   0017A4  6E05               	movwf	(DelayXms@Milis+1)^0,c
  3731   0017A6  0E32               	movlw	50
  3732   0017A8  6E04               	movwf	DelayXms@Milis^0,c
  3733   0017AA  EC61  F00F         	call	_DelayXms	;wreg free
  3734   0017AE                     l2519:
  3735                           
  3736                           ;Codigo_Practica6_Parte3.c: 261:     return tecla;
  3737   0017AE  500B               	movf	LeerTeclado@tecla^0,w,c
  3738   0017B0  0012               	return		;funcret
  3739   0017B2                     __end_of_LeerTeclado:
  3740                           	callstack 0
  3741                           
  3742 ;; *************** function _LeerPasswordEEPROM *****************
  3743 ;; Defined at:
  3744 ;;		line 350 in file "Codigo_Practica6_Parte3.c"
  3745 ;; Parameters:    Size  Location     Type
  3746 ;;  clave           1    2[COMRAM] PTR unsigned char 
  3747 ;;		 -> main@clave(3), 
  3748 ;; Auto vars:     Size  Location     Type
  3749 ;;		None
  3750 ;; Return value:  Size  Location     Type
  3751 ;;                  1    wreg      void 
  3752 ;; Registers used:
  3753 ;;		wreg, fsr2l, fsr2h, status,2, status,0, cstack
  3754 ;; Tracked objects:
  3755 ;;		On entry : 0/0
  3756 ;;		On exit  : 0/0
  3757 ;;		Unchanged: 0/0
  3758 ;; Data sizes:     COMRAM   BANK0   BANK1   BANK2   BANK3   BANK4   BANK5   BANK6   BANK7
  3759 ;;      Params:         1       0       0       0       0       0       0       0       0
  3760 ;;      Locals:         0       0       0       0       0       0       0       0       0
  3761 ;;      Temps:          0       0       0       0       0       0       0       0       0
  3762 ;;      Totals:         1       0       0       0       0       0       0       0       0
  3763 ;;Total ram usage:        1 bytes
  3764 ;; Hardware stack levels used: 1
  3765 ;; Hardware stack levels required when called: 3
  3766 ;; This function calls:
  3767 ;;		_EEPROM_ReadByte
  3768 ;; This function is called by:
  3769 ;;		_main
  3770 ;; This function uses a non-reentrant model
  3771 ;;
  3772                           
  3773                           	psect	text11
  3774   001E8E                     __ptext11:
  3775                           	callstack 0
  3776   001E8E                     _LeerPasswordEEPROM:
  3777                           	callstack 27
  3778   001E8E                     
  3779                           ;Codigo_Practica6_Parte3.c: 351:     clave[0]=EEPROM_ReadByte(0);
  3780   001E8E  5003               	movf	LeerPasswordEEPROM@clave^0,w,c
  3781   001E90  6ED9               	movwf	fsr2l,c
  3782   001E92  6ADA               	clrf	fsr2h,c
  3783   001E94  0E00               	movlw	0
  3784   001E96  ECE3  F00F         	call	_EEPROM_ReadByte
  3785   001E9A  6EDF               	movwf	indf2,c
  3786   001E9C                     
  3787                           ;Codigo_Practica6_Parte3.c: 352:     clave[1]=EEPROM_ReadByte(1);
  3788   001E9C  5003               	movf	LeerPasswordEEPROM@clave^0,w,c
  3789   001E9E  6ED9               	movwf	fsr2l,c
  3790   001EA0  6ADA               	clrf	fsr2h,c
  3791   001EA2  0E01               	movlw	1
  3792   001EA4  26D9               	addwf	fsr2l,f,c
  3793   001EA6  0E01               	movlw	1
  3794   001EA8  ECE3  F00F         	call	_EEPROM_ReadByte
  3795   001EAC  6EDF               	movwf	indf2,c
  3796   001EAE                     
  3797                           ;Codigo_Practica6_Parte3.c: 353:     clave[2]=EEPROM_ReadByte(2);
  3798   001EAE  5003               	movf	LeerPasswordEEPROM@clave^0,w,c
  3799   001EB0  6ED9               	movwf	fsr2l,c
  3800   001EB2  6ADA               	clrf	fsr2h,c
  3801   001EB4  0E02               	movlw	2
  3802   001EB6  26D9               	addwf	fsr2l,f,c
  3803   001EB8  0E02               	movlw	2
  3804   001EBA  ECE3  F00F         	call	_EEPROM_ReadByte
  3805   001EBE  6EDF               	movwf	indf2,c
  3806   001EC0  0012               	return		;funcret
  3807   001EC2                     __end_of_LeerPasswordEEPROM:
  3808                           	callstack 0
  3809                           
  3810 ;; *************** function _LCD_DosLineas *****************
  3811 ;; Defined at:
  3812 ;;		line 204 in file "Codigo_Practica6_Parte3.c"
  3813 ;; Parameters:    Size  Location     Type
  3814 ;;  Linea1          1   11[COMRAM] PTR unsigned char 
  3815 ;;		 -> STR_25(17), STR_23(13), STR_21(17), STR_19(6), 
  3816 ;;		 -> STR_17(8), STR_15(8), STR_13(17), STR_11(6), 
  3817 ;;		 -> STR_9(17), STR_7(4), STR_5(17), STR_2(15), 
  3818 ;;  Linea2          1   12[COMRAM] PTR unsigned char 
  3819 ;;		 -> STR_26(1), STR_24(5), STR_22(1), STR_20(9), 
  3820 ;;		 -> STR_18(1), STR_16(10), STR_14(1), STR_12(11), 
  3821 ;;		 -> STR_10(1), STR_8(9), STR_6(1), STR_3(7), 
  3822 ;; Auto vars:     Size  Location     Type
  3823 ;;		None
  3824 ;; Return value:  Size  Location     Type
  3825 ;;                  1    wreg      void 
  3826 ;; Registers used:
  3827 ;;		wreg, status,2, status,0, tblptrl, tblptrh, tblptru, cstack
  3828 ;; Tracked objects:
  3829 ;;		On entry : 0/0
  3830 ;;		On exit  : 0/0
  3831 ;;		Unchanged: 0/0
  3832 ;; Data sizes:     COMRAM   BANK0   BANK1   BANK2   BANK3   BANK4   BANK5   BANK6   BANK7
  3833 ;;      Params:         2       0       0       0       0       0       0       0       0
  3834 ;;      Locals:         0       0       0       0       0       0       0       0       0
  3835 ;;      Temps:          0       0       0       0       0       0       0       0       0
  3836 ;;      Totals:         2       0       0       0       0       0       0       0       0
  3837 ;;Total ram usage:        2 bytes
  3838 ;; Hardware stack levels used: 1
  3839 ;; Hardware stack levels required when called: 7
  3840 ;; This function calls:
  3841 ;;		_LCD_Comando
  3842 ;;		_LCD_Linea2
  3843 ;;		_LCD_Texto
  3844 ;; This function is called by:
  3845 ;;		_main
  3846 ;; This function uses a non-reentrant model
  3847 ;;
  3848                           
  3849                           	psect	text12
  3850   001F94                     __ptext12:
  3851                           	callstack 0
  3852   001F94                     _LCD_DosLineas:
  3853                           	callstack 23
  3854   001F94                     
  3855                           ;Codigo_Practica6_Parte3.c: 205:     LCD_Comando(0x01);
  3856   001F94  0E01               	movlw	1
  3857   001F96  ECFF  F00F         	call	_LCD_Comando
  3858   001F9A                     
  3859                           ;Codigo_Practica6_Parte3.c: 206:     LCD_Texto(Linea1);
  3860   001F9A  C00C  F008         	movff	LCD_DosLineas@Linea1,LCD_Texto@PALABRA
  3861   001F9E  ECC5  F00E         	call	_LCD_Texto	;wreg free
  3862   001FA2                     
  3863                           ;Codigo_Practica6_Parte3.c: 207:     LCD_Linea2();
  3864   001FA2  EC05  F010         	call	_LCD_Linea2	;wreg free
  3865                           
  3866                           ;Codigo_Practica6_Parte3.c: 208:     LCD_Texto(Linea2);
  3867   001FA6  C00D  F008         	movff	LCD_DosLineas@Linea2,LCD_Texto@PALABRA
  3868   001FAA  ECC5  F00E         	call	_LCD_Texto	;wreg free
  3869   001FAE  0012               	return		;funcret
  3870   001FB0                     __end_of_LCD_DosLineas:
  3871                           	callstack 0
  3872                           
  3873 ;; *************** function _LCD_Texto *****************
  3874 ;; Defined at:
  3875 ;;		line 168 in file "Codigo_Practica6_Parte3.c"
  3876 ;; Parameters:    Size  Location     Type
  3877 ;;  PALABRA         1    7[COMRAM] PTR unsigned char 
  3878 ;;		 -> STR_26(1), STR_25(17), STR_24(5), STR_23(13), 
  3879 ;;		 -> STR_22(1), STR_21(17), STR_20(9), STR_19(6), 
  3880 ;;		 -> STR_18(1), STR_17(8), STR_16(10), STR_15(8), 
  3881 ;;		 -> STR_14(1), STR_13(17), STR_12(11), STR_11(6), 
  3882 ;;		 -> STR_10(1), STR_9(17), STR_8(9), STR_7(4), 
  3883 ;;		 -> STR_6(1), STR_5(17), STR_4(11), STR_3(7), 
  3884 ;;		 -> STR_2(15), STR_1(8), 
  3885 ;; Auto vars:     Size  Location     Type
  3886 ;;  i               2    9[COMRAM] int 
  3887 ;; Return value:  Size  Location     Type
  3888 ;;                  1    wreg      void 
  3889 ;; Registers used:
  3890 ;;		wreg, status,2, status,0, tblptrl, tblptrh, tblptru, cstack
  3891 ;; Tracked objects:
  3892 ;;		On entry : 0/0
  3893 ;;		On exit  : 0/0
  3894 ;;		Unchanged: 0/0
  3895 ;; Data sizes:     COMRAM   BANK0   BANK1   BANK2   BANK3   BANK4   BANK5   BANK6   BANK7
  3896 ;;      Params:         1       0       0       0       0       0       0       0       0
  3897 ;;      Locals:         2       0       0       0       0       0       0       0       0
  3898 ;;      Temps:          1       0       0       0       0       0       0       0       0
  3899 ;;      Totals:         4       0       0       0       0       0       0       0       0
  3900 ;;Total ram usage:        4 bytes
  3901 ;; Hardware stack levels used: 1
  3902 ;; Hardware stack levels required when called: 6
  3903 ;; This function calls:
  3904 ;;		_LCD_Caracter
  3905 ;; This function is called by:
  3906 ;;		_LCD_DosLineas
  3907 ;;		_main
  3908 ;;		_VerificarPassword
  3909 ;; This function uses a non-reentrant model
  3910 ;;
  3911                           
  3912                           	psect	text13
  3913   001D8A                     __ptext13:
  3914                           	callstack 0
  3915   001D8A                     _LCD_Texto:
  3916                           	callstack 24
  3917   001D8A                     
  3918                           ;Codigo_Practica6_Parte3.c: 171:      for(int i=0; PALABRA[i]; i++){
  3919   001D8A  0E00               	movlw	0
  3920   001D8C  6E0B               	movwf	(LCD_Texto@i+1)^0,c
  3921   001D8E  0E00               	movlw	0
  3922   001D90  6E0A               	movwf	LCD_Texto@i^0,c
  3923   001D92  EFD8  F00E         	goto	l1991
  3924   001D96                     l1987:
  3925                           
  3926                           ;Codigo_Practica6_Parte3.c: 172:         LCD_Caracter(PALABRA[i]);
  3927   001D96  5008               	movf	LCD_Texto@PALABRA^0,w,c
  3928   001D98  240A               	addwf	LCD_Texto@i^0,w,c
  3929   001D9A  6E09               	movwf	??_LCD_Texto^0,c
  3930   001D9C  C009  FFF6         	movff	??_LCD_Texto,tblptrl
  3931   001DA0                     	if	1	;There is more than 1 active tblptr byte
  3932   001DA0  0E08               	movlw	high __smallconst
  3933   001DA2  6EF7               	movwf	tblptrh,c
  3934   001DA4                     	endif
  3935   001DA4                     	if	0	;tblptru may be non-zero
  3936   001DA4                     	endif
  3937   001DA4                     	if	0	;tblptru may be non-zero
  3938   001DA4                     	endif
  3939   001DA4  0008               	tblrd		*
  3940   001DA6  50F5               	movf	tablat,w,c
  3941   001DA8  ECF9  F00F         	call	_LCD_Caracter
  3942   001DAC                     
  3943                           ;Codigo_Practica6_Parte3.c: 173:     }
  3944   001DAC  4A0A               	infsnz	LCD_Texto@i^0,f,c
  3945   001DAE  2A0B               	incf	(LCD_Texto@i+1)^0,f,c
  3946   001DB0                     l1991:
  3947   001DB0  5008               	movf	LCD_Texto@PALABRA^0,w,c
  3948   001DB2  240A               	addwf	LCD_Texto@i^0,w,c
  3949   001DB4  6E09               	movwf	??_LCD_Texto^0,c
  3950   001DB6  C009  FFF6         	movff	??_LCD_Texto,tblptrl
  3951   001DBA                     	if	1	;There is more than 1 active tblptr byte
  3952   001DBA  0E08               	movlw	high __smallconst
  3953   001DBC  6EF7               	movwf	tblptrh,c
  3954   001DBE                     	endif
  3955   001DBE                     	if	0	;tblptru may be non-zero
  3956   001DBE                     	endif
  3957   001DBE                     	if	0	;tblptru may be non-zero
  3958   001DBE                     	endif
  3959   001DBE  0008               	tblrd		*
  3960   001DC0  50F5               	movf	tablat,w,c
  3961   001DC2  0900               	iorlw	0
  3962   001DC4  A4D8               	btfss	status,2,c
  3963   001DC6  EFE7  F00E         	goto	u1301
  3964   001DCA  EFE9  F00E         	goto	u1300
  3965   001DCE                     u1301:
  3966   001DCE  EFCB  F00E         	goto	l1987
  3967   001DD2                     u1300:
  3968   001DD2  0012               	return		;funcret
  3969   001DD4                     __end_of_LCD_Texto:
  3970                           	callstack 0
  3971                           
  3972 ;; *************** function _LCD_Caracter *****************
  3973 ;; Defined at:
  3974 ;;		line 163 in file "Codigo_Practica6_Parte3.c"
  3975 ;; Parameters:    Size  Location     Type
  3976 ;;  dato            1    wreg     unsigned char 
  3977 ;; Auto vars:     Size  Location     Type
  3978 ;;  dato            1    6[COMRAM] unsigned char 
  3979 ;; Return value:  Size  Location     Type
  3980 ;;                  1    wreg      void 
  3981 ;; Registers used:
  3982 ;;		wreg, status,2, status,0, cstack
  3983 ;; Tracked objects:
  3984 ;;		On entry : 0/0
  3985 ;;		On exit  : 0/0
  3986 ;;		Unchanged: 0/0
  3987 ;; Data sizes:     COMRAM   BANK0   BANK1   BANK2   BANK3   BANK4   BANK5   BANK6   BANK7
  3988 ;;      Params:         0       0       0       0       0       0       0       0       0
  3989 ;;      Locals:         1       0       0       0       0       0       0       0       0
  3990 ;;      Temps:          0       0       0       0       0       0       0       0       0
  3991 ;;      Totals:         1       0       0       0       0       0       0       0       0
  3992 ;;Total ram usage:        1 bytes
  3993 ;; Hardware stack levels used: 1
  3994 ;; Hardware stack levels required when called: 5
  3995 ;; This function calls:
  3996 ;;		_TxDato
  3997 ;; This function is called by:
  3998 ;;		_LCD_Texto
  3999 ;;		_main
  4000 ;; This function uses a non-reentrant model
  4001 ;;
  4002                           
  4003                           	psect	text14
  4004   001FF2                     __ptext14:
  4005                           	callstack 0
  4006   001FF2                     _LCD_Caracter:
  4007                           	callstack 24
  4008                           
  4009                           ;incstack = 0
  4010                           ;LCD_Caracter@dato stored from wreg
  4011   001FF2  6E07               	movwf	LCD_Caracter@dato^0,c
  4012   001FF4                     
  4013                           ;Codigo_Practica6_Parte3.c: 164:     LATDbits.LATD1 = 1;
  4014   001FF4  828C               	bsf	140,1,c	;volatile
  4015   001FF6                     
  4016                           ;Codigo_Practica6_Parte3.c: 165:     TxDato(dato);
  4017   001FF6  5007               	movf	LCD_Caracter@dato^0,w,c
  4018   001FF8  ECB8  F00D         	call	_TxDato
  4019   001FFC  0012               	return		;funcret
  4020   001FFE                     __end_of_LCD_Caracter:
  4021                           	callstack 0
  4022                           
  4023 ;; *************** function _LCD_Linea2 *****************
  4024 ;; Defined at:
  4025 ;;		line 198 in file "Codigo_Practica6_Parte3.c"
  4026 ;; Parameters:    Size  Location     Type
  4027 ;;		None
  4028 ;; Auto vars:     Size  Location     Type
  4029 ;;		None
  4030 ;; Return value:  Size  Location     Type
  4031 ;;                  1    wreg      void 
  4032 ;; Registers used:
  4033 ;;		wreg, status,2, status,0, cstack
  4034 ;; Tracked objects:
  4035 ;;		On entry : 0/0
  4036 ;;		On exit  : 0/0
  4037 ;;		Unchanged: 0/0
  4038 ;; Data sizes:     COMRAM   BANK0   BANK1   BANK2   BANK3   BANK4   BANK5   BANK6   BANK7
  4039 ;;      Params:         0       0       0       0       0       0       0       0       0
  4040 ;;      Locals:         0       0       0       0       0       0       0       0       0
  4041 ;;      Temps:          0       0       0       0       0       0       0       0       0
  4042 ;;      Totals:         0       0       0       0       0       0       0       0       0
  4043 ;;Total ram usage:        0 bytes
  4044 ;; Hardware stack levels used: 1
  4045 ;; Hardware stack levels required when called: 6
  4046 ;; This function calls:
  4047 ;;		_LCD_Comando
  4048 ;; This function is called by:
  4049 ;;		_LCD_DosLineas
  4050 ;;		_main
  4051 ;;		_VerificarPassword
  4052 ;; This function uses a non-reentrant model
  4053 ;;
  4054                           
  4055                           	psect	text15
  4056   00200A                     __ptext15:
  4057                           	callstack 0
  4058   00200A                     _LCD_Linea2:
  4059                           	callstack 24
  4060   00200A                     
  4061                           ;Codigo_Practica6_Parte3.c: 199:     LCD_Comando(0xC0);
  4062   00200A  0EC0               	movlw	192
  4063   00200C  ECFF  F00F         	call	_LCD_Comando
  4064   002010  0012               	return		;funcret
  4065   002012                     __end_of_LCD_Linea2:
  4066                           	callstack 0
  4067                           
  4068 ;; *************** function _InitLCD *****************
  4069 ;; Defined at:
  4070 ;;		line 178 in file "Codigo_Practica6_Parte3.c"
  4071 ;; Parameters:    Size  Location     Type
  4072 ;;		None
  4073 ;; Auto vars:     Size  Location     Type
  4074 ;;		None
  4075 ;; Return value:  Size  Location     Type
  4076 ;;                  1    wreg      void 
  4077 ;; Registers used:
  4078 ;;		wreg, status,2, status,0, cstack
  4079 ;; Tracked objects:
  4080 ;;		On entry : 0/0
  4081 ;;		On exit  : 0/0
  4082 ;;		Unchanged: 0/0
  4083 ;; Data sizes:     COMRAM   BANK0   BANK1   BANK2   BANK3   BANK4   BANK5   BANK6   BANK7
  4084 ;;      Params:         0       0       0       0       0       0       0       0       0
  4085 ;;      Locals:         0       0       0       0       0       0       0       0       0
  4086 ;;      Temps:          0       0       0       0       0       0       0       0       0
  4087 ;;      Totals:         0       0       0       0       0       0       0       0       0
  4088 ;;Total ram usage:        0 bytes
  4089 ;; Hardware stack levels used: 1
  4090 ;; Hardware stack levels required when called: 6
  4091 ;; This function calls:
  4092 ;;		_DelayXms
  4093 ;;		_LCD_Comando
  4094 ;; This function is called by:
  4095 ;;		_main
  4096 ;; This function uses a non-reentrant model
  4097 ;;
  4098                           
  4099                           	psect	text16
  4100   001E16                     __ptext16:
  4101                           	callstack 0
  4102   001E16                     _InitLCD:
  4103                           	callstack 24
  4104   001E16                     
  4105                           ;Codigo_Practica6_Parte3.c: 180:     DelayXms(15);
  4106   001E16  0E00               	movlw	0
  4107   001E18  6E05               	movwf	(DelayXms@Milis+1)^0,c
  4108   001E1A  0E0F               	movlw	15
  4109   001E1C  6E04               	movwf	DelayXms@Milis^0,c
  4110   001E1E  EC61  F00F         	call	_DelayXms	;wreg free
  4111                           
  4112                           ;Codigo_Practica6_Parte3.c: 183:     LCD_Comando(0x33);
  4113   001E22  0E33               	movlw	51
  4114   001E24  ECFF  F00F         	call	_LCD_Comando
  4115                           
  4116                           ;Codigo_Practica6_Parte3.c: 184:     LCD_Comando(0x32);
  4117   001E28  0E32               	movlw	50
  4118   001E2A  ECFF  F00F         	call	_LCD_Comando
  4119                           
  4120                           ;Codigo_Practica6_Parte3.c: 186:     LCD_Comando(0x28);
  4121   001E2E  0E28               	movlw	40
  4122   001E30  ECFF  F00F         	call	_LCD_Comando
  4123                           
  4124                           ;Codigo_Practica6_Parte3.c: 187:     LCD_Comando(0x0C);
  4125   001E34  0E0C               	movlw	12
  4126   001E36  ECFF  F00F         	call	_LCD_Comando
  4127                           
  4128                           ;Codigo_Practica6_Parte3.c: 188:     LCD_Comando(0x06);
  4129   001E3A  0E06               	movlw	6
  4130   001E3C  ECFF  F00F         	call	_LCD_Comando
  4131                           
  4132                           ;Codigo_Practica6_Parte3.c: 191:     LCD_Comando(0x01);
  4133   001E40  0E01               	movlw	1
  4134   001E42  ECFF  F00F         	call	_LCD_Comando
  4135                           
  4136                           ;Codigo_Practica6_Parte3.c: 193:     DelayXms(5);
  4137   001E46  0E00               	movlw	0
  4138   001E48  6E05               	movwf	(DelayXms@Milis+1)^0,c
  4139   001E4A  0E05               	movlw	5
  4140   001E4C  6E04               	movwf	DelayXms@Milis^0,c
  4141   001E4E  EC61  F00F         	call	_DelayXms	;wreg free
  4142   001E52  0012               	return		;funcret
  4143   001E54                     __end_of_InitLCD:
  4144                           	callstack 0
  4145                           
  4146 ;; *************** function _LCD_Comando *****************
  4147 ;; Defined at:
  4148 ;;		line 155 in file "Codigo_Practica6_Parte3.c"
  4149 ;; Parameters:    Size  Location     Type
  4150 ;;  cmd             1    wreg     unsigned char 
  4151 ;; Auto vars:     Size  Location     Type
  4152 ;;  cmd             1    6[COMRAM] unsigned char 
  4153 ;; Return value:  Size  Location     Type
  4154 ;;                  1    wreg      void 
  4155 ;; Registers used:
  4156 ;;		wreg, status,2, status,0, cstack
  4157 ;; Tracked objects:
  4158 ;;		On entry : 0/0
  4159 ;;		On exit  : 0/0
  4160 ;;		Unchanged: 0/0
  4161 ;; Data sizes:     COMRAM   BANK0   BANK1   BANK2   BANK3   BANK4   BANK5   BANK6   BANK7
  4162 ;;      Params:         0       0       0       0       0       0       0       0       0
  4163 ;;      Locals:         1       0       0       0       0       0       0       0       0
  4164 ;;      Temps:          0       0       0       0       0       0       0       0       0
  4165 ;;      Totals:         1       0       0       0       0       0       0       0       0
  4166 ;;Total ram usage:        1 bytes
  4167 ;; Hardware stack levels used: 1
  4168 ;; Hardware stack levels required when called: 5
  4169 ;; This function calls:
  4170 ;;		_TxDato
  4171 ;; This function is called by:
  4172 ;;		_InitLCD
  4173 ;;		_LCD_Linea2
  4174 ;;		_LCD_DosLineas
  4175 ;;		_main
  4176 ;; This function uses a non-reentrant model
  4177 ;;
  4178                           
  4179                           	psect	text17
  4180   001FFE                     __ptext17:
  4181                           	callstack 0
  4182   001FFE                     _LCD_Comando:
  4183                           	callstack 24
  4184                           
  4185                           ;incstack = 0
  4186                           ;LCD_Comando@cmd stored from wreg
  4187   001FFE  6E07               	movwf	LCD_Comando@cmd^0,c
  4188   002000                     
  4189                           ;Codigo_Practica6_Parte3.c: 157:     LATDbits.LATD1 = 0;
  4190   002000  928C               	bcf	140,1,c	;volatile
  4191   002002                     
  4192                           ;Codigo_Practica6_Parte3.c: 158:     TxDato(cmd);
  4193   002002  5007               	movf	LCD_Comando@cmd^0,w,c
  4194   002004  ECB8  F00D         	call	_TxDato
  4195   002008  0012               	return		;funcret
  4196   00200A                     __end_of_LCD_Comando:
  4197                           	callstack 0
  4198                           
  4199 ;; *************** function _TxDato *****************
  4200 ;; Defined at:
  4201 ;;		line 127 in file "Codigo_Practica6_Parte3.c"
  4202 ;; Parameters:    Size  Location     Type
  4203 ;;  dato            1    wreg     unsigned char 
  4204 ;; Auto vars:     Size  Location     Type
  4205 ;;  dato            1    5[COMRAM] unsigned char 
  4206 ;; Return value:  Size  Location     Type
  4207 ;;                  1    wreg      void 
  4208 ;; Registers used:
  4209 ;;		wreg, status,2, status,0, cstack
  4210 ;; Tracked objects:
  4211 ;;		On entry : 0/0
  4212 ;;		On exit  : 0/0
  4213 ;;		Unchanged: 0/0
  4214 ;; Data sizes:     COMRAM   BANK0   BANK1   BANK2   BANK3   BANK4   BANK5   BANK6   BANK7
  4215 ;;      Params:         0       0       0       0       0       0       0       0       0
  4216 ;;      Locals:         1       0       0       0       0       0       0       0       0
  4217 ;;      Temps:          2       0       0       0       0       0       0       0       0
  4218 ;;      Totals:         3       0       0       0       0       0       0       0       0
  4219 ;;Total ram usage:        3 bytes
  4220 ;; Hardware stack levels used: 1
  4221 ;; Hardware stack levels required when called: 4
  4222 ;; This function calls:
  4223 ;;		_BitEN
  4224 ;;		_Delay1ms
  4225 ;; This function is called by:
  4226 ;;		_LCD_Comando
  4227 ;;		_LCD_Caracter
  4228 ;; This function uses a non-reentrant model
  4229 ;;
  4230                           
  4231                           	psect	text18
  4232   001B70                     __ptext18:
  4233                           	callstack 0
  4234   001B70                     _TxDato:
  4235                           	callstack 24
  4236                           
  4237                           ;incstack = 0
  4238                           ;TxDato@dato stored from wreg
  4239   001B70  6E06               	movwf	TxDato@dato^0,c
  4240   001B72                     
  4241                           ;Codigo_Practica6_Parte3.c: 137:     LATAbits.LATA1 = (dato & 0x10)>>4;
  4242   001B72  C006  F004         	movff	TxDato@dato,??_TxDato
  4243   001B76  3A04               	swapf	??_TxDato^0,f,c
  4244   001B78  0E0F               	movlw	15
  4245   001B7A  1604               	andwf	??_TxDato^0,f,c
  4246   001B7C  0E01               	movlw	1
  4247   001B7E  1604               	andwf	??_TxDato^0,f,c
  4248   001B80  4604               	rlncf	??_TxDato^0,f,c
  4249   001B82  5089               	movf	137,w,c	;volatile
  4250   001B84  1804               	xorwf	??_TxDato^0,w,c
  4251   001B86  0BFD               	andlw	-3
  4252   001B88  1804               	xorwf	??_TxDato^0,w,c
  4253   001B8A  6E89               	movwf	137,c	;volatile
  4254                           
  4255                           ;Codigo_Practica6_Parte3.c: 138:     LATAbits.LATA2 = (dato & 0x20)>>5;
  4256   001B8C  C006  F004         	movff	TxDato@dato,??_TxDato
  4257   001B90  0E05               	movlw	5
  4258   001B92  6E05               	movwf	(??_TxDato+1)^0,c
  4259   001B94                     u25:
  4260   001B94  90D8               	bcf	status,0,c
  4261   001B96  3204               	rrcf	??_TxDato^0,f,c
  4262   001B98  2E05               	decfsz	(??_TxDato+1)^0,f,c
  4263   001B9A  EFCA  F00D         	goto	u25
  4264   001B9E  0E01               	movlw	1
  4265   001BA0  1604               	andwf	??_TxDato^0,f,c
  4266   001BA2  4604               	rlncf	??_TxDato^0,f,c
  4267   001BA4  4604               	rlncf	??_TxDato^0,f,c
  4268   001BA6  5089               	movf	137,w,c	;volatile
  4269   001BA8  1804               	xorwf	??_TxDato^0,w,c
  4270   001BAA  0BFB               	andlw	-5
  4271   001BAC  1804               	xorwf	??_TxDato^0,w,c
  4272   001BAE  6E89               	movwf	137,c	;volatile
  4273                           
  4274                           ;Codigo_Practica6_Parte3.c: 139:     LATAbits.LATA3 = (dato & 0x40)>>6;
  4275   001BB0  C006  F004         	movff	TxDato@dato,??_TxDato
  4276   001BB4  0E06               	movlw	6
  4277   001BB6  6E05               	movwf	(??_TxDato+1)^0,c
  4278   001BB8                     u35:
  4279   001BB8  90D8               	bcf	status,0,c
  4280   001BBA  3204               	rrcf	??_TxDato^0,f,c
  4281   001BBC  2E05               	decfsz	(??_TxDato+1)^0,f,c
  4282   001BBE  EFDC  F00D         	goto	u35
  4283   001BC2  0E01               	movlw	1
  4284   001BC4  1604               	andwf	??_TxDato^0,f,c
  4285   001BC6  4604               	rlncf	??_TxDato^0,f,c
  4286   001BC8  4604               	rlncf	??_TxDato^0,f,c
  4287   001BCA  4604               	rlncf	??_TxDato^0,f,c
  4288   001BCC  5089               	movf	137,w,c	;volatile
  4289   001BCE  1804               	xorwf	??_TxDato^0,w,c
  4290   001BD0  0BF7               	andlw	-9
  4291   001BD2  1804               	xorwf	??_TxDato^0,w,c
  4292   001BD4  6E89               	movwf	137,c	;volatile
  4293                           
  4294                           ;Codigo_Practica6_Parte3.c: 140:     LATAbits.LATA4 = (dato & 0x80)>>7;
  4295   001BD6  6A04               	clrf	??_TxDato^0,c
  4296   001BD8  AE06               	btfss	TxDato@dato^0,7,c
  4297   001BDA  D001               	bra	u45
  4298   001BDC  2A04               	incf	??_TxDato^0,f,c
  4299   001BDE                     u45:
  4300   001BDE  0E01               	movlw	1
  4301   001BE0  1604               	andwf	??_TxDato^0,f,c
  4302   001BE2  3A04               	swapf	??_TxDato^0,f,c
  4303   001BE4  5089               	movf	137,w,c	;volatile
  4304   001BE6  1804               	xorwf	??_TxDato^0,w,c
  4305   001BE8  0BEF               	andlw	-17
  4306   001BEA  1804               	xorwf	??_TxDato^0,w,c
  4307   001BEC  6E89               	movwf	137,c	;volatile
  4308   001BEE                     
  4309                           ;Codigo_Practica6_Parte3.c: 142:     BitEN();
  4310   001BEE  ECF2  F00F         	call	_BitEN	;wreg free
  4311   001BF2                     
  4312                           ;Codigo_Practica6_Parte3.c: 144:     LATAbits.LATA1 = (dato & 0x01);
  4313   001BF2  C006  F004         	movff	TxDato@dato,??_TxDato
  4314   001BF6  0E01               	movlw	1
  4315   001BF8  1604               	andwf	??_TxDato^0,f,c
  4316   001BFA  4604               	rlncf	??_TxDato^0,f,c
  4317   001BFC  5089               	movf	137,w,c	;volatile
  4318   001BFE  1804               	xorwf	??_TxDato^0,w,c
  4319   001C00  0BFD               	andlw	-3
  4320   001C02  1804               	xorwf	??_TxDato^0,w,c
  4321   001C04  6E89               	movwf	137,c	;volatile
  4322   001C06                     
  4323                           ;Codigo_Practica6_Parte3.c: 145:     LATAbits.LATA2 = (dato & 0x02)>>1;
  4324   001C06  C006  F004         	movff	TxDato@dato,??_TxDato
  4325   001C0A  90D8               	bcf	status,0,c
  4326   001C0C  3204               	rrcf	??_TxDato^0,f,c
  4327   001C0E  0E01               	movlw	1
  4328   001C10  1604               	andwf	??_TxDato^0,f,c
  4329   001C12  4604               	rlncf	??_TxDato^0,f,c
  4330   001C14  4604               	rlncf	??_TxDato^0,f,c
  4331   001C16  5089               	movf	137,w,c	;volatile
  4332   001C18  1804               	xorwf	??_TxDato^0,w,c
  4333   001C1A  0BFB               	andlw	-5
  4334   001C1C  1804               	xorwf	??_TxDato^0,w,c
  4335   001C1E  6E89               	movwf	137,c	;volatile
  4336   001C20                     
  4337                           ;Codigo_Practica6_Parte3.c: 146:     LATAbits.LATA3 = (dato & 0x04)>>2;
  4338   001C20  C006  F004         	movff	TxDato@dato,??_TxDato
  4339   001C24  90D8               	bcf	status,0,c
  4340   001C26  3204               	rrcf	??_TxDato^0,f,c
  4341   001C28  90D8               	bcf	status,0,c
  4342   001C2A  3204               	rrcf	??_TxDato^0,f,c
  4343   001C2C  0E01               	movlw	1
  4344   001C2E  1604               	andwf	??_TxDato^0,f,c
  4345   001C30  4604               	rlncf	??_TxDato^0,f,c
  4346   001C32  4604               	rlncf	??_TxDato^0,f,c
  4347   001C34  4604               	rlncf	??_TxDato^0,f,c
  4348   001C36  5089               	movf	137,w,c	;volatile
  4349   001C38  1804               	xorwf	??_TxDato^0,w,c
  4350   001C3A  0BF7               	andlw	-9
  4351   001C3C  1804               	xorwf	??_TxDato^0,w,c
  4352   001C3E  6E89               	movwf	137,c	;volatile
  4353   001C40                     
  4354                           ;Codigo_Practica6_Parte3.c: 147:     LATAbits.LATA4 = (dato & 0x08)>>3;
  4355   001C40  C006  F004         	movff	TxDato@dato,??_TxDato
  4356   001C44  90D8               	bcf	status,0,c
  4357   001C46  3204               	rrcf	??_TxDato^0,f,c
  4358   001C48  90D8               	bcf	status,0,c
  4359   001C4A  3204               	rrcf	??_TxDato^0,f,c
  4360   001C4C  90D8               	bcf	status,0,c
  4361   001C4E  3204               	rrcf	??_TxDato^0,f,c
  4362   001C50  0E01               	movlw	1
  4363   001C52  1604               	andwf	??_TxDato^0,f,c
  4364   001C54  3A04               	swapf	??_TxDato^0,f,c
  4365   001C56  5089               	movf	137,w,c	;volatile
  4366   001C58  1804               	xorwf	??_TxDato^0,w,c
  4367   001C5A  0BEF               	andlw	-17
  4368   001C5C  1804               	xorwf	??_TxDato^0,w,c
  4369   001C5E  6E89               	movwf	137,c	;volatile
  4370   001C60                     
  4371                           ;Codigo_Practica6_Parte3.c: 149:     BitEN();
  4372   001C60  ECF2  F00F         	call	_BitEN	;wreg free
  4373   001C64                     
  4374                           ;Codigo_Practica6_Parte3.c: 150:     Delay1ms();
  4375   001C64  EC93  F00F         	call	_Delay1ms	;wreg free
  4376   001C68  0012               	return		;funcret
  4377   001C6A                     __end_of_TxDato:
  4378                           	callstack 0
  4379                           
  4380 ;; *************** function _BitEN *****************
  4381 ;; Defined at:
  4382 ;;		line 117 in file "Codigo_Practica6_Parte3.c"
  4383 ;; Parameters:    Size  Location     Type
  4384 ;;		None
  4385 ;; Auto vars:     Size  Location     Type
  4386 ;;		None
  4387 ;; Return value:  Size  Location     Type
  4388 ;;                  1    wreg      void 
  4389 ;; Registers used:
  4390 ;;		wreg, status,2, status,0, cstack
  4391 ;; Tracked objects:
  4392 ;;		On entry : 0/0
  4393 ;;		On exit  : 0/0
  4394 ;;		Unchanged: 0/0
  4395 ;; Data sizes:     COMRAM   BANK0   BANK1   BANK2   BANK3   BANK4   BANK5   BANK6   BANK7
  4396 ;;      Params:         0       0       0       0       0       0       0       0       0
  4397 ;;      Locals:         0       0       0       0       0       0       0       0       0
  4398 ;;      Temps:          0       0       0       0       0       0       0       0       0
  4399 ;;      Totals:         0       0       0       0       0       0       0       0       0
  4400 ;;Total ram usage:        0 bytes
  4401 ;; Hardware stack levels used: 1
  4402 ;; Hardware stack levels required when called: 3
  4403 ;; This function calls:
  4404 ;;		_Delay1ms
  4405 ;; This function is called by:
  4406 ;;		_TxDato
  4407 ;; This function uses a non-reentrant model
  4408 ;;
  4409                           
  4410                           	psect	text19
  4411   001FE4                     __ptext19:
  4412                           	callstack 0
  4413   001FE4                     _BitEN:
  4414                           	callstack 24
  4415   001FE4                     
  4416                           ;Codigo_Practica6_Parte3.c: 119:     LATDbits.LATD2 = 1;
  4417   001FE4  848C               	bsf	140,2,c	;volatile
  4418   001FE6                     
  4419                           ;Codigo_Practica6_Parte3.c: 120:     Delay1ms();
  4420   001FE6  EC93  F00F         	call	_Delay1ms	;wreg free
  4421   001FEA                     
  4422                           ;Codigo_Practica6_Parte3.c: 121:     LATDbits.LATD2 = 0;
  4423   001FEA  948C               	bcf	140,2,c	;volatile
  4424                           
  4425                           ;Codigo_Practica6_Parte3.c: 122:     Delay1ms();
  4426   001FEC  EC93  F00F         	call	_Delay1ms	;wreg free
  4427   001FF0  0012               	return		;funcret
  4428   001FF2                     __end_of_BitEN:
  4429                           	callstack 0
  4430                           
  4431 ;; *************** function _DelayXms *****************
  4432 ;; Defined at:
  4433 ;;		line 87 in file "Codigo_Practica6_Parte3.c"
  4434 ;; Parameters:    Size  Location     Type
  4435 ;;  Milis           2    3[COMRAM] int 
  4436 ;; Auto vars:     Size  Location     Type
  4437 ;;  i               2    6[COMRAM] int 
  4438 ;; Return value:  Size  Location     Type
  4439 ;;                  1    wreg      void 
  4440 ;; Registers used:
  4441 ;;		wreg, status,2, status,0, cstack
  4442 ;; Tracked objects:
  4443 ;;		On entry : 0/0
  4444 ;;		On exit  : 0/0
  4445 ;;		Unchanged: 0/0
  4446 ;; Data sizes:     COMRAM   BANK0   BANK1   BANK2   BANK3   BANK4   BANK5   BANK6   BANK7
  4447 ;;      Params:         2       0       0       0       0       0       0       0       0
  4448 ;;      Locals:         2       0       0       0       0       0       0       0       0
  4449 ;;      Temps:          1       0       0       0       0       0       0       0       0
  4450 ;;      Totals:         5       0       0       0       0       0       0       0       0
  4451 ;;Total ram usage:        5 bytes
  4452 ;; Hardware stack levels used: 1
  4453 ;; Hardware stack levels required when called: 3
  4454 ;; This function calls:
  4455 ;;		_Delay1ms
  4456 ;; This function is called by:
  4457 ;;		_InitLCD
  4458 ;;		_LeerTeclado
  4459 ;;		_main
  4460 ;; This function uses a non-reentrant model
  4461 ;;
  4462                           
  4463                           	psect	text20
  4464   001EC2                     __ptext20:
  4465                           	callstack 0
  4466   001EC2                     _DelayXms:
  4467                           	callstack 26
  4468   001EC2                     
  4469                           ;Codigo_Practica6_Parte3.c: 88:     for (int i = 0; i <= Milis; i++) {
  4470   001EC2  0E00               	movlw	0
  4471   001EC4  6E08               	movwf	(DelayXms@i+1)^0,c
  4472   001EC6  0E00               	movlw	0
  4473   001EC8  6E07               	movwf	DelayXms@i^0,c
  4474   001ECA  EF6B  F00F         	goto	l1983
  4475   001ECE                     l1979:
  4476                           
  4477                           ;Codigo_Practica6_Parte3.c: 89:         Delay1ms();
  4478   001ECE  EC93  F00F         	call	_Delay1ms	;wreg free
  4479   001ED2                     
  4480                           ;Codigo_Practica6_Parte3.c: 90:     }
  4481   001ED2  4A07               	infsnz	DelayXms@i^0,f,c
  4482   001ED4  2A08               	incf	(DelayXms@i+1)^0,f,c
  4483   001ED6                     l1983:
  4484   001ED6  5007               	movf	DelayXms@i^0,w,c
  4485   001ED8  5C04               	subwf	DelayXms@Milis^0,w,c
  4486   001EDA  5005               	movf	(DelayXms@Milis+1)^0,w,c
  4487   001EDC  0A80               	xorlw	128
  4488   001EDE  6E06               	movwf	??_DelayXms^0,c
  4489   001EE0  5008               	movf	(DelayXms@i+1)^0,w,c
  4490   001EE2  0A80               	xorlw	128
  4491   001EE4  5806               	subwfb	??_DelayXms^0,w,c
  4492   001EE6  B0D8               	btfsc	status,0,c
  4493   001EE8  EF78  F00F         	goto	u1291
  4494   001EEC  EF7A  F00F         	goto	u1290
  4495   001EF0                     u1291:
  4496   001EF0  EF67  F00F         	goto	l1979
  4497   001EF4                     u1290:
  4498   001EF4  0012               	return		;funcret
  4499   001EF6                     __end_of_DelayXms:
  4500                           	callstack 0
  4501                           
  4502 ;; *************** function _Delay1ms *****************
  4503 ;; Defined at:
  4504 ;;		line 82 in file "Codigo_Practica6_Parte3.c"
  4505 ;; Parameters:    Size  Location     Type
  4506 ;;		None
  4507 ;; Auto vars:     Size  Location     Type
  4508 ;;  veces           2    1[COMRAM] int 
  4509 ;; Return value:  Size  Location     Type
  4510 ;;                  1    wreg      void 
  4511 ;; Registers used:
  4512 ;;		wreg, status,2, status,0
  4513 ;; Tracked objects:
  4514 ;;		On entry : 0/0
  4515 ;;		On exit  : 0/0
  4516 ;;		Unchanged: 0/0
  4517 ;; Data sizes:     COMRAM   BANK0   BANK1   BANK2   BANK3   BANK4   BANK5   BANK6   BANK7
  4518 ;;      Params:         0       0       0       0       0       0       0       0       0
  4519 ;;      Locals:         2       0       0       0       0       0       0       0       0
  4520 ;;      Temps:          0       0       0       0       0       0       0       0       0
  4521 ;;      Totals:         2       0       0       0       0       0       0       0       0
  4522 ;;Total ram usage:        2 bytes
  4523 ;; Hardware stack levels used: 1
  4524 ;; Hardware stack levels required when called: 2
  4525 ;; This function calls:
  4526 ;;		Nothing
  4527 ;; This function is called by:
  4528 ;;		_DelayXms
  4529 ;;		_BitEN
  4530 ;;		_TxDato
  4531 ;; This function uses a non-reentrant model
  4532 ;;
  4533                           
  4534                           	psect	text21
  4535   001F26                     __ptext21:
  4536                           	callstack 0
  4537   001F26                     _Delay1ms:
  4538                           	callstack 26
  4539   001F26                     
  4540                           ;Codigo_Practica6_Parte3.c: 83:     int veces;;Codigo_Practica6_Parte3.c: 84:     for (v
      +                          eces = 0; veces <= 860; veces++);
  4541   001F26  0E00               	movlw	0
  4542   001F28  6E03               	movwf	(Delay1ms@veces+1)^0,c
  4543   001F2A  0E00               	movlw	0
  4544   001F2C  6E02               	movwf	Delay1ms@veces^0,c
  4545   001F2E                     l925:
  4546   001F2E  4A02               	infsnz	Delay1ms@veces^0,f,c
  4547   001F30  2A03               	incf	(Delay1ms@veces+1)^0,f,c
  4548   001F32  BE03               	btfsc	(Delay1ms@veces+1)^0,7,c
  4549   001F34  EFA5  F00F         	goto	u11
  4550   001F38  0E5D               	movlw	93
  4551   001F3A  5C02               	subwf	Delay1ms@veces^0,w,c
  4552   001F3C  0E03               	movlw	3
  4553   001F3E  5803               	subwfb	(Delay1ms@veces+1)^0,w,c
  4554   001F40  A0D8               	btfss	status,0,c
  4555   001F42  EFA5  F00F         	goto	u11
  4556   001F46  EFA7  F00F         	goto	u10
  4557   001F4A                     u11:
  4558   001F4A  EF97  F00F         	goto	l925
  4559   001F4E                     u10:
  4560   001F4E  0012               	return		;funcret
  4561   001F50                     __end_of_Delay1ms:
  4562                           	callstack 0
  4563                           
  4564 ;; *************** function _GuardarPasswordEEPROM *****************
  4565 ;; Defined at:
  4566 ;;		line 355 in file "Codigo_Practica6_Parte3.c"
  4567 ;; Parameters:    Size  Location     Type
  4568 ;;  clave           1    3[COMRAM] PTR unsigned char 
  4569 ;;		 -> main@password(3), main@recibida(3), 
  4570 ;; Auto vars:     Size  Location     Type
  4571 ;;		None
  4572 ;; Return value:  Size  Location     Type
  4573 ;;                  1    wreg      void 
  4574 ;; Registers used:
  4575 ;;		wreg, fsr2l, fsr2h, status,2, status,0, cstack
  4576 ;; Tracked objects:
  4577 ;;		On entry : 0/0
  4578 ;;		On exit  : 0/0
  4579 ;;		Unchanged: 0/0
  4580 ;; Data sizes:     COMRAM   BANK0   BANK1   BANK2   BANK3   BANK4   BANK5   BANK6   BANK7
  4581 ;;      Params:         1       0       0       0       0       0       0       0       0
  4582 ;;      Locals:         0       0       0       0       0       0       0       0       0
  4583 ;;      Temps:          0       0       0       0       0       0       0       0       0
  4584 ;;      Totals:         1       0       0       0       0       0       0       0       0
  4585 ;;Total ram usage:        1 bytes
  4586 ;; Hardware stack levels used: 1
  4587 ;; Hardware stack levels required when called: 3
  4588 ;; This function calls:
  4589 ;;		_EEPROM_WriteByte
  4590 ;; This function is called by:
  4591 ;;		_main
  4592 ;; This function uses a non-reentrant model
  4593 ;;
  4594                           
  4595                           	psect	text22
  4596   001E54                     __ptext22:
  4597                           	callstack 0
  4598   001E54                     _GuardarPasswordEEPROM:
  4599                           	callstack 27
  4600   001E54                     
  4601                           ;Codigo_Practica6_Parte3.c: 356:     EEPROM_WriteByte(0,clave[0]);
  4602   001E54  5004               	movf	GuardarPasswordEEPROM@clave^0,w,c
  4603   001E56  6ED9               	movwf	fsr2l,c
  4604   001E58  6ADA               	clrf	fsr2h,c
  4605   001E5A  50DF               	movf	indf2,w,c
  4606   001E5C  6E02               	movwf	EEPROM_WriteByte@data^0,c
  4607   001E5E  0E00               	movlw	0
  4608   001E60  EC7B  F00F         	call	_EEPROM_WriteByte
  4609   001E64                     
  4610                           ;Codigo_Practica6_Parte3.c: 357:     EEPROM_WriteByte(1,clave[1]);
  4611   001E64  5004               	movf	GuardarPasswordEEPROM@clave^0,w,c
  4612   001E66  6ED9               	movwf	fsr2l,c
  4613   001E68  6ADA               	clrf	fsr2h,c
  4614   001E6A  0E01               	movlw	1
  4615   001E6C  26D9               	addwf	fsr2l,f,c
  4616   001E6E  50DF               	movf	indf2,w,c
  4617   001E70  6E02               	movwf	EEPROM_WriteByte@data^0,c
  4618   001E72  0E01               	movlw	1
  4619   001E74  EC7B  F00F         	call	_EEPROM_WriteByte
  4620   001E78                     
  4621                           ;Codigo_Practica6_Parte3.c: 358:     EEPROM_WriteByte(2,clave[2]);
  4622   001E78  5004               	movf	GuardarPasswordEEPROM@clave^0,w,c
  4623   001E7A  6ED9               	movwf	fsr2l,c
  4624   001E7C  6ADA               	clrf	fsr2h,c
  4625   001E7E  0E02               	movlw	2
  4626   001E80  26D9               	addwf	fsr2l,f,c
  4627   001E82  50DF               	movf	indf2,w,c
  4628   001E84  6E02               	movwf	EEPROM_WriteByte@data^0,c
  4629   001E86  0E02               	movlw	2
  4630   001E88  EC7B  F00F         	call	_EEPROM_WriteByte
  4631   001E8C  0012               	return		;funcret
  4632   001E8E                     __end_of_GuardarPasswordEEPROM:
  4633                           	callstack 0
  4634                           
  4635 ;; *************** function _EEPROM_InitPassword *****************
  4636 ;; Defined at:
  4637 ;;		line 340 in file "Codigo_Practica6_Parte3.c"
  4638 ;; Parameters:    Size  Location     Type
  4639 ;;		None
  4640 ;; Auto vars:     Size  Location     Type
  4641 ;;		None
  4642 ;; Return value:  Size  Location     Type
  4643 ;;                  1    wreg      void 
  4644 ;; Registers used:
  4645 ;;		wreg, status,2, cstack
  4646 ;; Tracked objects:
  4647 ;;		On entry : 0/0
  4648 ;;		On exit  : 0/0
  4649 ;;		Unchanged: 0/0
  4650 ;; Data sizes:     COMRAM   BANK0   BANK1   BANK2   BANK3   BANK4   BANK5   BANK6   BANK7
  4651 ;;      Params:         0       0       0       0       0       0       0       0       0
  4652 ;;      Locals:         0       0       0       0       0       0       0       0       0
  4653 ;;      Temps:          0       0       0       0       0       0       0       0       0
  4654 ;;      Totals:         0       0       0       0       0       0       0       0       0
  4655 ;;Total ram usage:        0 bytes
  4656 ;; Hardware stack levels used: 1
  4657 ;; Hardware stack levels required when called: 3
  4658 ;; This function calls:
  4659 ;;		_EEPROM_ReadByte
  4660 ;;		_EEPROM_WriteByte
  4661 ;; This function is called by:
  4662 ;;		_main
  4663 ;; This function uses a non-reentrant model
  4664 ;;
  4665                           
  4666                           	psect	text23
  4667   001D28                     __ptext23:
  4668                           	callstack 0
  4669   001D28                     _EEPROM_InitPassword:
  4670                           	callstack 27
  4671   001D28                     
  4672                           ;Codigo_Practica6_Parte3.c: 341:     if(EEPROM_ReadByte(0)!= '1' ||
  4673   001D28  0E00               	movlw	0
  4674   001D2A  ECE3  F00F         	call	_EEPROM_ReadByte
  4675   001D2E  0A31               	xorlw	49
  4676   001D30  A4D8               	btfss	status,2,c
  4677   001D32  EF9D  F00E         	goto	u2141
  4678   001D36  EF9F  F00E         	goto	u2140
  4679   001D3A                     u2141:
  4680   001D3A  EFB5  F00E         	goto	l2565
  4681   001D3E                     u2140:
  4682   001D3E  0E01               	movlw	1
  4683   001D40  ECE3  F00F         	call	_EEPROM_ReadByte
  4684   001D44  0A32               	xorlw	50
  4685   001D46  A4D8               	btfss	status,2,c
  4686   001D48  EFA8  F00E         	goto	u2151
  4687   001D4C  EFAA  F00E         	goto	u2150
  4688   001D50                     u2151:
  4689   001D50  EFB5  F00E         	goto	l2565
  4690   001D54                     u2150:
  4691   001D54  0E02               	movlw	2
  4692   001D56  ECE3  F00F         	call	_EEPROM_ReadByte
  4693   001D5A  0A33               	xorlw	51
  4694   001D5C  B4D8               	btfsc	status,2,c
  4695   001D5E  EFB3  F00E         	goto	u2161
  4696   001D62  EFB5  F00E         	goto	u2160
  4697   001D66                     u2161:
  4698   001D66  EFC4  F00E         	goto	l170
  4699   001D6A                     u2160:
  4700   001D6A                     l2565:
  4701                           
  4702                           ;Codigo_Practica6_Parte3.c: 343:        EEPROM_ReadByte(2)!= '3'){;Codigo_Practica6_Part
      +                          e3.c: 345:         EEPROM_WriteByte(0,'1');
  4703   001D6A  0E31               	movlw	49
  4704   001D6C  6E02               	movwf	EEPROM_WriteByte@data^0,c
  4705   001D6E  0E00               	movlw	0
  4706   001D70  EC7B  F00F         	call	_EEPROM_WriteByte
  4707                           
  4708                           ;Codigo_Practica6_Parte3.c: 346:         EEPROM_WriteByte(1,'2');
  4709   001D74  0E32               	movlw	50
  4710   001D76  6E02               	movwf	EEPROM_WriteByte@data^0,c
  4711   001D78  0E01               	movlw	1
  4712   001D7A  EC7B  F00F         	call	_EEPROM_WriteByte
  4713                           
  4714                           ;Codigo_Practica6_Parte3.c: 347:         EEPROM_WriteByte(2,'3');
  4715   001D7E  0E33               	movlw	51
  4716   001D80  6E02               	movwf	EEPROM_WriteByte@data^0,c
  4717   001D82  0E02               	movlw	2
  4718   001D84  EC7B  F00F         	call	_EEPROM_WriteByte
  4719   001D88                     l170:
  4720   001D88  0012               	return		;funcret
  4721   001D8A                     __end_of_EEPROM_InitPassword:
  4722                           	callstack 0
  4723                           
  4724 ;; *************** function _EEPROM_WriteByte *****************
  4725 ;; Defined at:
  4726 ;;		line 312 in file "Codigo_Practica6_Parte3.c"
  4727 ;; Parameters:    Size  Location     Type
  4728 ;;  address         1    wreg     unsigned char 
  4729 ;;  data            1    1[COMRAM] unsigned char 
  4730 ;; Auto vars:     Size  Location     Type
  4731 ;;  address         1    2[COMRAM] unsigned char 
  4732 ;; Return value:  Size  Location     Type
  4733 ;;                  1    wreg      void 
  4734 ;; Registers used:
  4735 ;;		wreg, status,2
  4736 ;; Tracked objects:
  4737 ;;		On entry : 0/0
  4738 ;;		On exit  : 0/0
  4739 ;;		Unchanged: 0/0
  4740 ;; Data sizes:     COMRAM   BANK0   BANK1   BANK2   BANK3   BANK4   BANK5   BANK6   BANK7
  4741 ;;      Params:         1       0       0       0       0       0       0       0       0
  4742 ;;      Locals:         1       0       0       0       0       0       0       0       0
  4743 ;;      Temps:          0       0       0       0       0       0       0       0       0
  4744 ;;      Totals:         2       0       0       0       0       0       0       0       0
  4745 ;;Total ram usage:        2 bytes
  4746 ;; Hardware stack levels used: 1
  4747 ;; Hardware stack levels required when called: 2
  4748 ;; This function calls:
  4749 ;;		Nothing
  4750 ;; This function is called by:
  4751 ;;		_EEPROM_InitPassword
  4752 ;;		_GuardarPasswordEEPROM
  4753 ;; This function uses a non-reentrant model
  4754 ;;
  4755                           
  4756                           	psect	text24
  4757   001EF6                     __ptext24:
  4758                           	callstack 0
  4759   001EF6                     _EEPROM_WriteByte:
  4760                           	callstack 27
  4761                           
  4762                           ;incstack = 0
  4763                           ;EEPROM_WriteByte@address stored from wreg
  4764   001EF6  6E03               	movwf	EEPROM_WriteByte@address^0,c
  4765   001EF8                     
  4766                           ;Codigo_Practica6_Parte3.c: 313:     EEADR = address;
  4767   001EF8  C003  FFA9         	movff	EEPROM_WriteByte@address,4009	;volatile
  4768   001EFC                     
  4769                           ;Codigo_Practica6_Parte3.c: 314:     EEDATA = data;
  4770   001EFC  C002  FFA8         	movff	EEPROM_WriteByte@data,4008	;volatile
  4771   001F00                     
  4772                           ;Codigo_Practica6_Parte3.c: 316:     EECON1bits.EEPGD = 0;
  4773   001F00  9EA6               	bcf	166,7,c	;volsfr
  4774   001F02                     
  4775                           ;Codigo_Practica6_Parte3.c: 317:     EECON1bits.CFGS = 0;
  4776   001F02  9CA6               	bcf	166,6,c	;volsfr
  4777   001F04                     
  4778                           ;Codigo_Practica6_Parte3.c: 318:     EECON1bits.WREN = 1;
  4779   001F04  84A6               	bsf	166,2,c	;volsfr
  4780   001F06                     
  4781                           ;Codigo_Practica6_Parte3.c: 319:     INTCONbits.GIE = 0;
  4782   001F06  9EF2               	bcf	242,7,c	;volatile
  4783   001F08                     
  4784                           ;Codigo_Practica6_Parte3.c: 321:     EECON2 = 0x55;
  4785   001F08  0E55               	movlw	85
  4786   001F0A  6EA7               	movwf	167,c	;volsfr
  4787   001F0C                     
  4788                           ;Codigo_Practica6_Parte3.c: 322:     EECON2 = 0xAA;
  4789   001F0C  0EAA               	movlw	170
  4790   001F0E  6EA7               	movwf	167,c	;volsfr
  4791   001F10                     
  4792                           ;Codigo_Practica6_Parte3.c: 324:     EECON1bits.WR = 1;
  4793   001F10  82A6               	bsf	166,1,c	;volsfr
  4794   001F12                     l158:
  4795   001F12  B2A6               	btfsc	166,1,c	;volsfr
  4796   001F14  EF8E  F00F         	goto	u1311
  4797   001F18  EF90  F00F         	goto	u1310
  4798   001F1C                     u1311:
  4799   001F1C  EF89  F00F         	goto	l158
  4800   001F20                     u1310:
  4801   001F20                     
  4802                           ;Codigo_Practica6_Parte3.c: 326:     EECON1bits.WREN = 0;
  4803   001F20  94A6               	bcf	166,2,c	;volsfr
  4804                           
  4805                           ;Codigo_Practica6_Parte3.c: 328:     INTCONbits.GIE = 1;
  4806   001F22  8EF2               	bsf	242,7,c	;volatile
  4807   001F24  0012               	return		;funcret
  4808   001F26                     __end_of_EEPROM_WriteByte:
  4809                           	callstack 0
  4810                           
  4811 ;; *************** function _EEPROM_ReadByte *****************
  4812 ;; Defined at:
  4813 ;;		line 331 in file "Codigo_Practica6_Parte3.c"
  4814 ;; Parameters:    Size  Location     Type
  4815 ;;  address         1    wreg     unsigned char 
  4816 ;; Auto vars:     Size  Location     Type
  4817 ;;  address         1    1[COMRAM] unsigned char 
  4818 ;; Return value:  Size  Location     Type
  4819 ;;                  1    wreg      unsigned char 
  4820 ;; Registers used:
  4821 ;;		wreg, status,2
  4822 ;; Tracked objects:
  4823 ;;		On entry : 0/0
  4824 ;;		On exit  : 0/0
  4825 ;;		Unchanged: 0/0
  4826 ;; Data sizes:     COMRAM   BANK0   BANK1   BANK2   BANK3   BANK4   BANK5   BANK6   BANK7
  4827 ;;      Params:         0       0       0       0       0       0       0       0       0
  4828 ;;      Locals:         1       0       0       0       0       0       0       0       0
  4829 ;;      Temps:          0       0       0       0       0       0       0       0       0
  4830 ;;      Totals:         1       0       0       0       0       0       0       0       0
  4831 ;;Total ram usage:        1 bytes
  4832 ;; Hardware stack levels used: 1
  4833 ;; Hardware stack levels required when called: 2
  4834 ;; This function calls:
  4835 ;;		Nothing
  4836 ;; This function is called by:
  4837 ;;		_EEPROM_InitPassword
  4838 ;;		_LeerPasswordEEPROM
  4839 ;; This function uses a non-reentrant model
  4840 ;;
  4841                           
  4842                           	psect	text25
  4843   001FC6                     __ptext25:
  4844                           	callstack 0
  4845   001FC6                     _EEPROM_ReadByte:
  4846                           	callstack 27
  4847                           
  4848                           ;incstack = 0
  4849                           ;EEPROM_ReadByte@address stored from wreg
  4850   001FC6  6E02               	movwf	EEPROM_ReadByte@address^0,c
  4851   001FC8                     
  4852                           ;Codigo_Practica6_Parte3.c: 332:     EEADR = address;
  4853   001FC8  C002  FFA9         	movff	EEPROM_ReadByte@address,4009	;volatile
  4854   001FCC                     
  4855                           ;Codigo_Practica6_Parte3.c: 334:     EECON1bits.EEPGD = 0;
  4856   001FCC  9EA6               	bcf	166,7,c	;volsfr
  4857   001FCE                     
  4858                           ;Codigo_Practica6_Parte3.c: 335:     EECON1bits.CFGS = 0;
  4859   001FCE  9CA6               	bcf	166,6,c	;volsfr
  4860   001FD0                     
  4861                           ;Codigo_Practica6_Parte3.c: 336:     EECON1bits.RD = 1;
  4862   001FD0  80A6               	bsf	166,0,c	;volsfr
  4863   001FD2                     
  4864                           ;Codigo_Practica6_Parte3.c: 338:     return EEDATA;
  4865   001FD2  50A8               	movf	168,w,c	;volatile
  4866   001FD4  0012               	return		;funcret
  4867   001FD6                     __end_of_EEPROM_ReadByte:
  4868                           	callstack 0
  4869                           
  4870 ;; *************** function _Configuracion_inicialPIC *****************
  4871 ;; Defined at:
  4872 ;;		line 95 in file "Codigo_Practica6_Parte3.c"
  4873 ;; Parameters:    Size  Location     Type
  4874 ;;		None
  4875 ;; Auto vars:     Size  Location     Type
  4876 ;;		None
  4877 ;; Return value:  Size  Location     Type
  4878 ;;                  1    wreg      void 
  4879 ;; Registers used:
  4880 ;;		wreg, status,2
  4881 ;; Tracked objects:
  4882 ;;		On entry : 0/0
  4883 ;;		On exit  : 0/0
  4884 ;;		Unchanged: 0/0
  4885 ;; Data sizes:     COMRAM   BANK0   BANK1   BANK2   BANK3   BANK4   BANK5   BANK6   BANK7
  4886 ;;      Params:         0       0       0       0       0       0       0       0       0
  4887 ;;      Locals:         0       0       0       0       0       0       0       0       0
  4888 ;;      Temps:          0       0       0       0       0       0       0       0       0
  4889 ;;      Totals:         0       0       0       0       0       0       0       0       0
  4890 ;;Total ram usage:        0 bytes
  4891 ;; Hardware stack levels used: 1
  4892 ;; Hardware stack levels required when called: 2
  4893 ;; This function calls:
  4894 ;;		Nothing
  4895 ;; This function is called by:
  4896 ;;		_main
  4897 ;; This function uses a non-reentrant model
  4898 ;;
  4899                           
  4900                           	psect	text26
  4901   001F76                     __ptext26:
  4902                           	callstack 0
  4903   001F76                     _Configuracion_inicialPIC:
  4904                           	callstack 28
  4905   001F76                     
  4906                           ;Codigo_Practica6_Parte3.c: 97:     TRISB = 0b00001111;
  4907   001F76  0E0F               	movlw	15
  4908   001F78  6E93               	movwf	147,c	;volatile
  4909                           
  4910                           ;Codigo_Practica6_Parte3.c: 98:     LATB = 0b11110000;
  4911   001F7A  0EF0               	movlw	240
  4912   001F7C  6E8A               	movwf	138,c	;volatile
  4913                           
  4914                           ;Codigo_Practica6_Parte3.c: 100:     ADCON1 = 0x0F;
  4915   001F7E  0E0F               	movlw	15
  4916   001F80  6EC1               	movwf	193,c	;volatile
  4917   001F82                     
  4918                           ;Codigo_Practica6_Parte3.c: 103:     TRISDbits.RD0 = 0;
  4919   001F82  9095               	bcf	149,0,c	;volatile
  4920   001F84                     
  4921                           ;Codigo_Practica6_Parte3.c: 104:     LATDbits.LATD0 = 0;
  4922   001F84  908C               	bcf	140,0,c	;volatile
  4923   001F86                     
  4924                           ;Codigo_Practica6_Parte3.c: 106:     TRISAbits.TRISA1 = 0;
  4925   001F86  9292               	bcf	146,1,c	;volatile
  4926   001F88                     
  4927                           ;Codigo_Practica6_Parte3.c: 107:     TRISAbits.TRISA2 = 0;
  4928   001F88  9492               	bcf	146,2,c	;volatile
  4929   001F8A                     
  4930                           ;Codigo_Practica6_Parte3.c: 108:     TRISAbits.TRISA3 = 0;
  4931   001F8A  9692               	bcf	146,3,c	;volatile
  4932   001F8C                     
  4933                           ;Codigo_Practica6_Parte3.c: 109:     TRISAbits.TRISA4 = 0;
  4934   001F8C  9892               	bcf	146,4,c	;volatile
  4935   001F8E                     
  4936                           ;Codigo_Practica6_Parte3.c: 111:     TRISDbits.RD1 = 0;
  4937   001F8E  9295               	bcf	149,1,c	;volatile
  4938   001F90                     
  4939                           ;Codigo_Practica6_Parte3.c: 112:     TRISDbits.RD2 = 0;
  4940   001F90  9495               	bcf	149,2,c	;volatile
  4941   001F92  0012               	return		;funcret
  4942   001F94                     __end_of_Configuracion_inicialPIC:
  4943                           	callstack 0
  4944                           
  4945 ;; *************** function _MyLowPriorityIsr *****************
  4946 ;; Defined at:
  4947 ;;		line 588 in file "Codigo_Practica6_Parte3.c"
  4948 ;; Parameters:    Size  Location     Type
  4949 ;;		None
  4950 ;; Auto vars:     Size  Location     Type
  4951 ;;		None
  4952 ;; Return value:  Size  Location     Type
  4953 ;;                  1    wreg      void 
  4954 ;; Registers used:
  4955 ;;		None
  4956 ;; Tracked objects:
  4957 ;;		On entry : 0/0
  4958 ;;		On exit  : 0/0
  4959 ;;		Unchanged: 0/0
  4960 ;; Data sizes:     COMRAM   BANK0   BANK1   BANK2   BANK3   BANK4   BANK5   BANK6   BANK7
  4961 ;;      Params:         0       0       0       0       0       0       0       0       0
  4962 ;;      Locals:         0       0       0       0       0       0       0       0       0
  4963 ;;      Temps:          1       0       0       0       0       0       0       0       0
  4964 ;;      Totals:         1       0       0       0       0       0       0       0       0
  4965 ;;Total ram usage:        1 bytes
  4966 ;; Hardware stack levels used: 1
  4967 ;; Hardware stack levels required when called: 1
  4968 ;; This function calls:
  4969 ;;		Nothing
  4970 ;; This function is called by:
  4971 ;;		Interrupt level 1
  4972 ;; This function uses a non-reentrant model
  4973 ;;
  4974                           
  4975                           	psect	intcodelo
  4976   000018                     __pintcodelo:
  4977                           	callstack 0
  4978   000018                     _MyLowPriorityIsr:
  4979                           	callstack 23
  4980                           
  4981                           ;incstack = 0
  4982   000018  8059               	bsf	int$flags,0,c	;set compiler interrupt flag (level 1)
  4983   00001A  CFE0 F001          	movff	bsr,??_MyLowPriorityIsr
  4984   00001E  C001  FFE0         	movff	??_MyLowPriorityIsr,bsr
  4985   000022  9059               	bcf	int$flags,0,c	;clear compiler interrupt flag (level 1)
  4986   000024  0010               	retfie	
  4987   000026                     __end_of_MyLowPriorityIsr:
  4988                           	callstack 0
  4989                           
  4990 ;; *************** function _MyHighPriorityIsr *****************
  4991 ;; Defined at:
  4992 ;;		line 582 in file "Codigo_Practica6_Parte3.c"
  4993 ;; Parameters:    Size  Location     Type
  4994 ;;		None
  4995 ;; Auto vars:     Size  Location     Type
  4996 ;;		None
  4997 ;; Return value:  Size  Location     Type
  4998 ;;                  1    wreg      void 
  4999 ;; Registers used:
  5000 ;;		None
  5001 ;; Tracked objects:
  5002 ;;		On entry : 0/0
  5003 ;;		On exit  : 0/0
  5004 ;;		Unchanged: 0/0
  5005 ;; Data sizes:     COMRAM   BANK0   BANK1   BANK2   BANK3   BANK4   BANK5   BANK6   BANK7
  5006 ;;      Params:         0       0       0       0       0       0       0       0       0
  5007 ;;      Locals:         0       0       0       0       0       0       0       0       0
  5008 ;;      Temps:          0       0       0       0       0       0       0       0       0
  5009 ;;      Totals:         0       0       0       0       0       0       0       0       0
  5010 ;;Total ram usage:        0 bytes
  5011 ;; Hardware stack levels used: 1
  5012 ;; This function calls:
  5013 ;;		Nothing
  5014 ;; This function is called by:
  5015 ;;		Interrupt level 2
  5016 ;; This function uses a non-reentrant model
  5017 ;;
  5018                           
  5019                           	psect	intcode
  5020   000008                     __pintcode:
  5021                           	callstack 0
  5022   000008                     _MyHighPriorityIsr:
  5023                           	callstack 23
  5024                           
  5025                           ;incstack = 0
  5026   000008  8259               	bsf	int$flags,1,c	;set compiler interrupt flag (level 2)
  5027   00000A  ED09  F010         	call	int_func,f	;refresh shadow registers
  5028                           
  5029                           	psect	intcode_body
  5030   002012                     __pintcode_body:
  5031                           	callstack 23
  5032   002012                     int_func:
  5033                           	callstack 23
  5034   002012  0006               	pop		; remove dummy address from shadow register refresh
  5035   002014                     
  5036                           ;Codigo_Practica6_Parte3.c: 584:     PIR1bits.TMR2IF = 0;
  5037   002014  929E               	bcf	158,1,c	;volatile
  5038   002016  9259               	bcf	int$flags,1,c	;clear compiler interrupt flag (level 2)
  5039   002018  0011               	retfie		f
  5040   00201A                     __end_of_MyHighPriorityIsr:
  5041                           	callstack 0
  5042                           
  5043                           	psect	rparam
  5044   000000                     
  5045                           	psect	temp
  5046   000059                     btemp:
  5047                           	callstack 0
  5048   000059                     	ds	1
  5049   000000                     int$flags	set	btemp
  5050   000000                     wtemp8	set	btemp+1
  5051   000000                     ttemp5	set	btemp+1
  5052   000000                     ttemp6	set	btemp+4
  5053   000000                     ttemp7	set	btemp+8
  5054                           
  5055                           	psect	idloc
  5056                           
  5057                           ;Config register IDLOC0 @ 0x200000
  5058                           ;	unspecified, using default values
  5059   200000                     	org	2097152
  5060   200000  FF                 	db	255
  5061                           
  5062                           ;Config register IDLOC1 @ 0x200001
  5063                           ;	unspecified, using default values
  5064   200001                     	org	2097153
  5065   200001  FF                 	db	255
  5066                           
  5067                           ;Config register IDLOC2 @ 0x200002
  5068                           ;	unspecified, using default values
  5069   200002                     	org	2097154
  5070   200002  FF                 	db	255
  5071                           
  5072                           ;Config register IDLOC3 @ 0x200003
  5073                           ;	unspecified, using default values
  5074   200003                     	org	2097155
  5075   200003  FF                 	db	255
  5076                           
  5077                           ;Config register IDLOC4 @ 0x200004
  5078                           ;	unspecified, using default values
  5079   200004                     	org	2097156
  5080   200004  FF                 	db	255
  5081                           
  5082                           ;Config register IDLOC5 @ 0x200005
  5083                           ;	unspecified, using default values
  5084   200005                     	org	2097157
  5085   200005  FF                 	db	255
  5086                           
  5087                           ;Config register IDLOC6 @ 0x200006
  5088                           ;	unspecified, using default values
  5089   200006                     	org	2097158
  5090   200006  FF                 	db	255
  5091                           
  5092                           ;Config register IDLOC7 @ 0x200007
  5093                           ;	unspecified, using default values
  5094   200007                     	org	2097159
  5095   200007  FF                 	db	255
  5096                           
  5097                           	psect	config
  5098                           
  5099                           ;Config register CONFIG1L @ 0x300000
  5100                           ;	PLL Prescaler Selection bits
  5101                           ;	PLLDIV = 5, Divide by 5 (20 MHz oscillator input)
  5102                           ;	System Clock Postscaler Selection bits
  5103                           ;	CPUDIV = OSC1_PLL2, [Primary Oscillator Src: /1][96 MHz PLL Src: /2]
  5104                           ;	USB Clock Selection bit (used in Full-Speed USB mode only; UCFG:FSEN = 1)
  5105                           ;	USBDIV = 1, USB clock source comes directly from the primary oscillator block with no 
      +                          postscale
  5106   300000                     	org	3145728
  5107   300000  04                 	db	4
  5108                           
  5109                           ;Config register CONFIG1H @ 0x300001
  5110                           ;	Oscillator Selection bits
  5111                           ;	FOSC = HSPLL_HS, HS oscillator, PLL enabled (HSPLL)
  5112                           ;	Fail-Safe Clock Monitor Enable bit
  5113                           ;	FCMEN = OFF, Fail-Safe Clock Monitor disabled
  5114                           ;	Internal/External Oscillator Switchover bit
  5115                           ;	IESO = OFF, Oscillator Switchover mode disabled
  5116   300001                     	org	3145729
  5117   300001  0E                 	db	14
  5118                           
  5119                           ;Config register CONFIG2L @ 0x300002
  5120                           ;	Power-up Timer Enable bit
  5121                           ;	PWRT = ON, PWRT enabled
  5122                           ;	Brown-out Reset Enable bits
  5123                           ;	BOR = ON, Brown-out Reset enabled in hardware only (SBOREN is disabled)
  5124                           ;	Brown-out Reset Voltage bits
  5125                           ;	BORV = 3, Minimum setting 2.05V
  5126                           ;	USB Voltage Regulator Enable bit
  5127                           ;	VREGEN = OFF, USB voltage regulator disabled
  5128   300002                     	org	3145730
  5129   300002  1E                 	db	30
  5130                           
  5131                           ;Config register CONFIG2H @ 0x300003
  5132                           ;	Watchdog Timer Enable bit
  5133                           ;	WDT = OFF, WDT disabled (control is placed on the SWDTEN bit)
  5134                           ;	Watchdog Timer Postscale Select bits
  5135                           ;	WDTPS = 32768, 1:32768
  5136   300003                     	org	3145731
  5137   300003  1E                 	db	30
  5138                           
  5139                           ; Padding undefined space
  5140   300004                     	org	3145732
  5141   300004  FF                 	db	255
  5142                           
  5143                           ;Config register CONFIG3H @ 0x300005
  5144                           ;	CCP2 MUX bit
  5145                           ;	CCP2MX = ON, CCP2 input/output is multiplexed with RC1
  5146                           ;	PORTB A/D Enable bit
  5147                           ;	PBADEN = OFF, PORTB<4:0> pins are configured as digital I/O on Reset
  5148                           ;	Low-Power Timer 1 Oscillator Enable bit
  5149                           ;	LPT1OSC = OFF, Timer1 configured for higher power operation
  5150                           ;	MCLR Pin Enable bit
  5151                           ;	MCLRE = ON, MCLR pin enabled; RE3 input pin disabled
  5152   300005                     	org	3145733
  5153   300005  81                 	db	129
  5154                           
  5155                           ;Config register CONFIG4L @ 0x300006
  5156                           ;	Stack Full/Underflow Reset Enable bit
  5157                           ;	STVREN = ON, Stack full/underflow will cause Reset
  5158                           ;	Single-Supply ICSP Enable bit
  5159                           ;	LVP = OFF, Single-Supply ICSP disabled
  5160                           ;	Dedicated In-Circuit Debug/Programming Port (ICPORT) Enable bit
  5161                           ;	ICPRT = OFF, ICPORT disabled
  5162                           ;	Extended Instruction Set Enable bit
  5163                           ;	XINST = OFF, Instruction set extension and Indexed Addressing mode disabled (Legacy mo
      +                          de)
  5164                           ;	Background Debugger Enable bit
  5165                           ;	DEBUG = 0x1, unprogrammed default
  5166   300006                     	org	3145734
  5167   300006  81                 	db	129
  5168                           
  5169                           ; Padding undefined space
  5170   300007                     	org	3145735
  5171   300007  FF                 	db	255
  5172                           
  5173                           ;Config register CONFIG5L @ 0x300008
  5174                           ;	Code Protection bit
  5175                           ;	CP0 = OFF, Block 0 (000800-001FFFh) is not code-protected
  5176                           ;	Code Protection bit
  5177                           ;	CP1 = OFF, Block 1 (002000-003FFFh) is not code-protected
  5178                           ;	Code Protection bit
  5179                           ;	CP2 = OFF, Block 2 (004000-005FFFh) is not code-protected
  5180                           ;	Code Protection bit
  5181                           ;	CP3 = OFF, Block 3 (006000-007FFFh) is not code-protected
  5182   300008                     	org	3145736
  5183   300008  0F                 	db	15
  5184                           
  5185                           ;Config register CONFIG5H @ 0x300009
  5186                           ;	Boot Block Code Protection bit
  5187                           ;	CPB = OFF, Boot block (000000-0007FFh) is not code-protected
  5188                           ;	Data EEPROM Code Protection bit
  5189                           ;	CPD = OFF, Data EEPROM is not code-protected
  5190   300009                     	org	3145737
  5191   300009  C0                 	db	192
  5192                           
  5193                           ;Config register CONFIG6L @ 0x30000A
  5194                           ;	Write Protection bit
  5195                           ;	WRT0 = OFF, Block 0 (000800-001FFFh) is not write-protected
  5196                           ;	Write Protection bit
  5197                           ;	WRT1 = OFF, Block 1 (002000-003FFFh) is not write-protected
  5198                           ;	Write Protection bit
  5199                           ;	WRT2 = OFF, Block 2 (004000-005FFFh) is not write-protected
  5200                           ;	Write Protection bit
  5201                           ;	WRT3 = OFF, Block 3 (006000-007FFFh) is not write-protected
  5202   30000A                     	org	3145738
  5203   30000A  0F                 	db	15
  5204                           
  5205                           ;Config register CONFIG6H @ 0x30000B
  5206                           ;	Configuration Register Write Protection bit
  5207                           ;	WRTC = OFF, Configuration registers (300000-3000FFh) are not write-protected
  5208                           ;	Boot Block Write Protection bit
  5209                           ;	WRTB = OFF, Boot block (000000-0007FFh) is not write-protected
  5210                           ;	Data EEPROM Write Protection bit
  5211                           ;	WRTD = OFF, Data EEPROM is not write-protected
  5212   30000B                     	org	3145739
  5213   30000B  E0                 	db	224
  5214                           
  5215                           ;Config register CONFIG7L @ 0x30000C
  5216                           ;	Table Read Protection bit
  5217                           ;	EBTR0 = OFF, Block 0 (000800-001FFFh) is not protected from table reads executed in ot
      +                          her blocks
  5218                           ;	Table Read Protection bit
  5219                           ;	EBTR1 = OFF, Block 1 (002000-003FFFh) is not protected from table reads executed in ot
      +                          her blocks
  5220                           ;	Table Read Protection bit
  5221                           ;	EBTR2 = OFF, Block 2 (004000-005FFFh) is not protected from table reads executed in ot
      +                          her blocks
  5222                           ;	Table Read Protection bit
  5223                           ;	EBTR3 = OFF, Block 3 (006000-007FFFh) is not protected from table reads executed in ot
      +                          her blocks
  5224   30000C                     	org	3145740
  5225   30000C  0F                 	db	15
  5226                           
  5227                           ;Config register CONFIG7H @ 0x30000D
  5228                           ;	Boot Block Table Read Protection bit
  5229                           ;	EBTRB = OFF, Boot block (000000-0007FFh) is not protected from table reads executed in
      +                           other blocks
  5230   30000D                     	org	3145741
  5231   30000D  40                 	db	64
  5232                           tosu	equ	0xFFF
  5233                           tosh	equ	0xFFE
  5234                           tosl	equ	0xFFD
  5235                           stkptr	equ	0xFFC
  5236                           pclatu	equ	0xFFB
  5237                           pclath	equ	0xFFA
  5238                           pcl	equ	0xFF9
  5239                           tblptru	equ	0xFF8
  5240                           tblptrh	equ	0xFF7
  5241                           tblptrl	equ	0xFF6
  5242                           tablat	equ	0xFF5
  5243                           prodh	equ	0xFF4
  5244                           prodl	equ	0xFF3
  5245                           indf0	equ	0xFEF
  5246                           postinc0	equ	0xFEE
  5247                           postdec0	equ	0xFED
  5248                           preinc0	equ	0xFEC
  5249                           plusw0	equ	0xFEB
  5250                           fsr0h	equ	0xFEA
  5251                           fsr0l	equ	0xFE9
  5252                           wreg	equ	0xFE8
  5253                           indf1	equ	0xFE7
  5254                           postinc1	equ	0xFE6
  5255                           postdec1	equ	0xFE5
  5256                           preinc1	equ	0xFE4
  5257                           plusw1	equ	0xFE3
  5258                           fsr1h	equ	0xFE2
  5259                           fsr1l	equ	0xFE1
  5260                           bsr	equ	0xFE0
  5261                           indf2	equ	0xFDF
  5262                           postinc2	equ	0xFDE
  5263                           postdec2	equ	0xFDD
  5264                           preinc2	equ	0xFDC
  5265                           plusw2	equ	0xFDB
  5266                           fsr2h	equ	0xFDA
  5267                           fsr2l	equ	0xFD9
  5268                           status	equ	0xFD8

Data Sizes:
    Strings     133
    Constant    0
    Data        0
    BSS         0
    Persistent  0
    Stack       0

Auto Spaces:
    Space          Size  Autos    Used
    COMRAM           94     88      88
    BANK0           160      0       0
    BANK1           256      0       0
    BANK2           256      0       0
    BANK3           256      0       0
    BANK4           256      0       0
    BANK5           256      0       0
    BANK6           256      0       0
    BANK7           256      0       0

Pointer List with Targets:

    GuardarPasswordEEPROM@clave	PTR unsigned char  size(1) Largest target is 3
		 -> main@password(COMRAM[3]), main@recibida(COMRAM[3]), 

    LCD_DosLineas@Linea1	PTR unsigned char  size(1) Largest target is 17
		 -> STR_11(CODE[6]), STR_13(CODE[17]), STR_15(CODE[8]), STR_17(CODE[8]), 
		 -> STR_19(CODE[6]), STR_2(CODE[15]), STR_21(CODE[17]), STR_23(CODE[13]), 
		 -> STR_25(CODE[17]), STR_5(CODE[17]), STR_7(CODE[4]), STR_9(CODE[17]), 

    LCD_DosLineas@Linea2	PTR unsigned char  size(1) Largest target is 11
		 -> STR_10(CODE[1]), STR_12(CODE[11]), STR_14(CODE[1]), STR_16(CODE[10]), 
		 -> STR_18(CODE[1]), STR_20(CODE[9]), STR_22(CODE[1]), STR_24(CODE[5]), 
		 -> STR_26(CODE[1]), STR_3(CODE[7]), STR_6(CODE[1]), STR_8(CODE[9]), 

    LCD_Texto@PALABRA	PTR unsigned char  size(1) Largest target is 17
		 -> STR_1(CODE[8]), STR_10(CODE[1]), STR_11(CODE[6]), STR_12(CODE[11]), 
		 -> STR_13(CODE[17]), STR_14(CODE[1]), STR_15(CODE[8]), STR_16(CODE[10]), 
		 -> STR_17(CODE[8]), STR_18(CODE[1]), STR_19(CODE[6]), STR_2(CODE[15]), 
		 -> STR_20(CODE[9]), STR_21(CODE[17]), STR_22(CODE[1]), STR_23(CODE[13]), 
		 -> STR_24(CODE[5]), STR_25(CODE[17]), STR_26(CODE[1]), STR_3(CODE[7]), 
		 -> STR_4(CODE[11]), STR_5(CODE[17]), STR_6(CODE[1]), STR_7(CODE[4]), 
		 -> STR_8(CODE[9]), STR_9(CODE[17]), 

    LeerPasswordEEPROM@clave	PTR unsigned char  size(1) Largest target is 3
		 -> main@clave(COMRAM[3]), 

    PasswordCorrecta@guardada	PTR unsigned char  size(1) Largest target is 3
		 -> main@clave(COMRAM[3]), 

    PasswordCorrecta@ingresada	PTR unsigned char  size(1) Largest target is 3
		 -> main@password(COMRAM[3]), main@recibida(COMRAM[3]), 


Critical Paths under _main in COMRAM

    _main->_UART_Initial
    _UART_Initial->___fladd
    ___fldiv->___xxtofl
    ___fladd->___fldiv
    _LeerTeclado->_DelayXms
    _LeerPasswordEEPROM->_EEPROM_ReadByte
    _LCD_DosLineas->_LCD_Texto
    _LCD_Texto->_LCD_Caracter
    _LCD_Caracter->_TxDato
    _LCD_Linea2->_LCD_Comando
    _InitLCD->_DelayXms
    _LCD_Comando->_TxDato
    _TxDato->_Delay1ms
    _BitEN->_Delay1ms
    _DelayXms->_Delay1ms
    _GuardarPasswordEEPROM->_EEPROM_WriteByte
    _EEPROM_InitPassword->_EEPROM_WriteByte

Critical Paths under _MyLowPriorityIsr in COMRAM

    None.

Critical Paths under _MyHighPriorityIsr in COMRAM

    None.

Critical Paths under _main in BANK0

    None.

Critical Paths under _MyLowPriorityIsr in BANK0

    None.

Critical Paths under _MyHighPriorityIsr in BANK0

    None.

Critical Paths under _main in BANK1

    None.

Critical Paths under _MyLowPriorityIsr in BANK1

    None.

Critical Paths under _MyHighPriorityIsr in BANK1

    None.

Critical Paths under _main in BANK2

    None.

Critical Paths under _MyLowPriorityIsr in BANK2

    None.

Critical Paths under _MyHighPriorityIsr in BANK2

    None.

Critical Paths under _main in BANK3

    None.

Critical Paths under _MyLowPriorityIsr in BANK3

    None.

Critical Paths under _MyHighPriorityIsr in BANK3

    None.

Critical Paths under _main in BANK4

    None.

Critical Paths under _MyLowPriorityIsr in BANK4

    None.

Critical Paths under _MyHighPriorityIsr in BANK4

    None.

Critical Paths under _main in BANK5

    None.

Critical Paths under _MyLowPriorityIsr in BANK5

    None.

Critical Paths under _MyHighPriorityIsr in BANK5

    None.

Critical Paths under _main in BANK6

    None.

Critical Paths under _MyLowPriorityIsr in BANK6

    None.

Critical Paths under _MyHighPriorityIsr in BANK6

    None.

Critical Paths under _main in BANK7

    None.

Critical Paths under _MyLowPriorityIsr in BANK7

    None.

Critical Paths under _MyHighPriorityIsr in BANK7

    None.

Call Graph Tables:

 ---------------------------------------------------------------------------------
 (Depth) Function   	        Calls       Base Space   Used Autos Params    Refs
 ---------------------------------------------------------------------------------
 (0) _main                                                20    20      0   16919
                                             68 COMRAM    20    20      0
           _Configuracion_inicialPIC
                           _DelayXms
                _EEPROM_InitPassword
              _GuardarPasswordEEPROM
                            _InitLCD
                       _LCD_Caracter
                        _LCD_Comando
                      _LCD_DosLineas
                         _LCD_Linea2
                          _LCD_Texto
                 _LeerPasswordEEPROM
                        _LeerTeclado
                   _PasswordCorrecta
                         _TeclaASCII
                       _UART_Initial
                         _UART_Write
                         _USART_Read
 ---------------------------------------------------------------------------------
 (1) _USART_Read                                           0     0      0       0
 ---------------------------------------------------------------------------------
 (1) _UART_Write                                           1     1      0      15
                                              1 COMRAM     1     1      0
 ---------------------------------------------------------------------------------
 (1) _UART_Initial                                        12     8      4    4611
                                             56 COMRAM    12     8      4
                            ___fladd
                            ___fldiv
                            ___fltol
                           ___xxtofl
 ---------------------------------------------------------------------------------
 (2) ___xxtofl                                            14    10      4     398
                                              1 COMRAM    14    10      4
 ---------------------------------------------------------------------------------
 (2) ___fltol                                             10     6      4     305
                                              1 COMRAM    10     6      4
 ---------------------------------------------------------------------------------
 (2) ___fldiv                                             25    17      8    1399
                                             15 COMRAM    25    17      8
                           ___xxtofl (ARG)
 ---------------------------------------------------------------------------------
 (2) ___fladd                                             16     8      8    2388
                                             40 COMRAM    16     8      8
                            ___fldiv (ARG)
                           ___xxtofl (ARG)
 ---------------------------------------------------------------------------------
 (1) _TeclaASCII                                           3     3      0      15
                                              1 COMRAM     3     3      0
 ---------------------------------------------------------------------------------
 (1) _PasswordCorrecta                                     5     3      2     438
                                              1 COMRAM     5     3      2
 ---------------------------------------------------------------------------------
 (1) _LeerTeclado                                          3     3      0    1657
                                              8 COMRAM     3     3      0
                           _DelayXms
 ---------------------------------------------------------------------------------
 (1) _LeerPasswordEEPROM                                   1     0      1     309
                                              2 COMRAM     1     0      1
                    _EEPROM_ReadByte
 ---------------------------------------------------------------------------------
 (1) _LCD_DosLineas                                        2     0      2    2847
                                             11 COMRAM     2     0      2
                        _LCD_Comando
                         _LCD_Linea2
                          _LCD_Texto
 ---------------------------------------------------------------------------------
 (1) _LCD_Texto                                            4     3      1     589
                                              7 COMRAM     4     3      1
                       _LCD_Caracter
 ---------------------------------------------------------------------------------
 (2) _LCD_Caracter                                         1     1      0     195
                                              6 COMRAM     1     1      0
                             _TxDato
 ---------------------------------------------------------------------------------
 (1) _LCD_Linea2                                           0     0      0     195
                        _LCD_Comando
 ---------------------------------------------------------------------------------
 (1) _InitLCD                                              0     0      0    1791
                           _DelayXms
                        _LCD_Comando
 ---------------------------------------------------------------------------------
 (2) _LCD_Comando                                          1     1      0     195
                                              6 COMRAM     1     1      0
                             _TxDato
 ---------------------------------------------------------------------------------
 (3) _TxDato                                               3     3      0     180
                                              3 COMRAM     3     3      0
                              _BitEN
                           _Delay1ms
 ---------------------------------------------------------------------------------
 (4) _BitEN                                                0     0      0      30
                           _Delay1ms
 ---------------------------------------------------------------------------------
 (2) _DelayXms                                             5     3      2    1596
                                              3 COMRAM     5     3      2
                           _Delay1ms
 ---------------------------------------------------------------------------------
 (3) _Delay1ms                                             2     2      0      30
                                              1 COMRAM     2     2      0
 ---------------------------------------------------------------------------------
 (1) _GuardarPasswordEEPROM                                1     0      1     718
                                              3 COMRAM     1     0      1
                   _EEPROM_WriteByte
 ---------------------------------------------------------------------------------
 (1) _EEPROM_InitPassword                                  0     0      0     515
                    _EEPROM_ReadByte
                   _EEPROM_WriteByte
 ---------------------------------------------------------------------------------
 (2) _EEPROM_WriteByte                                     2     1      1     500
                                              1 COMRAM     2     1      1
 ---------------------------------------------------------------------------------
 (2) _EEPROM_ReadByte                                      1     1      0      15
                                              1 COMRAM     1     1      0
 ---------------------------------------------------------------------------------
 (1) _Configuracion_inicialPIC                             0     0      0       0
 ---------------------------------------------------------------------------------
 Estimated maximum stack depth 4
 ---------------------------------------------------------------------------------
 (Depth) Function   	        Calls       Base Space   Used Autos Params    Refs
 ---------------------------------------------------------------------------------
 (7) _MyLowPriorityIsr                                     1     1      0       0
                                              0 COMRAM     1     1      0
 ---------------------------------------------------------------------------------
 Estimated maximum stack depth 7
 ---------------------------------------------------------------------------------
 (Depth) Function   	        Calls       Base Space   Used Autos Params    Refs
 ---------------------------------------------------------------------------------
 (8) _MyHighPriorityIsr                                    0     0      0       0
 ---------------------------------------------------------------------------------
 Estimated maximum stack depth 8
 ---------------------------------------------------------------------------------

 Call Graph Graphs:

 _main (ROOT)
   _Configuracion_inicialPIC
   _DelayXms
     _Delay1ms
   _EEPROM_InitPassword
     _EEPROM_ReadByte
     _EEPROM_WriteByte
   _GuardarPasswordEEPROM
     _EEPROM_WriteByte
   _InitLCD
     _DelayXms
     _LCD_Comando
       _TxDato
         _BitEN
           _Delay1ms
         _Delay1ms
   _LCD_Caracter
     _TxDato
   _LCD_Comando
   _LCD_DosLineas
     _LCD_Comando
     _LCD_Linea2
       _LCD_Comando
     _LCD_Texto
       _LCD_Caracter
   _LCD_Linea2
   _LCD_Texto
   _LeerPasswordEEPROM
     _EEPROM_ReadByte
   _LeerTeclado
     _DelayXms
   _PasswordCorrecta
   _TeclaASCII
   _UART_Initial
     ___fladd
       ___fldiv (ARG)
         ___xxtofl (ARG)
       ___xxtofl (ARG)
     ___fldiv
     ___fltol
     ___xxtofl
   _UART_Write
   _USART_Read

 _MyLowPriorityIsr (ROOT)

 _MyHighPriorityIsr (ROOT)

 Address spaces:
Name               Size   Autos  Total    Cost      Usage
BITCOMRAM           5E      0       0       0        0.0%
EEDATA             100      0       0       0        0.0%
NULL                 0      0       0       0        0.0%
CODE                 0      0       0       0        0.0%
COMRAM              5E     58      58       1       93.6%
STACK                0      0       0       2        0.0%
DATA                 0      0       0       3        0.0%
BITBANK0            A0      0       0       4        0.0%
BANK0               A0      0       0       5        0.0%
BITBANK1           100      0       0       6        0.0%
BANK1              100      0       0       7        0.0%
BITBANK2           100      0       0       8        0.0%
BANK2              100      0       0       9        0.0%
BITBANK3           100      0       0      10        0.0%
BANK3              100      0       0      11        0.0%
BITBANK4           100      0       0      12        0.0%
BANK4              100      0       0      13        0.0%
BITBANK5           100      0       0      14        0.0%
BANK5              100      0       0      15        0.0%
BITBANK6           100      0       0      16        0.0%
BANK6              100      0       0      17        0.0%
BITBANK7           100      0       0      18        0.0%
BANK7              100      0       0      19        0.0%
BITBIGSFRhhh         D      0       0      20        0.0%
BITBIGSFRhhl        30      0       0      21        0.0%
BITBIGSFRhlhhhh      8      0       0      22        0.0%
BITBIGSFRhlhhhl      8      0       0      23        0.0%
BITBIGSFRhlhhll      1      0       0      24        0.0%
BITBIGSFRhlhllh      7      0       0      25        0.0%
BITBIGSFRhlhlll      8      0       0      26        0.0%
BITBIGSFRlhh         5      0       0      27        0.0%
BITBIGSFRlhl         1      0       0      28        0.0%
BITBIGSFRllh         7      0       0      29        0.0%
BITBIGSFRlll        21      0       0      30        0.0%
ABS                  0      0       0      31        0.0%
BIGRAM             7FF      0       0      32        0.0%
BIGSFR               0      0       0     200        0.0%
BITSFR               0      0       0     200        0.0%
SFR                  0      0       0     200        0.0%


Microchip Technology PIC18 Macro Assembler V2.45 build 20230818022343 
Symbol Table                                                                                   Tue Jun 30 15:45:18 2026

                    ___fldiv@aexp 0028                      ___fldiv@bexp 0027                     ?_LCD_Caracter 0001  
                     ?_LCD_Linea2 0001                      ___fldiv@sign 0020                      ?_LCD_Comando 0001  
                              l71 1FF0                                l80 1FFC                                l65 1EF4  
                              l74 1C68                                l59 1F4E                                l68 1F92  
                              l92 2010                                l77 2008                                l86 1DD2  
                              l95 1FAE                                l89 1E52                                u10 1F4E  
                              u11 1F4A                                u25 1B94                                u35 1BB8  
                              u45 1BDE                                bsr 0FE0                     ??_LeerTeclado 0009  
                   Delay1ms@veces 0002                               l123 17B0                               l150 1E14  
                             l160 1F20                               l128 1B6E                               l161 1F24  
                             l170 1D88                               l164 1FD4                               l173 1EC0  
                             l158 1F12                               l182 1FB6                               l190 1F5E  
                             l176 1E8C                               l192 1F74                               l185 1FC4  
                             l179 1D26                               l188 1F50                               l198 08EE  
                             l543 1A6A                               l800 1156                               l801 1144  
                             l901 1808                               l830 1436                               l904 1964  
                             l841 14F4                               l833 13FA                               l842 14E2  
                             l931 1FE6                               l915 18FC                               l828 15D6  
                             l908 18A0                               l925 1F2E                               l933 1FEA  
                             l941 1C06                               l774 0F6C                               l927 1F32  
                             l919 1F26                               l943 1C20                               l935 1B72  
                             l951 2000                               l791 1086                               l783 123C  
                             l775 0F5A                               l839 147C                               l776 0F20  
                             l929 1FE4                               l945 1C40                               l937 1BEE  
                             l953 2002                               l947 1C60                               l939 1BF2  
                             l955 1FF4                               l949 1C64                               l957 1FF6  
                             l975 200A                               l995 1FC8                               l997 1FCC  
                             l999 1FCE                               u900 1FC4                               u901 1FC0  
                             u950 1F5E                               u951 1F5A                               u960 1F6C  
                             u961 1F68                               wreg 0FE8                    ?_LCD_DosLineas 000C  
                     main@comando 004E                      ___fltol@exp1 000B                              l1001 1FD0  
                            l1003 1FD2                              l2001 1F04                              l2003 1F06  
                            l2011 0D7E                              l2005 1F08                              l2101 0F3A  
                            l2021 0DBA                              l2013 0D8A                              l2007 1F0C  
                            l2111 0F7A                              l2103 0F3E                              l2031 0DEA  
                            l2023 0DCA                              l2015 0D98                              l2009 1F10  
                            l2201 1214                              l2121 0FBC                              l2113 0F8A  
                            l2105 0F4C                              l2041 0E14                              l2033 0DFC  
                            l2025 0DCC                              l2017 0D9A                              l2203 1216  
                            l2131 0FEA                              l2123 0FCA                              l2107 0F4E  
                            l2043 0E24                              l2051 0E4E                              l2035 0DFE  
                            l2019 0DAA                              l2027 0DD4                              l2205 121C  
                            l2141 1056                              l2133 0FF4                              l2125 0FD6  
                            l2117 0F9E                              l2109 0F58                              l2061 0E86  
                            l2053 0E5E                              l2045 0E34                              l2037 0E04  
                            l2029 0DE4                              l2301 1462                              l2221 126A  
                            l2213 123E                              l2207 122A                              l2143 1066  
                            l2127 0FDA                              l2119 0FAE                              l2135 0FFA  
                            l2071 0E9A                              l2063 0E8A                              l2055 0E70  
                            l2047 0E44                              l2039 0E12                              l2311 149E  
                            l2303 146C                              l2231 12A4                              l2223 127A  
                            l2215 124A                              l1441 1F84                              l2209 122C  
                            l2161 10E8                              l2153 10C0                              l2137 1020  
                            l2145 1076                              l2129 0FE8                              l2081 0EAE  
                            l2073 0E9E                              l2065 0E8E                              l2057 0E7E  
                            l2049 0E46                              l2321 1510                              l2313 14AC  
                            l2305 147A                              l2241 12D0                              l2233 12AA  
                            l2225 128A                              l2217 1258                              l2401 1818  
                            l1451 1F8E                              l1443 1F86                              l1611 1AC6  
                            l1603 1ABA                              l2163 10F0                              l2155 10CA  
                            l2147 109C                              l2139 1054                              l2171 1114  
                            l2091 0EC2                              l2083 0EB2                              l2075 0EA2  
                            l2067 0E92                              l2059 0E82                              l2331 157C  
                            l2323 151E                              l2315 14DA                              l2307 148C  
                            l2251 130A                              l2243 12E0                              l2235 12B0  
                            l2227 128C                              l2219 125A                              l2411 1856  
                            l2403 182E                              l1453 1F90                              l1445 1F88  
                            l1437 1F76                              l2501 1728                              l1621 1AD2  
                            l2181 1166                              l2173 1118                              l2165 10F4  
                            l2157 10D8                              l2149 10AC                              l2093 0EEC  
                            l2085 0EB6                              l2077 0EA6                              l2069 0E96  
                            l2341 15CA                              l2333 1596                              l2325 1548  
                            l2309 149A                              l2253 1320                              l2245 12F0  
                            l2237 12BE                              l2229 1294                              l2421 18DE  
                            l2413 1888                              l1447 1F8A                              l1439 1F82  
                            l2503 1738                              l1623 1B6C                              l1615 1ACC  
                            l1607 1AC0                              l2191 11CC                              l2183 1172  
                            l2175 1126                              l2167 1104                              l2159 10DA  
                            l2095 0F08                              l2087 0EBA                              l2079 0EAA  
                            l2343 15CC                              l2335 15B2                              l2319 1504  
                            l2327 154C                              l2271 1374                              l2255 1330  
                            l2263 1350                              l2247 12F2                              l2239 12C0  
                            l2351 1966                              l2431 1934                              l2423 18EC  
                            l2415 188A                              l2407 1842                              l1449 1F8C  
                            l2441 1E16                              l2505 1740                              l2513 1758  
                            l1553 1A6E                              l2193 11DC                              l2185 1180  
                            l2177 113C                              l2169 1106                              l2097 0F18  
                            l2089 0EBE                              l2337 15B6                              l2329 1566  
                            l2281 13C6                              l2273 138E                              l2265 1360  
                            l2257 1338                              l2249 12FA                              l2361 19BC  
                            l2353 197C                              l2433 1944                              l2425 190A  
                            l2417 1896                              l2409 184A                              l2443 1F94  
                            l2507 1748                              l2515 1792                              l2451 15DA  
                            l1571 1A8A                              l1563 1A7E                              l1555 1A72  
                            l2195 11FC                              l2187 11BA                              l2099 0F2E  
                            l2339 15C4                              l2291 1422                              l2283 13D6  
                            l2275 139E                              l2267 1360                              l2259 133C  
                            l2363 19CC                              l2435 1952                              l2427 190C  
                            l2419 18D2                              l1651 1FB2                              l2445 1F9A  
                            l2517 17A2                              l2509 1750                              l2461 1606  
                            l2453 15DE                              l2197 1200                              l2189 11BC  
                            l2293 1424                              l2285 13EA                              l2277 13AE  
                            l2373 19F6                              l2365 19D0                              l2357 1990  
                            l2437 1954                              l2429 1910                              l2701 0A62  
                            l2621 0896                              l2447 1FA2                              l2519 17AE  
                            l2471 165C                              l2455 15EE                              l2551 1E00  
                            l1591 1AA8                              l1583 1A9C                              l1575 1A90  
                            l1567 1A84                              l1559 1A78                              l2199 120E  
                            l2295 1434                              l2287 13F8                              l2279 13BE  
                            l2391 1A5A                              l2383 1A1E                              l2375 1A00  
                            l2367 19DE                              l2359 19BA                              l2703 0A6A  
                            l2711 0A8E                              l2631 08C2                              l2623 089A  
                            l2561 1D3E                              l2473 1664                              l2481 167C  
                            l2457 15F6                              l2465 160E                              l2449 15D8  
                            l2553 1E02                              l2545 1DD8                              l2297 1446  
                            l2289 1404                              l2385 1A2A                              l2377 1A0A  
                            l2801 0C7C                              l2721 0ABE                              l2713 0AA0  
                            l2705 0A7A                              l2641 090E                              l2633 08CE  
                            l2617 0888                              l2563 1D54                              l2571 1EAE  
                            l2491 16DA                              l2475 166C                              l2483 16B6  
                            l2459 15FE                              l2467 1648                              l2555 1E12  
                            l2547 1DFA                              l2539 1DD4                              l1595 1AAE  
                            l1587 1AA2                              l1579 1A96                              l2299 145C  
                            l2387 1A3A                              l2395 17B4                              l1691 1F50  
                            l2811 0CB2                              l2803 0C82                              l2731 0B10  
                            l2715 0AB0                              l2723 0AC4                              l2707 0A86  
                            l2651 0940                              l2643 0916                              l2635 08D2  
                            l2619 0894                              l2565 1D6A                              l2573 1E54  
                            l2493 16E2                              l2485 16BA                              l2477 1674  
                            l2469 164C                              l2389 1A4A                              l2397 17C4  
                            l2581 1C6E                              l1693 1F6C                              l2821 0CE6  
                            l2813 0CBA                              l2805 0C88                              l2741 0B48  
                            l2733 0B1C                              l2725 0AD6                              l2717 0AB2  
                            l2709 0A8C                              l2661 096A                              l2653 0944  
                            l2645 0922                              l2637 08F2                              l2629 08A2  
                            l2559 1D28                              l2575 1E64                              l2567 1E8E  
                            l2487 16CA                              l1599 1AB4                              l2399 17D2  
                            l2591 1D1E                              l2583 1D16                              l1695 1F72  
                            l2831 0D1E                              l2823 0CEA                              l2815 0CC6  
                            l2807 0C8E                              l2751 0B7C                              l2743 0B54  
                            l2735 0B28                              l2727 0AE8                              l2719 0AB8  
                            l2671 09A0                              l2663 0976                              l2655 094C  
                            l2647 092E                              l2639 090A                              l2577 1E78  
                            l2569 1E9C                              l2489 16D2                              l2497 16EA  
                            l2593 1D20                              l2585 1D18                              l2841 0D52  
                            l2833 0D24                              l2817 0CCE                              l2809 0CA0  
                            l2825 0CFA                              l2761 0BAE                              l2753 0B88  
                            l2745 0B58                              l2729 0B04                              l2737 0B30  
                            l2681 09F4                              l2673 09B2                              l2665 097A  
                            l2657 0958                              l2649 0934                              l2499 1724  
                            l2595 1D22                              l2587 1D1A                              l2579 1C6A  
                            l2843 0D56                              l2835 0D36                              l2851 0D72  
                            l2827 0D0A                              l2819 0CDA                              l2771 0BD0  
                            l2763 0BB2                              l2755 0B94                              l2739 0B3C  
                            l2747 0B5C                              l2691 0A22                              l2683 0A06  
                            l2675 09CE                              l2667 0988                              l2659 095E  
                            l1981 1ED2                              l2589 1D1C                              l2845 0D5A  
                            l2837 0D42                              l2781 0C10                              l2773 0BD6  
                            l2829 0D0C                              l2765 0BB6                              l2757 0BA6  
                            l2749 0B6C                              l2685 0A0E                              l2677 09D8  
                            l2669 098E                              l1983 1ED6                              l1991 1DB0  
                            l2847 0D5E                              l2839 0D4E                              l2791 0C50  
                            l2783 0C1C                              l2775 0BE6                              l2767 0BBA  
                            l2759 0BAA                              l2695 0A32                              l2687 0A16  
                            l2679 09E2                              l1993 1EF8                              l1977 1EC2  
                            l1985 1D8A                              l2881 176C                              l2873 1AE6  
                            l2849 0D6E                              l2793 0C56                              l2785 0C2C  
                            l2777 0BF8                              l2769 0BBE                              l2697 0A46  
                            l2689 0A1C                              l1995 1EFC                              l1979 1ECE  
                            l1987 1D96                              l2875 1622                              l2787 0C34  
                            l2795 0C58                              l2779 0BFC                              l2699 0A52  
                            l1997 1F00                              l1989 1DAC                              l2877 1690  
                            l2797 0C6A                              l2789 0C44                              l1999 1F02  
                            l2879 16FE                              l2799 0C7A                              STR_1 0860  
                            STR_2 0812                              STR_3 0870                              STR_4 082E  
                            STR_5 0801                              STR_6 0885                              STR_7 0882  
                            STR_8 0857                              STR_9 0801                              _CREN 7D5C  
                            u2000 1A4A                              u2001 1A46                              u2010 17C4  
                            u2011 17C0                              u1300 1DD2                              u2100 1952  
                            u2020 17D2                              u1301 1DCE                              u2101 194E  
                            u2021 17CE                              u1310 1F20                              u2110 17A2  
                            u2030 182E                              u1311 1F1C                              u2111 179E  
                            u2031 182A                              u2120 1DFA                              u1400 0E7E  
                            u1320 0D98                              u2040 1884                              u2200 08B2  
                            u2121 1DF6                              u1401 0E7A                              u1321 0D94  
                            u2041 1880                              u2201 08AC                              u2130 1E12  
                            u1410 0EEC                              u1330 0DAA                              u2050 18CE  
                            u2210 08EE                              u2131 1E0E                              u1411 0EE8  
                            u1331 0DA6                              u2051 18CA                              u2211 08EA  
                            u2140 1D3E                              u1500 0FCA                              u1420 0F04  
                            u1340 0DBA                              u2060 18EC                              u2300 0AA0  
                            u2220 0988                              u2141 1D3A                              u1501 0FC6  
                            u1421 0EFE                              u1341 0DB6                              u2061 18E8  
                            u2301 0A9C                              u2221 0984                              u2150 1D54  
                            u1510 0FE8                              u1430 0F06                              u1350 0DFC  
                            u2070 18FC                              u2310 0AB0                              u2230 09A0  
                            u2206 08B4                              _LATB 0F8A                              u2151 1D50  
                            u1511 0FE4                              u1351 0DF8                              u2071 18F8  
                            u2311 0AAC                              u2231 099C                              u2160 1D6A  
                            u1600 1126                              u1520 1020                              u1440 0F2E  
                            u1360 0E12                              u2080 190A                              u2400 0C10  
                            u2320 0AD6                              u2240 09CE                              u2161 1D66  
                            u1601 1122                              u1521 101C                              u1441 0F2A  
                            u1361 0E0E                              u2081 1906                              u2401 0C0C  
                            u2321 0AD2                              u2241 09CA                              u1290 1EF4  
                            u1610 113C                              u1530 1066                              u1450 0F4C  
                            u1370 0E24                              u2090 1944                              u2410 0C2C  
                            u2330 0AE8                              u2250 09F4                              u1291 1EF0  
                            u1611 1138                              u1531 1062                              u1451 0F48  
                            u1371 0E20                              u2091 1940                              u2411 0C28  
                            u2331 0AE4                              u2251 09F0                              u1700 122A  
                            u1620 1152                              u1540 109C                              u1460 0F6C  
                            u1380 0E34                              u2420 0C44                              u2340 0B04  
                            u2260 0A32                              u1701 1226                              u1621 114E  
                            u1541 1098                              u1461 0F68                              u1381 0E30  
                            u2421 0C40                              u2341 0B00                              u2261 0A2E  
                            u1630 1166                              u1550 10AC                              u1470 0F7A  
                            u1390 0E70                              u1710 1258                              u2430 0C6A  
                            u2350 0B6C                              u2270 0A46                              u1631 1162  
                            u1551 10A8                              u1471 0F76                              u1391 0E6C  
                            u1711 1254                              u2175 1C80                              u2431 0C66  
                            u2351 0B68                              u2271 0A42                              u1640 1180  
                            u1560 10D8                              u1480 0F8A                              u1800 13F8  
                            u1720 126A                              u2440 0C7A                              u2360 0B7C  
                            u2280 0A62                              u1641 117C                              u1561 10D4  
                            u1481 0F86                              u1801 13F4                              u1721 1266  
                            u2441 0C76                              u2361 0B78                              u2281 0A5E  
                            u1650 11BA                              u1570 10E8                              u1490 0FBC  
                            u1810 1422                              u1730 127A                              u2450 0CA0  
                            u2370 0BD0                              u2290 0A7A                              u1651 11B6  
                            u1571 10E4                              u1491 0FB8                              u1811 141E  
                            u1731 1276                              u2451 0C9C                              u2371 0BCC  
                            u2291 0A76                              u1660 11CC                              u1580 1104  
                            u1900 151E                              u1820 1446                              u1740 12BE  
                            u2460 0CB2                              u2380 0BE6                              u1661 11C8  
                            u1581 1100                              u1901 151A                              u1821 1442  
                            u1741 12BA                              u2461 0CAE                              u2381 0BE2  
                            u1670 11DC                              u1590 1114                              u1910 1566  
                            u1830 145C                              u1750 12D0                              u2470 0D0A  
                            u2390 0BF8                              u1671 11D8                              u1591 1110  
                            u1911 1562                              u1831 1458                              u1751 12CC  
                            u2471 0D06                              u2391 0BF4                              u1680 11FC  
                            u1920 1596                              u1840 147A                              u1760 12E0  
                            u2480 0D1E                              u1681 11F8                              u1921 1592  
                            u1841 1476                              u1761 12DC                              u2481 0D1A  
                            u1690 120E                              u1930 15C4                              u1850 149A  
                            u1770 1320                              u2490 0D36                              u1691 120A  
                            u1931 15C0                              u1851 1496                              u1771 131C  
                            u2491 0D32                              u1860 14AC                              u1780 1360  
                            u1940 197C                              u1861 14A8                              u1781 135C  
                            u1941 1978                              u1870 14DA                              u1790 13D6  
                            u1950 19B0                              u1871 14D6                              u1791 13D2  
                            u1880 14F0                              u1960 19DE                              u1881 14EC  
                            u1961 19DA                              u1890 1504                              u1970 19F2  
                            u1891 1500                              u1971 19EE                              u1955 19A6  
                            u1980 1A1A                              u1981 1A16                              u1990 1A3A  
                            u1991 1A36                              _RCIF 7CF5                              _TRMT 7D61  
      GuardarPasswordEEPROM@clave 0004                              _main 0888                              fsr1h 0FE2  
                            fsr2h 0FDA                              indf2 0FDF                              fsr1l 0FE1  
                            fsr2l 0FD9                              btemp 0059              EEPROM_WriteByte@data 0002  
                            start 0026                   ___fldiv@new_exp 0021                 ?_PasswordCorrecta 0002  
                    ___param_bank 0000                    ??_LCD_Caracter 0007                   __end_of_InitLCD 1E54  
   __end_of_GuardarPasswordEEPROM 1E8E                ??_PasswordCorrecta 0004                     ___fltol@sign1 000A  
                 __end_of___fladd 123E                             ?_main 0001                   __end_of___fldiv 15D8  
                           _EEADR 0FA9                             STR_10 0885                             STR_11 0877  
                           STR_20 084E                             STR_12 0839                             STR_21 0801  
                           STR_13 0801                             STR_22 0885                             STR_14 0885  
                           STR_15 0868                             STR_23 0821                             STR_24 087D  
                           STR_16 0844                             STR_25 0801                             STR_17 0868  
                           STR_26 0885                             STR_18 0885                             STR_19 0877  
                 __end_of___fltol 1A6C                             i1l243 001E                             i2l238 2016  
                           _RCREG 0FAE                             _RCSTA 0FAB                             _SPBRG 0FAF  
                           _PORTB 0F81                             _TRISB 0F93                             _BitEN 1FE4  
                           _TXREG 0FAD                      main@recibida 0050                       ?_UART_Write 0001  
             __end_of_LeerTeclado 17B2                      main@password 0053                             main@i 004C  
                           tablat 0FF5                             ttemp5 005A                             ttemp6 005D  
                           ttemp7 0061                             status 0FD8                             wtemp8 005A  
                __end_of_Delay1ms 1F50                  __end_of_DelayXms 1EF6                       ?_USART_Read 0001  
                 __initialization 1FD6                      __end_of_main 0D7E                            ??_main 0045  
                      TxDato@dato 0006                     __activetblptr 0002                        _TeclaASCII 1A6C  
               __end_of_LCD_Texto 1DD4                            ?_BitEN 0001                   ??_LCD_DosLineas 000E  
                          _ADCON1 0FC1                            _EEDATA 0FA8                            _EECON2 0FA7  
                   DelayXms@Milis 0004                            i2l1955 2014                  __end_of___xxtofl 1966  
                       ??_InitLCD 0009                            _TxDato 1B70        __end_of_LeerPasswordEEPROM 1EC2  
                       ??___fladd 0031                         ??___fldiv 0018                         ??___fltol 0006  
               ??_EEPROM_ReadByte 0002                            isa$std 0001          __end_of_EEPROM_WriteByte 1F26  
                          main@rx 0046                            main@tx 004F                       _LeerTeclado 15D8  
                    __mediumconst 0000                            tblptrh 0FF7                            tblptrl 0FF6  
                          tblptru 0FF8              __end_of_LCD_Caracter 1FFE                 main@teclaAnterior 0048  
                    ___xxtofl@arg 000C                      ___xxtofl@exp 000B                      ___xxtofl@val 0002  
               _MyHighPriorityIsr 0008                        __accesstop 0060           __end_of__initialization 1FD6  
              ?_MyHighPriorityIsr 0001                     ___rparam_used 0001                        ___fltol@f1 0002  
                   __end_of_BitEN 1FF2                    __pcstackCOMRAM 0001                   TeclaASCII@tecla 0004  
                    ??_LCD_Linea2 0008               ??_MyHighPriorityIsr 0001                       ?_TeclaASCII 0001  
                         ??_BitEN 0004                         ?_Delay1ms 0001                         ?_DelayXms 0004  
       ?_Configuracion_inicialPIC 0001         __end_of_MyHighPriorityIsr 201A                __end_of_LCD_Linea2 2012  
             _EEPROM_InitPassword 1D28                           ?_TxDato 0001              ?_EEPROM_InitPassword 0001  
                LCD_Caracter@dato 0007                         ?___xxtofl 0002                        ??_Delay1ms 0002  
                      ??_DelayXms 0006                      ??_UART_Write 0002                  LeerTeclado@tecla 000B  
       PasswordCorrecta@ingresada 0002                     ?_UART_Initial 0039                           _InitLCD 1E16  
                    ??_USART_Read 0002                           __Hparam 0000           LeerPasswordEEPROM@clave 0003  
                         __Lparam 0000                           ___fladd 0D7E                           ___fldiv 123E  
                         ___fltol 1966                __end_of_UART_Write 1FC6                      __psmallconst 0800  
           _GuardarPasswordEEPROM 1E54                           __pcinit 1FD6             ??_EEPROM_InitPassword 0004  
                         __ramtop 0800                           __ptext0 0888                           __ptext1 1F50  
                         __ptext2 1FB0                           __ptext3 1C6A                           __ptext4 17B2  
                         __ptext5 1966                           __ptext6 123E                           __ptext7 0D7E  
                         __ptext8 1A6C                           __ptext9 1DD4             UART_Initial@baud_rate 0039  
          EEPROM_ReadByte@address 0002                        ??___xxtofl 0006                __end_of_USART_Read 1F76  
                  LCD_Comando@cmd 0007           EEPROM_WriteByte@address 0003                         _LCD_Texto 1D8A  
                  __pintcode_body 2012              end_of_initialization 1FD6                    ??_UART_Initial 003D  
                       DelayXms@i 0007                     __Lmediumconst 0000                           int_func 2012  
                 _EEPROM_ReadByte 1FC6                         _RCSTAbits 0FAB                  _MyLowPriorityIsr 0018  
                         postinc1 0FE6                           postinc2 0FDE                      _LCD_Caracter 1FF2  
                    ?_LeerTeclado 0001                 ?_EEPROM_WriteByte 0002                    UART_Write@data 0002  
                     ___fladd@grs 0038                ??_EEPROM_WriteByte 0003                     ___xxtofl@sign 000A  
              _LeerPasswordEEPROM 1E8E                         _TRISAbits 0F92                         _TRISCbits 0F94  
                       _TRISDbits 0F95                       ___fldiv@grs 0023             __end_of_LCD_DosLineas 1FB0  
                     ___fldiv@rem 001C                        ?_LCD_Texto 0008               ?_LeerPasswordEEPROM 0003  
                      main@indice 0057                         _TXSTAbits 0FAC                        main@estado 0056  
                  __end_of_TxDato 1C6A            ?_GuardarPasswordEEPROM 0004                     ??_LCD_Comando 0007  
__end_of_Configuracion_inicialPIC 1F94                        LCD_Texto@i 000A              ??_LeerPasswordEEPROM 0004  
                     _BAUDCONbits 0FB8                 PasswordCorrecta@i 0006                      ??_TeclaASCII 0002  
                _PasswordCorrecta 1DD4               start_initialization 1FD6           __end_of_EEPROM_ReadByte 1FD6  
                        ??_TxDato 0004                __end_of_TeclaASCII 1B70              __end_of_UART_Initial 1D28  
                       ___fladd@a 002D                         ___fladd@b 0029                         ___fldiv@a 0014  
                       ___fldiv@b 0010               __end_of_LCD_Comando 200A                       ??_LCD_Texto 0009  
                        ?_InitLCD 0001                         __pintcode 0008                          ?___fladd 0029  
                        ?___fldiv 0010                          ?___fltol 0002                       __pintcodelo 0018  
                     __smallconst 0800          _Configuracion_inicialPIC 1F76          __end_of_MyLowPriorityIsr 0026  
                ?_EEPROM_ReadByte 0001                          _LATAbits 0F89                          _LATDbits 0F8C  
                 UART_Initial@bps 0041                          _PIR1bits 0F9E       __end_of_EEPROM_InitPassword 1D8A  
                     _LCD_Comando 1FFE                         main@clave 0049                          _Delay1ms 1F26  
                       main@tecla 0058                          _DelayXms 1EC2                        _EECON1bits 0FA6  
        __end_of_PasswordCorrecta 1E16                  LCD_Texto@PALABRA 0008           ??_GuardarPasswordEEPROM 0005  
                        __Hrparam 0000                          __Lrparam 0000                          ___xxtofl 17B2  
                        __ptext10 15D8                          __ptext11 1E8E                          __ptext20 1EC2  
                        __ptext12 1F94                          __ptext21 1F26                          __ptext13 1D8A  
                        __ptext22 1E54                          __ptext14 1FF2                          __ptext23 1D28  
                        __ptext15 200A                          __ptext24 1EF6                          __ptext16 1E16  
                        __ptext25 1FC6                          __ptext17 1FFE                          __ptext26 1F76  
                        __ptext18 1B70                          __ptext19 1FE4                      _UART_Initial 1C6A  
                        isa$xinst 0000                          int$flags 0059                        _LCD_Linea2 200A  
        PasswordCorrecta@guardada 0003                        _INTCONbits 0FF2                          intlevel1 0000  
                        intlevel2 0000                main@estadoAnterior 0047        ??_Configuracion_inicialPIC 0002  
                      _UART_Write 1FB0                     ___fladd@signs 0035                     _LCD_DosLineas 1F94  
               ?_MyLowPriorityIsr 0001                ??_MyLowPriorityIsr 0001                  _EEPROM_WriteByte 1EF6  
                    ___fladd@aexp 0036                      ___fladd@bexp 0037               LCD_DosLineas@Linea1 000C  
             LCD_DosLineas@Linea2 000D                        _USART_Read 1F50  
