

Microchip MPLAB XC8 Assembler V2.45 build 20230818022343 
                                                                                               Sat Jun 27 00:01:51 2026

Microchip MPLAB XC8 C Compiler v2.45 (Free license) build 20230818022343 Og1 
     1                           	processor	18F4550
     2                           	fnconf	rparam,??,?,0
     3                           	pagewidth 120
     4                           	opt	flic
     5                           	psect	smallconst,global,reloc=2,class=SMALLCONST,delta=1,noexec
     6                           	psect	cinit,global,reloc=2,class=CODE,delta=1
     7                           	psect	cstackCOMRAM,global,class=COMRAM,space=1,delta=1,lowdata,noexec
     8                           	psect	text0,global,reloc=2,class=CODE,delta=1
     9                           	psect	text1,global,reloc=2,class=CODE,delta=1
    10                           	psect	text2,global,reloc=2,class=CODE,delta=1
    11                           	psect	text3,global,reloc=2,class=CODE,delta=1
    12                           	psect	text4,global,reloc=2,class=CODE,delta=1,group=1
    13                           	psect	text5,global,reloc=2,class=CODE,delta=1,group=1
    14                           	psect	text6,global,reloc=2,class=CODE,delta=1,group=1
    15                           	psect	text7,global,reloc=2,class=CODE,delta=1,group=1
    16                           	psect	text8,global,reloc=2,class=CODE,delta=1
    17                           	psect	text9,global,reloc=2,class=CODE,delta=1
    18                           	psect	text10,global,reloc=2,class=CODE,delta=1
    19                           	psect	text11,global,reloc=2,class=CODE,delta=1
    20                           	psect	text12,global,reloc=2,class=CODE,delta=1
    21                           	psect	text13,global,reloc=2,class=CODE,delta=1
    22                           	psect	text14,global,reloc=2,class=CODE,delta=1
    23                           	psect	text15,global,reloc=2,class=CODE,delta=1
    24                           	psect	text16,global,reloc=2,class=CODE,delta=1
    25                           	psect	text17,global,reloc=2,class=CODE,delta=1
    26                           	psect	intcodelo,global,reloc=2,class=CODE,delta=1
    27                           	psect	intcode,global,reloc=2,class=CODE,delta=1
    28                           	psect	intcode_body,global,reloc=2,class=CODE,delta=1
    29                           	psect	intsave_regs,global,class=BIGRAM,space=1,delta=1,noexec
    30                           	psect	rparam,global,class=COMRAM,space=1,delta=1,noexec
    31                           	psect	temp,global,ovrld,common,class=COMRAM,space=1,delta=1
    32                           	psect	idloc,global,abs,ovrld,class=IDLOC,space=5,delta=1,noexec
    33                           	psect	config,global,abs,ovrld,class=CONFIG,space=4,delta=1,noexec
    34   000000                     
    35                           ; Version 2.20
    36                           ; Generated 12/02/2020 GMT
    37                           ; 
    38                           ; Copyright © 2020, Microchip Technology Inc. and its subsidiaries ("Microchip")
    39                           ; All rights reserved.
    40                           ; 
    41                           ; This software is developed by Microchip Technology Inc. and its subsidiaries ("Microch
      +                          ip").
    42                           ; 
    43                           ; Redistribution and use in source and binary forms, with or without modification, are
    44                           ; permitted provided that the following conditions are met:
    45                           ; 
    46                           ;     1. Redistributions of source code must retain the above copyright notice, this lis
      +                          t of
    47                           ;        conditions and the following disclaimer.
    48                           ; 
    49                           ;     2. Redistributions in binary form must reproduce the above copyright notice, this 
      +                          list
    50                           ;        of conditions and the following disclaimer in the documentation and/or other
    51                           ;        materials provided with the distribution.
    52                           ; 
    53                           ;     3. Microchip's name may not be used to endorse or promote products derived from th
      +                          is
    54                           ;        software without specific prior written permission.
    55                           ; 
    56                           ; THIS SOFTWARE IS PROVIDED BY MICROCHIP "AS IS" AND ANY EXPRESS OR IMPLIED WARRANTIES,
    57                           ; INCLUDING, BUT NOT LIMITED TO, THE IMPLIED WARRANTIES OF MERCHANTABILITY AND FITNESS F
      +                          OR
    58                           ; PURPOSE ARE DISCLAIMED.  IN NO EVENT SHALL MICROCHIP BE LIABLE FOR ANY DIRECT, INDIREC
      +                          T,
    59                           ; INCIDENTAL, SPECIAL, EXEMPLARY, OR CONSEQUENTIAL DAMAGES (INCLUDING BUT NOT LIMITED TO
    60                           ; PROCUREMENT OF SUBSTITUTE GOODS OR SERVICES; LOSS OF USE, DATA OR PROFITS; OR BUSINESS
    61                           ; INTERRUPTION) HOWSOEVER CAUSED AND ON ANY THEORY OF LIABILITY, WHETHER IN CONTRACT, ST
      +                          RICT
    62                           ; LIABILITY, OR TORT (INCLUDING NEGLIGENCE OR OTHERWISE) ARISING IN ANY WAY OUT OF THE U
      +                          SE OF
    63                           ; THIS SOFTWARE, EVEN IF ADVISED OF THE POSSIBILITY OF SUCH DAMAGE.
    64                           ; 
    65                           ; 
    66                           ; Code-generator required, PIC18F4550 Definitions
    67                           ; 
    68                           ; SFR Addresses
    69   000000                     _RCREG	set	4014
    70   000000                     _TXREG	set	4013
    71   000000                     _PIR1bits	set	3998
    72   000000                     _RCSTAbits	set	4011
    73   000000                     _CREN	set	32092
    74   000000                     _TRMT	set	32097
    75   000000                     _PORTB	set	3969
    76   000000                     _LATAbits	set	3977
    77   000000                     _LATDbits	set	3980
    78   000000                     _TRISAbits	set	3986
    79   000000                     _TRISB	set	3987
    80   000000                     _TRISCbits	set	3988
    81   000000                     _LATB	set	3978
    82   000000                     _TRISDbits	set	3989
    83   000000                     _RCSTA	set	4011
    84   000000                     _TXSTAbits	set	4012
    85   000000                     _SPBRG	set	4015
    86   000000                     _RCIF	set	31989
    87   000000                     _BAUDCONbits	set	4024
    88   000000                     _ADCON1	set	4033
    89                           
    90                           	psect	smallconst
    91   000800                     __psmallconst:
    92                           	callstack 0
    93   000800  00                 	db	0
    94   000801                     STR_1:
    95   000801  55                 	db	85	;'U'
    96   000802  6E                 	db	110	;'n'
    97   000803  69                 	db	105	;'i'
    98   000804  76                 	db	118	;'v'
    99   000805  65                 	db	101	;'e'
   100   000806  72                 	db	114	;'r'
   101   000807  73                 	db	115	;'s'
   102   000808  69                 	db	105	;'i'
   103   000809  64                 	db	100	;'d'
   104   00080A  61                 	db	97	;'a'
   105   00080B  64                 	db	100	;'d'
   106   00080C  20                 	db	32
   107   00080D  64                 	db	100	;'d'
   108   00080E  65                 	db	101	;'e'
   109   00080F  00                 	db	0
   110   000810                     STR_3:
   111   000810  55                 	db	85	;'U'
   112   000811  53                 	db	83	;'S'
   113   000812  41                 	db	65	;'A'
   114   000813  52                 	db	82	;'R'
   115   000814  54                 	db	84	;'T'
   116   000815  20                 	db	32
   117   000816  76                 	db	118	;'v'
   118   000817  31                 	db	49	;'1'
   119   000818  2E                 	db	46
   120   000819  30                 	db	48	;'0'
   121   00081A  00                 	db	0
   122   00081B                     STR_2:
   123   00081B  43                 	db	67	;'C'
   124   00081C  75                 	db	117	;'u'
   125   00081D  65                 	db	101	;'e'
   126   00081E  6E                 	db	110	;'n'
   127   00081F  63                 	db	99	;'c'
   128   000820  61                 	db	97	;'a'
   129   000821  00                 	db	0
   130   000822  00                 	db	0	; dummy byte at the end
   131   000000                     
   132                           ; #config settings
   133                           
   134                           	psect	cinit
   135   001752                     __pcinit:
   136                           	callstack 0
   137   001752                     start_initialization:
   138                           	callstack 0
   139   001752                     __initialization:
   140                           	callstack 0
   141   001752                     end_of_initialization:
   142                           	callstack 0
   143   001752                     __end_of__initialization:
   144                           	callstack 0
   145   001752  904A               	bcf	int$flags,0,c	;clear compiler interrupt flag (level 1)
   146   001754  924A               	bcf	int$flags,1,c	;clear compiler interrupt flag (level 2)
   147   001756  0E00               	movlw	low (__Lmediumconst shr (0+16))
   148   001758  6EF8               	movwf	tblptru,c
   149   00175A  0100               	movlb	0
   150   00175C  EF19  F009         	goto	_main	;jump to C main() function
   151                           
   152                           	psect	cstackCOMRAM
   153   000001                     __pcstackCOMRAM:
   154                           	callstack 0
   155   000001                     ??_MyLowPriorityIsr:
   156                           
   157                           ; 1 bytes @ 0x0
   158   000001                     	ds	1
   159   000002                     ?___fltol:
   160                           	callstack 0
   161   000002                     ?___xxtofl:
   162                           	callstack 0
   163   000002                     UART_Write@data:
   164                           	callstack 0
   165   000002                     Delay1ms@veces:
   166                           	callstack 0
   167   000002                     ___fltol@f1:
   168                           	callstack 0
   169   000002                     ___xxtofl@val:
   170                           	callstack 0
   171                           
   172                           ; 4 bytes @ 0x1
   173   000002                     	ds	2
   174   000004                     ??_TxDato:
   175   000004                     DelayXms@Milis:
   176                           	callstack 0
   177                           
   178                           ; 2 bytes @ 0x3
   179   000004                     	ds	2
   180   000006                     ??_DelayXms:
   181   000006                     ??___fltol:
   182   000006                     ??___xxtofl:
   183   000006                     TxDato@dato:
   184                           	callstack 0
   185                           
   186                           ; 1 bytes @ 0x5
   187   000006                     	ds	1
   188   000007                     LCD_Comando@cmd:
   189                           	callstack 0
   190   000007                     LCD_Caracter@dato:
   191                           	callstack 0
   192   000007                     DelayXms@i:
   193                           	callstack 0
   194                           
   195                           ; 2 bytes @ 0x6
   196   000007                     	ds	1
   197   000008                     LCD_Texto@PALABRA:
   198                           	callstack 0
   199                           
   200                           ; 1 bytes @ 0x7
   201   000008                     	ds	1
   202   000009                     ??_LCD_Texto:
   203   000009                     
   204                           ; 1 bytes @ 0x8
   205   000009                     	ds	1
   206   00000A                     ___fltol@sign1:
   207                           	callstack 0
   208   00000A                     ___xxtofl@sign:
   209                           	callstack 0
   210   00000A                     LCD_Texto@i:
   211                           	callstack 0
   212                           
   213                           ; 2 bytes @ 0x9
   214   00000A                     	ds	1
   215   00000B                     ___fltol@exp1:
   216                           	callstack 0
   217   00000B                     ___xxtofl@exp:
   218                           	callstack 0
   219                           
   220                           ; 1 bytes @ 0xA
   221   00000B                     	ds	1
   222   00000C                     LCD_DosLineas@Linea1:
   223                           	callstack 0
   224   00000C                     ___xxtofl@arg:
   225                           	callstack 0
   226                           
   227                           ; 4 bytes @ 0xB
   228   00000C                     	ds	1
   229   00000D                     LCD_DosLineas@Linea2:
   230                           	callstack 0
   231                           
   232                           ; 1 bytes @ 0xC
   233   00000D                     	ds	1
   234   00000E                     
   235                           ; 1 bytes @ 0xD
   236   00000E                     	ds	2
   237   000010                     ?___fldiv:
   238                           	callstack 0
   239   000010                     ___fldiv@b:
   240                           	callstack 0
   241                           
   242                           ; 4 bytes @ 0xF
   243   000010                     	ds	4
   244   000014                     ___fldiv@a:
   245                           	callstack 0
   246                           
   247                           ; 4 bytes @ 0x13
   248   000014                     	ds	4
   249   000018                     ??___fldiv:
   250                           
   251                           ; 1 bytes @ 0x17
   252   000018                     	ds	4
   253   00001C                     ___fldiv@rem:
   254                           	callstack 0
   255                           
   256                           ; 4 bytes @ 0x1B
   257   00001C                     	ds	4
   258   000020                     ___fldiv@sign:
   259                           	callstack 0
   260                           
   261                           ; 1 bytes @ 0x1F
   262   000020                     	ds	1
   263   000021                     ___fldiv@new_exp:
   264                           	callstack 0
   265                           
   266                           ; 2 bytes @ 0x20
   267   000021                     	ds	2
   268   000023                     ___fldiv@grs:
   269                           	callstack 0
   270                           
   271                           ; 4 bytes @ 0x22
   272   000023                     	ds	4
   273   000027                     ___fldiv@bexp:
   274                           	callstack 0
   275                           
   276                           ; 1 bytes @ 0x26
   277   000027                     	ds	1
   278   000028                     ___fldiv@aexp:
   279                           	callstack 0
   280                           
   281                           ; 1 bytes @ 0x27
   282   000028                     	ds	1
   283   000029                     ?___fladd:
   284                           	callstack 0
   285   000029                     ___fladd@b:
   286                           	callstack 0
   287                           
   288                           ; 4 bytes @ 0x28
   289   000029                     	ds	4
   290   00002D                     ___fladd@a:
   291                           	callstack 0
   292                           
   293                           ; 4 bytes @ 0x2C
   294   00002D                     	ds	4
   295   000031                     ??___fladd:
   296                           
   297                           ; 1 bytes @ 0x30
   298   000031                     	ds	4
   299   000035                     ___fladd@signs:
   300                           	callstack 0
   301                           
   302                           ; 1 bytes @ 0x34
   303   000035                     	ds	1
   304   000036                     ___fladd@aexp:
   305                           	callstack 0
   306                           
   307                           ; 1 bytes @ 0x35
   308   000036                     	ds	1
   309   000037                     ___fladd@bexp:
   310                           	callstack 0
   311                           
   312                           ; 1 bytes @ 0x36
   313   000037                     	ds	1
   314   000038                     ___fladd@grs:
   315                           	callstack 0
   316                           
   317                           ; 1 bytes @ 0x37
   318   000038                     	ds	1
   319   000039                     UART_Initial@baud_rate:
   320                           	callstack 0
   321                           
   322                           ; 4 bytes @ 0x38
   323   000039                     	ds	4
   324   00003D                     ??_UART_Initial:
   325                           
   326                           ; 1 bytes @ 0x3C
   327   00003D                     	ds	4
   328   000041                     UART_Initial@bps:
   329                           	callstack 0
   330                           
   331                           ; 4 bytes @ 0x40
   332   000041                     	ds	4
   333   000045                     ??_main:
   334                           
   335                           ; 1 bytes @ 0x44
   336   000045                     	ds	2
   337   000047                     main@data:
   338                           	callstack 0
   339                           
   340                           ; 1 bytes @ 0x46
   341   000047                     	ds	1
   342   000048                     main@i:
   343                           	callstack 0
   344                           
   345                           ; 2 bytes @ 0x47
   346   000048                     	ds	2
   347                           
   348 ;;
   349 ;;Main: autosize = 0, tempsize = 2, incstack = 0, save=0
   350 ;;
   351 ;; *************** function _main *****************
   352 ;; Defined at:
   353 ;;		line 274 in file "Codigo_Practica6_Parte1.c"
   354 ;; Parameters:    Size  Location     Type
   355 ;;		None
   356 ;; Auto vars:     Size  Location     Type
   357 ;;  data            1   70[COMRAM] unsigned char 
   358 ;;  i               2   71[COMRAM] int 
   359 ;; Return value:  Size  Location     Type
   360 ;;                  1    wreg      void 
   361 ;; Registers used:
   362 ;;		wreg, status,2, status,0, tblptrl, tblptrh, tblptru, cstack
   363 ;; Tracked objects:
   364 ;;		On entry : 0/0
   365 ;;		On exit  : 0/0
   366 ;;		Unchanged: 0/0
   367 ;; Data sizes:     COMRAM   BANK0   BANK1   BANK2   BANK3   BANK4   BANK5   BANK6   BANK7
   368 ;;      Params:         0       0       0       0       0       0       0       0       0
   369 ;;      Locals:         3       0       0       0       0       0       0       0       0
   370 ;;      Temps:          2       0       0       0       0       0       0       0       0
   371 ;;      Totals:         5       0       0       0       0       0       0       0       0
   372 ;;Total ram usage:        5 bytes
   373 ;; Hardware stack levels required when called: 8
   374 ;; This function calls:
   375 ;;		_DelayXms
   376 ;;		_InitLCD
   377 ;;		_LCD_Comando
   378 ;;		_LCD_DosLineas
   379 ;;		_LCD_Linea2
   380 ;;		_LCD_Texto
   381 ;;		_UART_Initial
   382 ;;		_UART_Write
   383 ;;		_USART_Read
   384 ;; This function is called by:
   385 ;;		Startup code after reset
   386 ;; This function uses a non-reentrant model
   387 ;;
   388                           
   389                           	psect	text0
   390   001232                     __ptext0:
   391                           	callstack 0
   392   001232                     _main:
   393                           	callstack 23
   394   001232                     
   395                           ;Codigo_Practica6_Parte1.c: 276:     TRISB = 0b00001111;
   396   001232  0E0F               	movlw	15
   397   001234  6E93               	movwf	147,c	;volatile
   398                           
   399                           ;Codigo_Practica6_Parte1.c: 277:     LATB = 0b11110000;
   400   001236  0EF0               	movlw	240
   401   001238  6E8A               	movwf	138,c	;volatile
   402                           
   403                           ;Codigo_Practica6_Parte1.c: 279:     ADCON1 = 0x0F;
   404   00123A  0E0F               	movlw	15
   405   00123C  6EC1               	movwf	193,c	;volatile
   406   00123E                     
   407                           ;Codigo_Practica6_Parte1.c: 282:     TRISDbits.RD0 = 0;
   408   00123E  9095               	bcf	149,0,c	;volatile
   409   001240                     
   410                           ;Codigo_Practica6_Parte1.c: 283:     LATDbits.LATD0 = 0;
   411   001240  908C               	bcf	140,0,c	;volatile
   412   001242                     
   413                           ;Codigo_Practica6_Parte1.c: 285:     TRISAbits.TRISA1 = 0;
   414   001242  9292               	bcf	146,1,c	;volatile
   415   001244                     
   416                           ;Codigo_Practica6_Parte1.c: 286:     TRISAbits.TRISA2 = 0;
   417   001244  9492               	bcf	146,2,c	;volatile
   418   001246                     
   419                           ;Codigo_Practica6_Parte1.c: 287:     TRISAbits.TRISA3 = 0;
   420   001246  9692               	bcf	146,3,c	;volatile
   421   001248                     
   422                           ;Codigo_Practica6_Parte1.c: 288:     TRISAbits.TRISA4 = 0;
   423   001248  9892               	bcf	146,4,c	;volatile
   424   00124A                     
   425                           ;Codigo_Practica6_Parte1.c: 290:     TRISDbits.RD1 = 0;
   426   00124A  9295               	bcf	149,1,c	;volatile
   427   00124C                     
   428                           ;Codigo_Practica6_Parte1.c: 291:     TRISDbits.RD2 = 0;
   429   00124C  9495               	bcf	149,2,c	;volatile
   430                           
   431                           ;Codigo_Practica6_Parte1.c: 293:     for (int i = 1; i<10;i++){
   432   00124E  0E00               	movlw	0
   433   001250  6E49               	movwf	(main@i+1)^0,c
   434   001252  0E01               	movlw	1
   435   001254  6E48               	movwf	main@i^0,c
   436   001256                     l2074:
   437                           
   438                           ;Codigo_Practica6_Parte1.c: 294:         LATDbits.LATD0 = ~LATDbits.LATD0;
   439   001256  B08C               	btfsc	140,0,c	;volatile
   440   001258  EF30  F009         	goto	u1771
   441   00125C  EF33  F009         	goto	u1770
   442   001260                     u1771:
   443   001260  0E01               	movlw	1
   444   001262  EF34  F009         	goto	u1776
   445   001266                     u1770:
   446   001266  0E00               	movlw	0
   447   001268                     u1776:
   448   001268  0AFF               	xorlw	255
   449   00126A  6E45               	movwf	??_main^0,c
   450   00126C  508C               	movf	140,w,c	;volatile
   451   00126E  1845               	xorwf	??_main^0,w,c
   452   001270  0BFE               	andlw	-2
   453   001272  1845               	xorwf	??_main^0,w,c
   454   001274  6E8C               	movwf	140,c	;volatile
   455   001276                     
   456                           ;Codigo_Practica6_Parte1.c: 295:         DelayXms(50);
   457   001276  0E00               	movlw	0
   458   001278  6E05               	movwf	(DelayXms@Milis+1)^0,c
   459   00127A  0E32               	movlw	50
   460   00127C  6E04               	movwf	DelayXms@Milis^0,c
   461   00127E  EC4E  F00B         	call	_DelayXms	;wreg free
   462   001282                     
   463                           ;Codigo_Practica6_Parte1.c: 296:     }
   464   001282  4A48               	infsnz	main@i^0,f,c
   465   001284  2A49               	incf	(main@i+1)^0,f,c
   466   001286  BE49               	btfsc	(main@i+1)^0,7,c
   467   001288  EF4F  F009         	goto	u1781
   468   00128C  5049               	movf	(main@i+1)^0,w,c
   469   00128E  E109               	bnz	u1780
   470   001290  0E0A               	movlw	10
   471   001292  5C48               	subwf	main@i^0,w,c
   472   001294  A0D8               	btfss	status,0,c
   473   001296  EF4F  F009         	goto	u1781
   474   00129A  EF51  F009         	goto	u1780
   475   00129E                     u1781:
   476   00129E  EF2B  F009         	goto	l2074
   477   0012A2                     u1780:
   478   0012A2                     
   479                           ;Codigo_Practica6_Parte1.c: 297:     LATDbits.LATD0 = 0;
   480   0012A2  908C               	bcf	140,0,c	;volatile
   481                           
   482                           ;Codigo_Practica6_Parte1.c: 298:     LATDbits.LATD0 = 0;
   483   0012A4  908C               	bcf	140,0,c	;volatile
   484   0012A6                     
   485                           ;Codigo_Practica6_Parte1.c: 299:     UART_Initial(9600);
   486   0012A6  0E80               	movlw	128
   487   0012A8  6E39               	movwf	UART_Initial@baud_rate^0,c
   488   0012AA  0E25               	movlw	37
   489   0012AC  6E3A               	movwf	(UART_Initial@baud_rate+1)^0,c
   490   0012AE  0E00               	movlw	0
   491   0012B0  6E3B               	movwf	(UART_Initial@baud_rate+2)^0,c
   492   0012B2  0E00               	movlw	0
   493   0012B4  6E3C               	movwf	(UART_Initial@baud_rate+3)^0,c
   494   0012B6  ECAB  F00A         	call	_UART_Initial	;wreg free
   495                           
   496                           ;Codigo_Practica6_Parte1.c: 300:     InitLCD();
   497   0012BA  EC2F  F00B         	call	_InitLCD	;wreg free
   498   0012BE                     
   499                           ;Codigo_Practica6_Parte1.c: 303:     LCD_DosLineas("Universidad de", "Cuenca");
   500   0012BE  0E01               	movlw	low STR_1
   501   0012C0  6E0C               	movwf	LCD_DosLineas@Linea1^0,c
   502   0012C2  0E1B               	movlw	low STR_2
   503   0012C4  6E0D               	movwf	LCD_DosLineas@Linea2^0,c
   504   0012C6  EC90  F00B         	call	_LCD_DosLineas	;wreg free
   505   0012CA                     
   506                           ;Codigo_Practica6_Parte1.c: 304:     DelayXms(2000);
   507   0012CA  0E07               	movlw	7
   508   0012CC  6E05               	movwf	(DelayXms@Milis+1)^0,c
   509   0012CE  0ED0               	movlw	208
   510   0012D0  6E04               	movwf	DelayXms@Milis^0,c
   511   0012D2  EC4E  F00B         	call	_DelayXms	;wreg free
   512   0012D6                     
   513                           ;Codigo_Practica6_Parte1.c: 305:     LCD_Comando(0x01);
   514   0012D6  0E01               	movlw	1
   515   0012D8  ECBD  F00B         	call	_LCD_Comando
   516   0012DC                     
   517                           ;Codigo_Practica6_Parte1.c: 306:     DelayXms(1000);
   518   0012DC  0E03               	movlw	3
   519   0012DE  6E05               	movwf	(DelayXms@Milis+1)^0,c
   520   0012E0  0EE8               	movlw	232
   521   0012E2  6E04               	movwf	DelayXms@Milis^0,c
   522   0012E4  EC4E  F00B         	call	_DelayXms	;wreg free
   523   0012E8                     
   524                           ;Codigo_Practica6_Parte1.c: 308:     LCD_Linea2(); LCD_Texto("USART v1.0");
   525   0012E8  ECC3  F00B         	call	_LCD_Linea2	;wreg free
   526   0012EC  0E10               	movlw	low STR_3
   527   0012EE  6E08               	movwf	LCD_Texto@PALABRA^0,c
   528   0012F0  EC0A  F00B         	call	_LCD_Texto	;wreg free
   529                           
   530                           ;Codigo_Practica6_Parte1.c: 309:     DelayXms(2000);
   531   0012F4  0E07               	movlw	7
   532   0012F6  6E05               	movwf	(DelayXms@Milis+1)^0,c
   533   0012F8  0ED0               	movlw	208
   534   0012FA  6E04               	movwf	DelayXms@Milis^0,c
   535   0012FC  EC4E  F00B         	call	_DelayXms	;wreg free
   536                           
   537                           ;Codigo_Practica6_Parte1.c: 310:     LCD_Comando(0x01);
   538   001300  0E01               	movlw	1
   539   001302  ECBD  F00B         	call	_LCD_Comando
   540                           
   541                           ;Codigo_Practica6_Parte1.c: 311:     DelayXms(1000);
   542   001306  0E03               	movlw	3
   543   001308  6E05               	movwf	(DelayXms@Milis+1)^0,c
   544   00130A  0EE8               	movlw	232
   545   00130C  6E04               	movwf	DelayXms@Milis^0,c
   546   00130E  EC4E  F00B         	call	_DelayXms	;wreg free
   547   001312                     l2096:
   548                           
   549                           ;Codigo_Practica6_Parte1.c: 318:         UART_Write('A');
   550   001312  0E41               	movlw	65
   551   001314  EC9E  F00B         	call	_UART_Write
   552   001318                     
   553                           ;Codigo_Practica6_Parte1.c: 319:         _delay((unsigned long)((1000)*(48000000/4000.0)
      +                          ));
   554   001318  0E3D               	movlw	61
   555   00131A  6E46               	movwf	(??_main+1)^0,c
   556   00131C  0EE1               	movlw	225
   557   00131E  6E45               	movwf	??_main^0,c
   558   001320  0E40               	movlw	64
   559   001322                     u1807:
   560   001322  2EE8               	decfsz	wreg,f,c
   561   001324  D7FE               	bra	u1807
   562   001326  2E45               	decfsz	??_main^0,f,c
   563   001328  D7FC               	bra	u1807
   564   00132A  2E46               	decfsz	(??_main+1)^0,f,c
   565   00132C  D7FA               	bra	u1807
   566   00132E                     
   567                           ;Codigo_Practica6_Parte1.c: 322:         char data= USART_Read();
   568   00132E  EC7D  F00B         	call	_USART_Read	;wreg free
   569   001332  6E47               	movwf	main@data^0,c
   570   001334                     
   571                           ;Codigo_Practica6_Parte1.c: 323:         if(data=='A'){
   572   001334  0E41               	movlw	65
   573   001336  1847               	xorwf	main@data^0,w,c
   574   001338  A4D8               	btfss	status,2,c
   575   00133A  EFA1  F009         	goto	u1791
   576   00133E  EFA3  F009         	goto	u1790
   577   001342                     u1791:
   578   001342  EFA6  F009         	goto	l134
   579   001346                     u1790:
   580   001346                     
   581                           ;Codigo_Practica6_Parte1.c: 324:             LATDbits.LATD0 = 1;
   582   001346  808C               	bsf	140,0,c	;volatile
   583                           
   584                           ;Codigo_Practica6_Parte1.c: 325:         }
   585   001348  EF89  F009         	goto	l2096
   586   00134C                     l134:
   587                           
   588                           ;Codigo_Practica6_Parte1.c: 327:             LATDbits.LATD0 = 0;
   589   00134C  908C               	bcf	140,0,c	;volatile
   590   00134E  EF89  F009         	goto	l2096
   591   001352  EF13  F000         	goto	start
   592   001356                     __end_of_main:
   593                           	callstack 0
   594                           
   595 ;; *************** function _USART_Read *****************
   596 ;; Defined at:
   597 ;;		line 263 in file "Codigo_Practica6_Parte1.c"
   598 ;; Parameters:    Size  Location     Type
   599 ;;		None
   600 ;; Auto vars:     Size  Location     Type
   601 ;;		None
   602 ;; Return value:  Size  Location     Type
   603 ;;                  1    wreg      unsigned char 
   604 ;; Registers used:
   605 ;;		wreg, status,2
   606 ;; Tracked objects:
   607 ;;		On entry : 0/0
   608 ;;		On exit  : 0/0
   609 ;;		Unchanged: 0/0
   610 ;; Data sizes:     COMRAM   BANK0   BANK1   BANK2   BANK3   BANK4   BANK5   BANK6   BANK7
   611 ;;      Params:         0       0       0       0       0       0       0       0       0
   612 ;;      Locals:         0       0       0       0       0       0       0       0       0
   613 ;;      Temps:          0       0       0       0       0       0       0       0       0
   614 ;;      Totals:         0       0       0       0       0       0       0       0       0
   615 ;;Total ram usage:        0 bytes
   616 ;; Hardware stack levels used: 1
   617 ;; Hardware stack levels required when called: 2
   618 ;; This function calls:
   619 ;;		Nothing
   620 ;; This function is called by:
   621 ;;		_main
   622 ;; This function uses a non-reentrant model
   623 ;;
   624                           
   625                           	psect	text1
   626   0016FA                     __ptext1:
   627                           	callstack 0
   628   0016FA                     _USART_Read:
   629                           	callstack 28
   630   0016FA                     l122:
   631   0016FA  AA9E               	btfss	3998,5,c	;volatile
   632   0016FC  EF82  F00B         	goto	u881
   633   001700  EF84  F00B         	goto	u880
   634   001704                     u881:
   635   001704  EF7D  F00B         	goto	l122
   636   001708                     u880:
   637   001708                     
   638                           ;Codigo_Practica6_Parte1.c: 265:     if(RCSTAbits.OERR){
   639   001708  A2AB               	btfss	171,1,c	;volatile
   640   00170A  EF89  F00B         	goto	u891
   641   00170E  EF8B  F00B         	goto	u890
   642   001712                     u891:
   643   001712  EF8E  F00B         	goto	l1344
   644   001716                     u890:
   645   001716                     
   646                           ;Codigo_Practica6_Parte1.c: 266:         CREN = 0;
   647   001716  98AB               	bcf	4011,4,c	;volatile
   648                           
   649                           ;Codigo_Practica6_Parte1.c: 267:         __nop();
   650   001718  0000               	nop	
   651                           
   652                           ;Codigo_Practica6_Parte1.c: 268:         CREN = 1;
   653   00171A  88AB               	bsf	4011,4,c	;volatile
   654   00171C                     l1344:
   655                           
   656                           ;Codigo_Practica6_Parte1.c: 270:     return(RCREG);
   657   00171C  50AE               	movf	174,w,c	;volatile
   658   00171E  0012               	return		;funcret
   659   001720                     __end_of_USART_Read:
   660                           	callstack 0
   661                           
   662 ;; *************** function _UART_Write *****************
   663 ;; Defined at:
   664 ;;		line 259 in file "Codigo_Practica6_Parte1.c"
   665 ;; Parameters:    Size  Location     Type
   666 ;;  data            1    wreg     unsigned char 
   667 ;; Auto vars:     Size  Location     Type
   668 ;;  data            1    1[COMRAM] unsigned char 
   669 ;; Return value:  Size  Location     Type
   670 ;;                  1    wreg      void 
   671 ;; Registers used:
   672 ;;		wreg
   673 ;; Tracked objects:
   674 ;;		On entry : 0/0
   675 ;;		On exit  : 0/0
   676 ;;		Unchanged: 0/0
   677 ;; Data sizes:     COMRAM   BANK0   BANK1   BANK2   BANK3   BANK4   BANK5   BANK6   BANK7
   678 ;;      Params:         0       0       0       0       0       0       0       0       0
   679 ;;      Locals:         1       0       0       0       0       0       0       0       0
   680 ;;      Temps:          0       0       0       0       0       0       0       0       0
   681 ;;      Totals:         1       0       0       0       0       0       0       0       0
   682 ;;Total ram usage:        1 bytes
   683 ;; Hardware stack levels used: 1
   684 ;; Hardware stack levels required when called: 2
   685 ;; This function calls:
   686 ;;		Nothing
   687 ;; This function is called by:
   688 ;;		_main
   689 ;; This function uses a non-reentrant model
   690 ;;
   691                           
   692                           	psect	text2
   693   00173C                     __ptext2:
   694                           	callstack 0
   695   00173C                     _UART_Write:
   696                           	callstack 28
   697                           
   698                           ;incstack = 0
   699                           ;UART_Write@data stored from wreg
   700   00173C  6E02               	movwf	UART_Write@data^0,c
   701   00173E                     
   702                           ;Codigo_Practica6_Parte1.c: 260:     TXREG = data;
   703   00173E  C002  FFAD         	movff	UART_Write@data,4013	;volatile
   704   001742                     l116:
   705   001742  A2AC               	btfss	4012,1,c	;volatile
   706   001744  EFA6  F00B         	goto	u871
   707   001748  EFA8  F00B         	goto	u870
   708   00174C                     u871:
   709   00174C  EFA1  F00B         	goto	l116
   710   001750                     u870:
   711   001750  0012               	return		;funcret
   712   001752                     __end_of_UART_Write:
   713                           	callstack 0
   714                           
   715 ;; *************** function _UART_Initial *****************
   716 ;; Defined at:
   717 ;;		line 245 in file "Codigo_Practica6_Parte1.c"
   718 ;; Parameters:    Size  Location     Type
   719 ;;  baud_rate       4   56[COMRAM] long 
   720 ;; Auto vars:     Size  Location     Type
   721 ;;  bps             4   64[COMRAM] float 
   722 ;; Return value:  Size  Location     Type
   723 ;;                  1    wreg      void 
   724 ;; Registers used:
   725 ;;		wreg, status,2, status,0, cstack
   726 ;; Tracked objects:
   727 ;;		On entry : 0/0
   728 ;;		On exit  : 0/0
   729 ;;		Unchanged: 0/0
   730 ;; Data sizes:     COMRAM   BANK0   BANK1   BANK2   BANK3   BANK4   BANK5   BANK6   BANK7
   731 ;;      Params:         4       0       0       0       0       0       0       0       0
   732 ;;      Locals:         4       0       0       0       0       0       0       0       0
   733 ;;      Temps:          4       0       0       0       0       0       0       0       0
   734 ;;      Totals:        12       0       0       0       0       0       0       0       0
   735 ;;Total ram usage:       12 bytes
   736 ;; Hardware stack levels used: 1
   737 ;; Hardware stack levels required when called: 3
   738 ;; This function calls:
   739 ;;		___fladd
   740 ;;		___fldiv
   741 ;;		___fltol
   742 ;;		___xxtofl
   743 ;; This function is called by:
   744 ;;		_main
   745 ;; This function uses a non-reentrant model
   746 ;;
   747                           
   748                           	psect	text3
   749   001556                     __ptext3:
   750                           	callstack 0
   751   001556                     _UART_Initial:
   752                           	callstack 27
   753   001556                     
   754                           ;Codigo_Practica6_Parte1.c: 246:     float bps;;Codigo_Practica6_Parte1.c: 247:     TRIS
      +                          Cbits.RC6=1;
   755   001556  8C94               	bsf	148,6,c	;volatile
   756                           
   757                           ;Codigo_Practica6_Parte1.c: 248:     TRISCbits.RC7=1;
   758   001558  8E94               	bsf	148,7,c	;volatile
   759   00155A                     
   760                           ;Codigo_Practica6_Parte1.c: 249:     bps = (( (float) 48000000 / (float) (64*baud_rate))
      +                           - 1);
   761   00155A  C039  F03D         	movff	UART_Initial@baud_rate,??_UART_Initial
   762   00155E  C03A  F03E         	movff	UART_Initial@baud_rate+1,??_UART_Initial+1
   763   001562  C03B  F03F         	movff	UART_Initial@baud_rate+2,??_UART_Initial+2
   764   001566  C03C  F040         	movff	UART_Initial@baud_rate+3,??_UART_Initial+3
   765   00156A  0E06               	movlw	6
   766   00156C                     u1755:
   767   00156C  90D8               	bcf	status,0,c
   768   00156E  363D               	rlcf	??_UART_Initial^0,f,c
   769   001570  363E               	rlcf	(??_UART_Initial+1)^0,f,c
   770   001572  363F               	rlcf	(??_UART_Initial+2)^0,f,c
   771   001574  3640               	rlcf	(??_UART_Initial+3)^0,f,c
   772   001576  2EE8               	decfsz	wreg,f,c
   773   001578  EFB6  F00A         	goto	u1755
   774   00157C  C03D  F002         	movff	??_UART_Initial,___xxtofl@val
   775   001580  C03E  F003         	movff	??_UART_Initial+1,___xxtofl@val+1
   776   001584  C03F  F004         	movff	??_UART_Initial+2,___xxtofl@val+2
   777   001588  C040  F005         	movff	??_UART_Initial+3,___xxtofl@val+3
   778   00158C  0E01               	movlw	1
   779   00158E  EC3F  F008         	call	___xxtofl
   780   001592  C002  F014         	movff	?___xxtofl,___fldiv@a
   781   001596  C003  F015         	movff	?___xxtofl+1,___fldiv@a+1
   782   00159A  C004  F016         	movff	?___xxtofl+2,___fldiv@a+2
   783   00159E  C005  F017         	movff	?___xxtofl+3,___fldiv@a+3
   784   0015A2  0E00               	movlw	0
   785   0015A4  6E10               	movwf	___fldiv@b^0,c
   786   0015A6  0E1B               	movlw	27
   787   0015A8  6E11               	movwf	(___fldiv@b+1)^0,c
   788   0015AA  0E37               	movlw	55
   789   0015AC  6E12               	movwf	(___fldiv@b+2)^0,c
   790   0015AE  0E4C               	movlw	76
   791   0015B0  6E13               	movwf	(___fldiv@b+3)^0,c
   792   0015B2  EC72  F006         	call	___fldiv	;wreg free
   793   0015B6  C010  F029         	movff	?___fldiv,___fladd@b
   794   0015BA  C011  F02A         	movff	?___fldiv+1,___fladd@b+1
   795   0015BE  C012  F02B         	movff	?___fldiv+2,___fladd@b+2
   796   0015C2  C013  F02C         	movff	?___fldiv+3,___fladd@b+3
   797   0015C6  0E00               	movlw	0
   798   0015C8  6E2D               	movwf	___fladd@a^0,c
   799   0015CA  0E00               	movlw	0
   800   0015CC  6E2E               	movwf	(___fladd@a+1)^0,c
   801   0015CE  0E80               	movlw	128
   802   0015D0  6E2F               	movwf	(___fladd@a+2)^0,c
   803   0015D2  0EBF               	movlw	191
   804   0015D4  6E30               	movwf	(___fladd@a+3)^0,c
   805   0015D6  EC12  F004         	call	___fladd	;wreg free
   806   0015DA  C029  F041         	movff	?___fladd,UART_Initial@bps
   807   0015DE  C02A  F042         	movff	?___fladd+1,UART_Initial@bps+1
   808   0015E2  C02B  F043         	movff	?___fladd+2,UART_Initial@bps+2
   809   0015E6  C02C  F044         	movff	?___fladd+3,UART_Initial@bps+3
   810                           
   811                           ;Codigo_Practica6_Parte1.c: 250:     SPBRG=(int)bps;
   812   0015EA  C041  F002         	movff	UART_Initial@bps,___fltol@f1
   813   0015EE  C042  F003         	movff	UART_Initial@bps+1,___fltol@f1+1
   814   0015F2  C043  F004         	movff	UART_Initial@bps+2,___fltol@f1+2
   815   0015F6  C044  F005         	movff	UART_Initial@bps+3,___fltol@f1+3
   816   0015FA  ECAB  F009         	call	___fltol	;wreg free
   817   0015FE  5002               	movf	?___fltol^0,w,c
   818   001600  6EAF               	movwf	175,c	;volatile
   819   001602                     
   820                           ;Codigo_Practica6_Parte1.c: 251:     TXSTAbits.CSRC = 0;
   821   001602  9EAC               	bcf	172,7,c	;volatile
   822   001604                     
   823                           ;Codigo_Practica6_Parte1.c: 252:     TXSTAbits.TX9 = 0;
   824   001604  9CAC               	bcf	172,6,c	;volatile
   825   001606                     
   826                           ;Codigo_Practica6_Parte1.c: 253:     TXSTAbits.TXEN = 1;
   827   001606  8AAC               	bsf	172,5,c	;volatile
   828   001608                     
   829                           ;Codigo_Practica6_Parte1.c: 254:     TXSTAbits.SYNC = 0;
   830   001608  98AC               	bcf	172,4,c	;volatile
   831   00160A                     
   832                           ;Codigo_Practica6_Parte1.c: 255:     TXSTAbits.BRGH = 0;
   833   00160A  94AC               	bcf	172,2,c	;volatile
   834   00160C                     
   835                           ;Codigo_Practica6_Parte1.c: 256:     BAUDCONbits.BRG16 = 0;
   836   00160C  96B8               	bcf	184,3,c	;volatile
   837   00160E                     
   838                           ;Codigo_Practica6_Parte1.c: 257:     RCSTA = 0x90;
   839   00160E  0E90               	movlw	144
   840   001610  6EAB               	movwf	171,c	;volatile
   841   001612  0012               	return		;funcret
   842   001614                     __end_of_UART_Initial:
   843                           	callstack 0
   844                           
   845 ;; *************** function ___xxtofl *****************
   846 ;; Defined at:
   847 ;;		line 10 in file "C:\Program Files\Microchip\xc8\v2.45\pic\sources\c99\common\xxtofl.c"
   848 ;; Parameters:    Size  Location     Type
   849 ;;  sign            1    wreg     unsigned char 
   850 ;;  val             4    1[COMRAM] long 
   851 ;; Auto vars:     Size  Location     Type
   852 ;;  sign            1    9[COMRAM] unsigned char 
   853 ;;  arg             4   11[COMRAM] unsigned long 
   854 ;;  exp             1   10[COMRAM] unsigned char 
   855 ;; Return value:  Size  Location     Type
   856 ;;                  4    1[COMRAM] unsigned char 
   857 ;; Registers used:
   858 ;;		wreg, status,2, status,0
   859 ;; Tracked objects:
   860 ;;		On entry : 0/0
   861 ;;		On exit  : 0/0
   862 ;;		Unchanged: 0/0
   863 ;; Data sizes:     COMRAM   BANK0   BANK1   BANK2   BANK3   BANK4   BANK5   BANK6   BANK7
   864 ;;      Params:         4       0       0       0       0       0       0       0       0
   865 ;;      Locals:         6       0       0       0       0       0       0       0       0
   866 ;;      Temps:          4       0       0       0       0       0       0       0       0
   867 ;;      Totals:        14       0       0       0       0       0       0       0       0
   868 ;;Total ram usage:       14 bytes
   869 ;; Hardware stack levels used: 1
   870 ;; Hardware stack levels required when called: 2
   871 ;; This function calls:
   872 ;;		Nothing
   873 ;; This function is called by:
   874 ;;		_UART_Initial
   875 ;; This function uses a non-reentrant model
   876 ;;
   877                           
   878                           	psect	text4
   879   00107E                     __ptext4:
   880                           	callstack 0
   881   00107E                     ___xxtofl:
   882                           	callstack 27
   883                           
   884                           ;incstack = 0
   885                           ;___xxtofl@sign stored from wreg
   886   00107E  6E0A               	movwf	___xxtofl@sign^0,c
   887   001080  500A               	movf	___xxtofl@sign^0,w,c
   888   001082  B4D8               	btfsc	status,2,c
   889   001084  EF46  F008         	goto	u1651
   890   001088  EF48  F008         	goto	u1650
   891   00108C                     u1651:
   892   00108C  EF6A  F008         	goto	l806
   893   001090                     u1650:
   894   001090  BE05               	btfsc	(___xxtofl@val+3)^0,7,c
   895   001092  EF4F  F008         	goto	u1660
   896   001096  EF4D  F008         	goto	u1661
   897   00109A                     u1661:
   898   00109A  EF6A  F008         	goto	l806
   899   00109E                     u1660:
   900   00109E  C002  F006         	movff	___xxtofl@val,??___xxtofl
   901   0010A2  C003  F007         	movff	___xxtofl@val+1,??___xxtofl+1
   902   0010A6  C004  F008         	movff	___xxtofl@val+2,??___xxtofl+2
   903   0010AA  C005  F009         	movff	___xxtofl@val+3,??___xxtofl+3
   904   0010AE  1E06               	comf	??___xxtofl^0,f,c
   905   0010B0  1E07               	comf	(??___xxtofl+1)^0,f,c
   906   0010B2  1E08               	comf	(??___xxtofl+2)^0,f,c
   907   0010B4  1E09               	comf	(??___xxtofl+3)^0,f,c
   908   0010B6  2A06               	incf	??___xxtofl^0,f,c
   909   0010B8  0E00               	movlw	0
   910   0010BA  2207               	addwfc	(??___xxtofl+1)^0,f,c
   911   0010BC  2208               	addwfc	(??___xxtofl+2)^0,f,c
   912   0010BE  2209               	addwfc	(??___xxtofl+3)^0,f,c
   913   0010C0  C006  F00C         	movff	??___xxtofl,___xxtofl@arg
   914   0010C4  C007  F00D         	movff	??___xxtofl+1,___xxtofl@arg+1
   915   0010C8  C008  F00E         	movff	??___xxtofl+2,___xxtofl@arg+2
   916   0010CC  C009  F00F         	movff	??___xxtofl+3,___xxtofl@arg+3
   917   0010D0  EF72  F008         	goto	l1898
   918   0010D4                     l806:
   919   0010D4  C002  F00C         	movff	___xxtofl@val,___xxtofl@arg
   920   0010D8  C003  F00D         	movff	___xxtofl@val+1,___xxtofl@arg+1
   921   0010DC  C004  F00E         	movff	___xxtofl@val+2,___xxtofl@arg+2
   922   0010E0  C005  F00F         	movff	___xxtofl@val+3,___xxtofl@arg+3
   923   0010E4                     l1898:
   924   0010E4  5002               	movf	___xxtofl@val^0,w,c
   925   0010E6  1003               	iorwf	(___xxtofl@val+1)^0,w,c
   926   0010E8  1004               	iorwf	(___xxtofl@val+2)^0,w,c
   927   0010EA  1005               	iorwf	(___xxtofl@val+3)^0,w,c
   928   0010EC  A4D8               	btfss	status,2,c
   929   0010EE  EF7B  F008         	goto	u1671
   930   0010F2  EF7D  F008         	goto	u1670
   931   0010F6                     u1671:
   932   0010F6  EF87  F008         	goto	l1904
   933   0010FA                     u1670:
   934   0010FA  0E00               	movlw	0
   935   0010FC  6E02               	movwf	?___xxtofl^0,c
   936   0010FE  0E00               	movlw	0
   937   001100  6E03               	movwf	(?___xxtofl+1)^0,c
   938   001102  0E00               	movlw	0
   939   001104  6E04               	movwf	(?___xxtofl+2)^0,c
   940   001106  0E00               	movlw	0
   941   001108  6E05               	movwf	(?___xxtofl+3)^0,c
   942   00110A  EF18  F009         	goto	l809
   943   00110E                     l1904:
   944   00110E  0E96               	movlw	150
   945   001110  6E0B               	movwf	___xxtofl@exp^0,c
   946   001112  EF91  F008         	goto	l1908
   947   001116                     l1906:
   948   001116  2A0B               	incf	___xxtofl@exp^0,f,c
   949   001118  90D8               	bcf	status,0,c
   950   00111A  320F               	rrcf	(___xxtofl@arg+3)^0,f,c
   951   00111C  320E               	rrcf	(___xxtofl@arg+2)^0,f,c
   952   00111E  320D               	rrcf	(___xxtofl@arg+1)^0,f,c
   953   001120  320C               	rrcf	___xxtofl@arg^0,f,c
   954   001122                     l1908:
   955   001122  0E00               	movlw	0
   956   001124  140C               	andwf	___xxtofl@arg^0,w,c
   957   001126  6E06               	movwf	??___xxtofl^0,c
   958   001128  0E00               	movlw	0
   959   00112A  140D               	andwf	(___xxtofl@arg+1)^0,w,c
   960   00112C  6E07               	movwf	(??___xxtofl+1)^0,c
   961   00112E  0E00               	movlw	0
   962   001130  140E               	andwf	(___xxtofl@arg+2)^0,w,c
   963   001132  6E08               	movwf	(??___xxtofl+2)^0,c
   964   001134  0EFE               	movlw	254
   965   001136  140F               	andwf	(___xxtofl@arg+3)^0,w,c
   966   001138  6E09               	movwf	(??___xxtofl+3)^0,c
   967   00113A  5006               	movf	??___xxtofl^0,w,c
   968   00113C  1007               	iorwf	(??___xxtofl+1)^0,w,c
   969   00113E  1008               	iorwf	(??___xxtofl+2)^0,w,c
   970   001140  1009               	iorwf	(??___xxtofl+3)^0,w,c
   971   001142  A4D8               	btfss	status,2,c
   972   001144  EFA6  F008         	goto	u1681
   973   001148  EFA8  F008         	goto	u1680
   974   00114C                     u1681:
   975   00114C  EF8B  F008         	goto	l1906
   976   001150                     u1680:
   977   001150  EFB6  F008         	goto	l813
   978   001154                     l1910:
   979   001154  2A0B               	incf	___xxtofl@exp^0,f,c
   980   001156  0E01               	movlw	1
   981   001158  260C               	addwf	___xxtofl@arg^0,f,c
   982   00115A  0E00               	movlw	0
   983   00115C  220D               	addwfc	(___xxtofl@arg+1)^0,f,c
   984   00115E  220E               	addwfc	(___xxtofl@arg+2)^0,f,c
   985   001160  220F               	addwfc	(___xxtofl@arg+3)^0,f,c
   986   001162  90D8               	bcf	status,0,c
   987   001164  320F               	rrcf	(___xxtofl@arg+3)^0,f,c
   988   001166  320E               	rrcf	(___xxtofl@arg+2)^0,f,c
   989   001168  320D               	rrcf	(___xxtofl@arg+1)^0,f,c
   990   00116A  320C               	rrcf	___xxtofl@arg^0,f,c
   991   00116C                     l813:
   992   00116C  0E00               	movlw	0
   993   00116E  140C               	andwf	___xxtofl@arg^0,w,c
   994   001170  6E06               	movwf	??___xxtofl^0,c
   995   001172  0E00               	movlw	0
   996   001174  140D               	andwf	(___xxtofl@arg+1)^0,w,c
   997   001176  6E07               	movwf	(??___xxtofl+1)^0,c
   998   001178  0E00               	movlw	0
   999   00117A  140E               	andwf	(___xxtofl@arg+2)^0,w,c
  1000   00117C  6E08               	movwf	(??___xxtofl+2)^0,c
  1001   00117E  0EFF               	movlw	255
  1002   001180  140F               	andwf	(___xxtofl@arg+3)^0,w,c
  1003   001182  6E09               	movwf	(??___xxtofl+3)^0,c
  1004   001184  5006               	movf	??___xxtofl^0,w,c
  1005   001186  1007               	iorwf	(??___xxtofl+1)^0,w,c
  1006   001188  1008               	iorwf	(??___xxtofl+2)^0,w,c
  1007   00118A  1009               	iorwf	(??___xxtofl+3)^0,w,c
  1008   00118C  A4D8               	btfss	status,2,c
  1009   00118E  EFCB  F008         	goto	u1691
  1010   001192  EFCD  F008         	goto	u1690
  1011   001196                     u1691:
  1012   001196  EFAA  F008         	goto	l1910
  1013   00119A                     u1690:
  1014   00119A  EFD5  F008         	goto	l1918
  1015   00119E                     l1916:
  1016   00119E  060B               	decf	___xxtofl@exp^0,f,c
  1017   0011A0  90D8               	bcf	status,0,c
  1018   0011A2  360C               	rlcf	___xxtofl@arg^0,f,c
  1019   0011A4  360D               	rlcf	(___xxtofl@arg+1)^0,f,c
  1020   0011A6  360E               	rlcf	(___xxtofl@arg+2)^0,f,c
  1021   0011A8  360F               	rlcf	(___xxtofl@arg+3)^0,f,c
  1022   0011AA                     l1918:
  1023   0011AA  BE0E               	btfsc	(___xxtofl@arg+2)^0,7,c
  1024   0011AC  EFDA  F008         	goto	u1701
  1025   0011B0  EFDC  F008         	goto	u1700
  1026   0011B4                     u1701:
  1027   0011B4  EFE4  F008         	goto	l820
  1028   0011B8                     u1700:
  1029   0011B8  0E02               	movlw	2
  1030   0011BA  600B               	cpfslt	___xxtofl@exp^0,c
  1031   0011BC  EFE2  F008         	goto	u1711
  1032   0011C0  EFE4  F008         	goto	u1710
  1033   0011C4                     u1711:
  1034   0011C4  EFCF  F008         	goto	l1916
  1035   0011C8                     u1710:
  1036   0011C8                     l820:
  1037   0011C8  B00B               	btfsc	___xxtofl@exp^0,0,c
  1038   0011CA  EFE9  F008         	goto	u1721
  1039   0011CE  EFEB  F008         	goto	u1720
  1040   0011D2                     u1721:
  1041   0011D2  EFEC  F008         	goto	l1924
  1042   0011D6                     u1720:
  1043   0011D6  9E0E               	bcf	(___xxtofl@arg+2)^0,7,c
  1044   0011D8                     l1924:
  1045   0011D8  90D8               	bcf	status,0,c
  1046   0011DA  320B               	rrcf	___xxtofl@exp^0,f,c
  1047   0011DC  C00B  F006         	movff	___xxtofl@exp,??___xxtofl
  1048   0011E0  6A07               	clrf	(??___xxtofl+1)^0,c
  1049   0011E2  6A08               	clrf	(??___xxtofl+2)^0,c
  1050   0011E4  6A09               	clrf	(??___xxtofl+3)^0,c
  1051   0011E6  C006  F009         	movff	??___xxtofl,??___xxtofl+3
  1052   0011EA  6A08               	clrf	(??___xxtofl+2)^0,c
  1053   0011EC  6A07               	clrf	(??___xxtofl+1)^0,c
  1054   0011EE  6A06               	clrf	??___xxtofl^0,c
  1055   0011F0  5006               	movf	??___xxtofl^0,w,c
  1056   0011F2  120C               	iorwf	___xxtofl@arg^0,f,c
  1057   0011F4  5007               	movf	(??___xxtofl+1)^0,w,c
  1058   0011F6  120D               	iorwf	(___xxtofl@arg+1)^0,f,c
  1059   0011F8  5008               	movf	(??___xxtofl+2)^0,w,c
  1060   0011FA  120E               	iorwf	(___xxtofl@arg+2)^0,f,c
  1061   0011FC  5009               	movf	(??___xxtofl+3)^0,w,c
  1062   0011FE  120F               	iorwf	(___xxtofl@arg+3)^0,f,c
  1063   001200  500A               	movf	___xxtofl@sign^0,w,c
  1064   001202  B4D8               	btfsc	status,2,c
  1065   001204  EF06  F009         	goto	u1731
  1066   001208  EF08  F009         	goto	u1730
  1067   00120C                     u1731:
  1068   00120C  EF10  F009         	goto	l1934
  1069   001210                     u1730:
  1070   001210  BE05               	btfsc	(___xxtofl@val+3)^0,7,c
  1071   001212  EF0F  F009         	goto	u1740
  1072   001216  EF0D  F009         	goto	u1741
  1073   00121A                     u1741:
  1074   00121A  EF10  F009         	goto	l1934
  1075   00121E                     u1740:
  1076   00121E  8E0F               	bsf	(___xxtofl@arg+3)^0,7,c
  1077   001220                     l1934:
  1078   001220  C00C  F002         	movff	___xxtofl@arg,?___xxtofl
  1079   001224  C00D  F003         	movff	___xxtofl@arg+1,?___xxtofl+1
  1080   001228  C00E  F004         	movff	___xxtofl@arg+2,?___xxtofl+2
  1081   00122C  C00F  F005         	movff	___xxtofl@arg+3,?___xxtofl+3
  1082   001230                     l809:
  1083   001230  0012               	return		;funcret
  1084   001232                     __end_of___xxtofl:
  1085                           	callstack 0
  1086                           
  1087 ;; *************** function ___fltol *****************
  1088 ;; Defined at:
  1089 ;;		line 43 in file "C:\Program Files\Microchip\xc8\v2.45\pic\sources\c99\common\fltol.c"
  1090 ;; Parameters:    Size  Location     Type
  1091 ;;  f1              4    1[COMRAM] unsigned char 
  1092 ;; Auto vars:     Size  Location     Type
  1093 ;;  exp1            1   10[COMRAM] unsigned char 
  1094 ;;  sign1           1    9[COMRAM] unsigned char 
  1095 ;; Return value:  Size  Location     Type
  1096 ;;                  4    1[COMRAM] long 
  1097 ;; Registers used:
  1098 ;;		wreg, status,2, status,0
  1099 ;; Tracked objects:
  1100 ;;		On entry : 0/0
  1101 ;;		On exit  : 0/0
  1102 ;;		Unchanged: 0/0
  1103 ;; Data sizes:     COMRAM   BANK0   BANK1   BANK2   BANK3   BANK4   BANK5   BANK6   BANK7
  1104 ;;      Params:         4       0       0       0       0       0       0       0       0
  1105 ;;      Locals:         2       0       0       0       0       0       0       0       0
  1106 ;;      Temps:          4       0       0       0       0       0       0       0       0
  1107 ;;      Totals:        10       0       0       0       0       0       0       0       0
  1108 ;;Total ram usage:       10 bytes
  1109 ;; Hardware stack levels used: 1
  1110 ;; Hardware stack levels required when called: 2
  1111 ;; This function calls:
  1112 ;;		Nothing
  1113 ;; This function is called by:
  1114 ;;		_UART_Initial
  1115 ;; This function uses a non-reentrant model
  1116 ;;
  1117                           
  1118                           	psect	text5
  1119   001356                     __ptext5:
  1120                           	callstack 0
  1121   001356                     ___fltol:
  1122                           	callstack 27
  1123   001356  3404               	rlcf	(___fltol@f1+2)^0,w,c
  1124   001358  3405               	rlcf	(___fltol@f1+3)^0,w,c
  1125   00135A  6E0B               	movwf	___fltol@exp1^0,c
  1126   00135C  500B               	movf	___fltol@exp1^0,w,c
  1127   00135E  A4D8               	btfss	status,2,c
  1128   001360  EFB4  F009         	goto	u1581
  1129   001364  EFB6  F009         	goto	u1580
  1130   001368                     u1581:
  1131   001368  EFC0  F009         	goto	l1854
  1132   00136C                     u1580:
  1133   00136C                     l1850:
  1134   00136C  0E00               	movlw	0
  1135   00136E  6E02               	movwf	?___fltol^0,c
  1136   001370  0E00               	movlw	0
  1137   001372  6E03               	movwf	(?___fltol+1)^0,c
  1138   001374  0E00               	movlw	0
  1139   001376  6E04               	movwf	(?___fltol+2)^0,c
  1140   001378  0E00               	movlw	0
  1141   00137A  6E05               	movwf	(?___fltol+3)^0,c
  1142   00137C  EF2D  F00A         	goto	l448
  1143   001380                     l1854:
  1144   001380  C002  F006         	movff	___fltol@f1,??___fltol
  1145   001384  C003  F007         	movff	___fltol@f1+1,??___fltol+1
  1146   001388  C004  F008         	movff	___fltol@f1+2,??___fltol+2
  1147   00138C  C005  F009         	movff	___fltol@f1+3,??___fltol+3
  1148   001390  0E20               	movlw	32
  1149   001392  EFD0  F009         	goto	u1590
  1150   001396                     u1595:
  1151   001396  90D8               	bcf	status,0,c
  1152   001398  3209               	rrcf	(??___fltol+3)^0,f,c
  1153   00139A  3208               	rrcf	(??___fltol+2)^0,f,c
  1154   00139C  3207               	rrcf	(??___fltol+1)^0,f,c
  1155   00139E  3206               	rrcf	??___fltol^0,f,c
  1156   0013A0                     u1590:
  1157   0013A0  2EE8               	decfsz	wreg,f,c
  1158   0013A2  EFCB  F009         	goto	u1595
  1159   0013A6  5006               	movf	??___fltol^0,w,c
  1160   0013A8  6E0A               	movwf	___fltol@sign1^0,c
  1161   0013AA  8E04               	bsf	(___fltol@f1+2)^0,7,c
  1162   0013AC  0EFF               	movlw	255
  1163   0013AE  1602               	andwf	___fltol@f1^0,f,c
  1164   0013B0  0EFF               	movlw	255
  1165   0013B2  1603               	andwf	(___fltol@f1+1)^0,f,c
  1166   0013B4  0EFF               	movlw	255
  1167   0013B6  1604               	andwf	(___fltol@f1+2)^0,f,c
  1168   0013B8  0E00               	movlw	0
  1169   0013BA  1605               	andwf	(___fltol@f1+3)^0,f,c
  1170   0013BC  0E96               	movlw	150
  1171   0013BE  5E0B               	subwf	___fltol@exp1^0,f,c
  1172   0013C0  BE0B               	btfsc	___fltol@exp1^0,7,c
  1173   0013C2  EFE7  F009         	goto	u1600
  1174   0013C6  EFE5  F009         	goto	u1601
  1175   0013CA                     u1601:
  1176   0013CA  EFFD  F009         	goto	l1874
  1177   0013CE                     u1600:
  1178   0013CE  500B               	movf	___fltol@exp1^0,w,c
  1179   0013D0  0A80               	xorlw	128
  1180   0013D2  0F97               	addlw	151
  1181   0013D4  B0D8               	btfsc	status,0,c
  1182   0013D6  EFEF  F009         	goto	u1611
  1183   0013DA  EFF1  F009         	goto	u1610
  1184   0013DE                     u1611:
  1185   0013DE  EFF3  F009         	goto	l1870
  1186   0013E2                     u1610:
  1187   0013E2  EFB6  F009         	goto	l1850
  1188   0013E6                     l1870:
  1189   0013E6  90D8               	bcf	status,0,c
  1190   0013E8  3205               	rrcf	(___fltol@f1+3)^0,f,c
  1191   0013EA  3204               	rrcf	(___fltol@f1+2)^0,f,c
  1192   0013EC  3203               	rrcf	(___fltol@f1+1)^0,f,c
  1193   0013EE  3202               	rrcf	___fltol@f1^0,f,c
  1194   0013F0  3E0B               	incfsz	___fltol@exp1^0,f,c
  1195   0013F2  EFF3  F009         	goto	l1870
  1196   0013F6  EF15  F00A         	goto	l1884
  1197   0013FA                     l1874:
  1198   0013FA  0E1F               	movlw	31
  1199   0013FC  640B               	cpfsgt	___fltol@exp1^0,c
  1200   0013FE  EF03  F00A         	goto	u1621
  1201   001402  EF05  F00A         	goto	u1620
  1202   001406                     u1621:
  1203   001406  EF0D  F00A         	goto	l1882
  1204   00140A                     u1620:
  1205   00140A  EFB6  F009         	goto	l1850
  1206   00140E                     l1880:
  1207   00140E  90D8               	bcf	status,0,c
  1208   001410  3602               	rlcf	___fltol@f1^0,f,c
  1209   001412  3603               	rlcf	(___fltol@f1+1)^0,f,c
  1210   001414  3604               	rlcf	(___fltol@f1+2)^0,f,c
  1211   001416  3605               	rlcf	(___fltol@f1+3)^0,f,c
  1212   001418  060B               	decf	___fltol@exp1^0,f,c
  1213   00141A                     l1882:
  1214   00141A  500B               	movf	___fltol@exp1^0,w,c
  1215   00141C  A4D8               	btfss	status,2,c
  1216   00141E  EF13  F00A         	goto	u1631
  1217   001422  EF15  F00A         	goto	u1630
  1218   001426                     u1631:
  1219   001426  EF07  F00A         	goto	l1880
  1220   00142A                     u1630:
  1221   00142A                     l1884:
  1222   00142A  500A               	movf	___fltol@sign1^0,w,c
  1223   00142C  B4D8               	btfsc	status,2,c
  1224   00142E  EF1B  F00A         	goto	u1641
  1225   001432  EF1D  F00A         	goto	u1640
  1226   001436                     u1641:
  1227   001436  EF25  F00A         	goto	l1888
  1228   00143A                     u1640:
  1229   00143A  1E05               	comf	(___fltol@f1+3)^0,f,c
  1230   00143C  1E04               	comf	(___fltol@f1+2)^0,f,c
  1231   00143E  1E03               	comf	(___fltol@f1+1)^0,f,c
  1232   001440  6C02               	negf	___fltol@f1^0,c
  1233   001442  0E00               	movlw	0
  1234   001444  2203               	addwfc	(___fltol@f1+1)^0,f,c
  1235   001446  2204               	addwfc	(___fltol@f1+2)^0,f,c
  1236   001448  2205               	addwfc	(___fltol@f1+3)^0,f,c
  1237   00144A                     l1888:
  1238   00144A  C002  F002         	movff	___fltol@f1,?___fltol
  1239   00144E  C003  F003         	movff	___fltol@f1+1,?___fltol+1
  1240   001452  C004  F004         	movff	___fltol@f1+2,?___fltol+2
  1241   001456  C005  F005         	movff	___fltol@f1+3,?___fltol+3
  1242   00145A                     l448:
  1243   00145A  0012               	return		;funcret
  1244   00145C                     __end_of___fltol:
  1245                           	callstack 0
  1246                           
  1247 ;; *************** function ___fldiv *****************
  1248 ;; Defined at:
  1249 ;;		line 11 in file "C:\Program Files\Microchip\xc8\v2.45\pic\sources\c99\common\sprcdiv.c"
  1250 ;; Parameters:    Size  Location     Type
  1251 ;;  b               4   15[COMRAM] long 
  1252 ;;  a               4   19[COMRAM] long 
  1253 ;; Auto vars:     Size  Location     Type
  1254 ;;  grs             4   34[COMRAM] unsigned long 
  1255 ;;  rem             4   27[COMRAM] unsigned long 
  1256 ;;  new_exp         2   32[COMRAM] short 
  1257 ;;  aexp            1   39[COMRAM] unsigned char 
  1258 ;;  bexp            1   38[COMRAM] unsigned char 
  1259 ;;  sign            1   31[COMRAM] unsigned char 
  1260 ;; Return value:  Size  Location     Type
  1261 ;;                  4   15[COMRAM] unsigned char 
  1262 ;; Registers used:
  1263 ;;		wreg, status,2, status,0
  1264 ;; Tracked objects:
  1265 ;;		On entry : 0/0
  1266 ;;		On exit  : 0/0
  1267 ;;		Unchanged: 0/0
  1268 ;; Data sizes:     COMRAM   BANK0   BANK1   BANK2   BANK3   BANK4   BANK5   BANK6   BANK7
  1269 ;;      Params:         8       0       0       0       0       0       0       0       0
  1270 ;;      Locals:        13       0       0       0       0       0       0       0       0
  1271 ;;      Temps:          4       0       0       0       0       0       0       0       0
  1272 ;;      Totals:        25       0       0       0       0       0       0       0       0
  1273 ;;Total ram usage:       25 bytes
  1274 ;; Hardware stack levels used: 1
  1275 ;; Hardware stack levels required when called: 2
  1276 ;; This function calls:
  1277 ;;		Nothing
  1278 ;; This function is called by:
  1279 ;;		_UART_Initial
  1280 ;; This function uses a non-reentrant model
  1281 ;;
  1282                           
  1283                           	psect	text6
  1284   000CE4                     __ptext6:
  1285                           	callstack 0
  1286   000CE4                     ___fldiv:
  1287                           	callstack 27
  1288   000CE4  5013               	movf	(___fldiv@b+3)^0,w,c
  1289   000CE6  0B80               	andlw	128
  1290   000CE8  6E20               	movwf	___fldiv@sign^0,c
  1291   000CEA  5013               	movf	(___fldiv@b+3)^0,w,c
  1292   000CEC  2413               	addwf	(___fldiv@b+3)^0,w,c
  1293   000CEE  6E27               	movwf	___fldiv@bexp^0,c
  1294   000CF0  AE12               	btfss	(___fldiv@b+2)^0,7,c
  1295   000CF2  EF7D  F006         	goto	u1351
  1296   000CF6  EF7F  F006         	goto	u1350
  1297   000CFA                     u1351:
  1298   000CFA  EF80  F006         	goto	l1716
  1299   000CFE                     u1350:
  1300   000CFE  8027               	bsf	___fldiv@bexp^0,0,c
  1301   000D00                     l1716:
  1302   000D00  5027               	movf	___fldiv@bexp^0,w,c
  1303   000D02  B4D8               	btfsc	status,2,c
  1304   000D04  EF86  F006         	goto	u1361
  1305   000D08  EF88  F006         	goto	u1360
  1306   000D0C                     u1361:
  1307   000D0C  EF9D  F006         	goto	l1726
  1308   000D10                     u1360:
  1309   000D10  2827               	incf	___fldiv@bexp^0,w,c
  1310   000D12  A4D8               	btfss	status,2,c
  1311   000D14  EF8E  F006         	goto	u1371
  1312   000D18  EF90  F006         	goto	u1370
  1313   000D1C                     u1371:
  1314   000D1C  EF98  F006         	goto	l1722
  1315   000D20                     u1370:
  1316   000D20  0E00               	movlw	0
  1317   000D22  6E10               	movwf	___fldiv@b^0,c
  1318   000D24  0E00               	movlw	0
  1319   000D26  6E11               	movwf	(___fldiv@b+1)^0,c
  1320   000D28  0E00               	movlw	0
  1321   000D2A  6E12               	movwf	(___fldiv@b+2)^0,c
  1322   000D2C  0E00               	movlw	0
  1323   000D2E  6E13               	movwf	(___fldiv@b+3)^0,c
  1324   000D30                     l1722:
  1325   000D30  8E12               	bsf	(___fldiv@b+2)^0,7,c
  1326   000D32  0E00               	movlw	0
  1327   000D34  6E13               	movwf	(___fldiv@b+3)^0,c
  1328   000D36  EFA5  F006         	goto	l1728
  1329   000D3A                     l1726:
  1330   000D3A  0E00               	movlw	0
  1331   000D3C  6E10               	movwf	___fldiv@b^0,c
  1332   000D3E  0E00               	movlw	0
  1333   000D40  6E11               	movwf	(___fldiv@b+1)^0,c
  1334   000D42  0E00               	movlw	0
  1335   000D44  6E12               	movwf	(___fldiv@b+2)^0,c
  1336   000D46  0E00               	movlw	0
  1337   000D48  6E13               	movwf	(___fldiv@b+3)^0,c
  1338   000D4A                     l1728:
  1339   000D4A  5017               	movf	(___fldiv@a+3)^0,w,c
  1340   000D4C  0B80               	andlw	128
  1341   000D4E  1A20               	xorwf	___fldiv@sign^0,f,c
  1342   000D50  5017               	movf	(___fldiv@a+3)^0,w,c
  1343   000D52  2417               	addwf	(___fldiv@a+3)^0,w,c
  1344   000D54  6E28               	movwf	___fldiv@aexp^0,c
  1345   000D56  AE16               	btfss	(___fldiv@a+2)^0,7,c
  1346   000D58  EFB0  F006         	goto	u1381
  1347   000D5C  EFB2  F006         	goto	u1380
  1348   000D60                     u1381:
  1349   000D60  EFB3  F006         	goto	l1736
  1350   000D64                     u1380:
  1351   000D64  8028               	bsf	___fldiv@aexp^0,0,c
  1352   000D66                     l1736:
  1353   000D66  5028               	movf	___fldiv@aexp^0,w,c
  1354   000D68  B4D8               	btfsc	status,2,c
  1355   000D6A  EFB9  F006         	goto	u1391
  1356   000D6E  EFBB  F006         	goto	u1390
  1357   000D72                     u1391:
  1358   000D72  EFD0  F006         	goto	l1746
  1359   000D76                     u1390:
  1360   000D76  2828               	incf	___fldiv@aexp^0,w,c
  1361   000D78  A4D8               	btfss	status,2,c
  1362   000D7A  EFC1  F006         	goto	u1401
  1363   000D7E  EFC3  F006         	goto	u1400
  1364   000D82                     u1401:
  1365   000D82  EFCB  F006         	goto	l1742
  1366   000D86                     u1400:
  1367   000D86  0E00               	movlw	0
  1368   000D88  6E14               	movwf	___fldiv@a^0,c
  1369   000D8A  0E00               	movlw	0
  1370   000D8C  6E15               	movwf	(___fldiv@a+1)^0,c
  1371   000D8E  0E00               	movlw	0
  1372   000D90  6E16               	movwf	(___fldiv@a+2)^0,c
  1373   000D92  0E00               	movlw	0
  1374   000D94  6E17               	movwf	(___fldiv@a+3)^0,c
  1375   000D96                     l1742:
  1376   000D96  8E16               	bsf	(___fldiv@a+2)^0,7,c
  1377   000D98  0E00               	movlw	0
  1378   000D9A  6E17               	movwf	(___fldiv@a+3)^0,c
  1379   000D9C  EFD8  F006         	goto	l1748
  1380   000DA0                     l1746:
  1381   000DA0  0E00               	movlw	0
  1382   000DA2  6E14               	movwf	___fldiv@a^0,c
  1383   000DA4  0E00               	movlw	0
  1384   000DA6  6E15               	movwf	(___fldiv@a+1)^0,c
  1385   000DA8  0E00               	movlw	0
  1386   000DAA  6E16               	movwf	(___fldiv@a+2)^0,c
  1387   000DAC  0E00               	movlw	0
  1388   000DAE  6E17               	movwf	(___fldiv@a+3)^0,c
  1389   000DB0                     l1748:
  1390   000DB0  5014               	movf	___fldiv@a^0,w,c
  1391   000DB2  1015               	iorwf	(___fldiv@a+1)^0,w,c
  1392   000DB4  1016               	iorwf	(___fldiv@a+2)^0,w,c
  1393   000DB6  1017               	iorwf	(___fldiv@a+3)^0,w,c
  1394   000DB8  A4D8               	btfss	status,2,c
  1395   000DBA  EFE1  F006         	goto	u1411
  1396   000DBE  EFE3  F006         	goto	u1410
  1397   000DC2                     u1411:
  1398   000DC2  EFFB  F006         	goto	l1760
  1399   000DC6                     u1410:
  1400   000DC6  0E00               	movlw	0
  1401   000DC8  6E10               	movwf	___fldiv@b^0,c
  1402   000DCA  0E00               	movlw	0
  1403   000DCC  6E11               	movwf	(___fldiv@b+1)^0,c
  1404   000DCE  0E00               	movlw	0
  1405   000DD0  6E12               	movwf	(___fldiv@b+2)^0,c
  1406   000DD2  0E00               	movlw	0
  1407   000DD4  6E13               	movwf	(___fldiv@b+3)^0,c
  1408   000DD6  0E80               	movlw	128
  1409   000DD8  1212               	iorwf	(___fldiv@b+2)^0,f,c
  1410   000DDA  0E7F               	movlw	127
  1411   000DDC  1213               	iorwf	(___fldiv@b+3)^0,f,c
  1412   000DDE                     l1754:
  1413   000DDE  5020               	movf	___fldiv@sign^0,w,c
  1414   000DE0  1213               	iorwf	(___fldiv@b+3)^0,f,c
  1415   000DE2  C010  F010         	movff	___fldiv@b,?___fldiv
  1416   000DE6  C011  F011         	movff	___fldiv@b+1,?___fldiv+1
  1417   000DEA  C012  F012         	movff	___fldiv@b+2,?___fldiv+2
  1418   000DEE  C013  F013         	movff	___fldiv@b+3,?___fldiv+3
  1419   000DF2  EF3E  F008         	goto	l733
  1420   000DF6                     l1760:
  1421   000DF6  5027               	movf	___fldiv@bexp^0,w,c
  1422   000DF8  A4D8               	btfss	status,2,c
  1423   000DFA  EF01  F007         	goto	u1421
  1424   000DFE  EF03  F007         	goto	u1420
  1425   000E02                     u1421:
  1426   000E02  EF0D  F007         	goto	l1768
  1427   000E06                     u1420:
  1428   000E06  0E00               	movlw	0
  1429   000E08  6E10               	movwf	?___fldiv^0,c
  1430   000E0A  0E00               	movlw	0
  1431   000E0C  6E11               	movwf	(?___fldiv+1)^0,c
  1432   000E0E  0E00               	movlw	0
  1433   000E10  6E12               	movwf	(?___fldiv+2)^0,c
  1434   000E12  0E00               	movlw	0
  1435   000E14  6E13               	movwf	(?___fldiv+3)^0,c
  1436   000E16  EF3E  F008         	goto	l733
  1437   000E1A                     l1768:
  1438   000E1A  5028               	movf	___fldiv@aexp^0,w,c
  1439   000E1C  C027  F018         	movff	___fldiv@bexp,??___fldiv
  1440   000E20  6A19               	clrf	(??___fldiv+1)^0,c
  1441   000E22  5E18               	subwf	??___fldiv^0,f,c
  1442   000E24  0E00               	movlw	0
  1443   000E26  5A19               	subwfb	(??___fldiv+1)^0,f,c
  1444   000E28  0E7F               	movlw	127
  1445   000E2A  2418               	addwf	??___fldiv^0,w,c
  1446   000E2C  6E21               	movwf	___fldiv@new_exp^0,c
  1447   000E2E  0E00               	movlw	0
  1448   000E30  2019               	addwfc	(??___fldiv+1)^0,w,c
  1449   000E32  6E22               	movwf	(___fldiv@new_exp+1)^0,c
  1450   000E34  C010  F01C         	movff	___fldiv@b,___fldiv@rem
  1451   000E38  C011  F01D         	movff	___fldiv@b+1,___fldiv@rem+1
  1452   000E3C  C012  F01E         	movff	___fldiv@b+2,___fldiv@rem+2
  1453   000E40  C013  F01F         	movff	___fldiv@b+3,___fldiv@rem+3
  1454   000E44  0E00               	movlw	0
  1455   000E46  6E10               	movwf	___fldiv@b^0,c
  1456   000E48  0E00               	movlw	0
  1457   000E4A  6E11               	movwf	(___fldiv@b+1)^0,c
  1458   000E4C  0E00               	movlw	0
  1459   000E4E  6E12               	movwf	(___fldiv@b+2)^0,c
  1460   000E50  0E00               	movlw	0
  1461   000E52  6E13               	movwf	(___fldiv@b+3)^0,c
  1462   000E54  0E00               	movlw	0
  1463   000E56  6E23               	movwf	___fldiv@grs^0,c
  1464   000E58  0E00               	movlw	0
  1465   000E5A  6E24               	movwf	(___fldiv@grs+1)^0,c
  1466   000E5C  0E00               	movlw	0
  1467   000E5E  6E25               	movwf	(___fldiv@grs+2)^0,c
  1468   000E60  0E00               	movlw	0
  1469   000E62  6E26               	movwf	(___fldiv@grs+3)^0,c
  1470   000E64  0E00               	movlw	0
  1471   000E66  6E28               	movwf	___fldiv@aexp^0,c
  1472   000E68  EF6E  F007         	goto	l735
  1473   000E6C                     l1778:
  1474   000E6C  5028               	movf	___fldiv@aexp^0,w,c
  1475   000E6E  B4D8               	btfsc	status,2,c
  1476   000E70  EF3C  F007         	goto	u1431
  1477   000E74  EF3E  F007         	goto	u1430
  1478   000E78                     u1431:
  1479   000E78  EF55  F007         	goto	l1786
  1480   000E7C                     u1430:
  1481   000E7C  90D8               	bcf	status,0,c
  1482   000E7E  361C               	rlcf	___fldiv@rem^0,f,c
  1483   000E80  361D               	rlcf	(___fldiv@rem+1)^0,f,c
  1484   000E82  361E               	rlcf	(___fldiv@rem+2)^0,f,c
  1485   000E84  361F               	rlcf	(___fldiv@rem+3)^0,f,c
  1486   000E86  90D8               	bcf	status,0,c
  1487   000E88  3610               	rlcf	___fldiv@b^0,f,c
  1488   000E8A  3611               	rlcf	(___fldiv@b+1)^0,f,c
  1489   000E8C  3612               	rlcf	(___fldiv@b+2)^0,f,c
  1490   000E8E  3613               	rlcf	(___fldiv@b+3)^0,f,c
  1491   000E90  AE26               	btfss	(___fldiv@grs+3)^0,7,c
  1492   000E92  EF4D  F007         	goto	u1441
  1493   000E96  EF4F  F007         	goto	u1440
  1494   000E9A                     u1441:
  1495   000E9A  EF50  F007         	goto	l738
  1496   000E9E                     u1440:
  1497   000E9E  8010               	bsf	___fldiv@b^0,0,c
  1498   000EA0                     l738:
  1499   000EA0  90D8               	bcf	status,0,c
  1500   000EA2  3623               	rlcf	___fldiv@grs^0,f,c
  1501   000EA4  3624               	rlcf	(___fldiv@grs+1)^0,f,c
  1502   000EA6  3625               	rlcf	(___fldiv@grs+2)^0,f,c
  1503   000EA8  3626               	rlcf	(___fldiv@grs+3)^0,f,c
  1504   000EAA                     l1786:
  1505   000EAA  5014               	movf	___fldiv@a^0,w,c
  1506   000EAC  5C1C               	subwf	___fldiv@rem^0,w,c
  1507   000EAE  5015               	movf	(___fldiv@a+1)^0,w,c
  1508   000EB0  581D               	subwfb	(___fldiv@rem+1)^0,w,c
  1509   000EB2  5016               	movf	(___fldiv@a+2)^0,w,c
  1510   000EB4  581E               	subwfb	(___fldiv@rem+2)^0,w,c
  1511   000EB6  5017               	movf	(___fldiv@a+3)^0,w,c
  1512   000EB8  581F               	subwfb	(___fldiv@rem+3)^0,w,c
  1513   000EBA  A0D8               	btfss	status,0,c
  1514   000EBC  EF62  F007         	goto	u1451
  1515   000EC0  EF64  F007         	goto	u1450
  1516   000EC4                     u1451:
  1517   000EC4  EF6D  F007         	goto	l1792
  1518   000EC8                     u1450:
  1519   000EC8  8C26               	bsf	(___fldiv@grs+3)^0,6,c
  1520   000ECA  5014               	movf	___fldiv@a^0,w,c
  1521   000ECC  5E1C               	subwf	___fldiv@rem^0,f,c
  1522   000ECE  5015               	movf	(___fldiv@a+1)^0,w,c
  1523   000ED0  5A1D               	subwfb	(___fldiv@rem+1)^0,f,c
  1524   000ED2  5016               	movf	(___fldiv@a+2)^0,w,c
  1525   000ED4  5A1E               	subwfb	(___fldiv@rem+2)^0,f,c
  1526   000ED6  5017               	movf	(___fldiv@a+3)^0,w,c
  1527   000ED8  5A1F               	subwfb	(___fldiv@rem+3)^0,f,c
  1528   000EDA                     l1792:
  1529   000EDA  2A28               	incf	___fldiv@aexp^0,f,c
  1530   000EDC                     l735:
  1531   000EDC  0E19               	movlw	25
  1532   000EDE  6428               	cpfsgt	___fldiv@aexp^0,c
  1533   000EE0  EF74  F007         	goto	u1461
  1534   000EE4  EF76  F007         	goto	u1460
  1535   000EE8                     u1461:
  1536   000EE8  EF36  F007         	goto	l1778
  1537   000EEC                     u1460:
  1538   000EEC  501C               	movf	___fldiv@rem^0,w,c
  1539   000EEE  101D               	iorwf	(___fldiv@rem+1)^0,w,c
  1540   000EF0  101E               	iorwf	(___fldiv@rem+2)^0,w,c
  1541   000EF2  101F               	iorwf	(___fldiv@rem+3)^0,w,c
  1542   000EF4  B4D8               	btfsc	status,2,c
  1543   000EF6  EF7F  F007         	goto	u1471
  1544   000EFA  EF81  F007         	goto	u1470
  1545   000EFE                     u1471:
  1546   000EFE  EF99  F007         	goto	l1804
  1547   000F02                     u1470:
  1548   000F02  8023               	bsf	___fldiv@grs^0,0,c
  1549   000F04  EF99  F007         	goto	l1804
  1550   000F08                     l1798:
  1551   000F08  90D8               	bcf	status,0,c
  1552   000F0A  3610               	rlcf	___fldiv@b^0,f,c
  1553   000F0C  3611               	rlcf	(___fldiv@b+1)^0,f,c
  1554   000F0E  3612               	rlcf	(___fldiv@b+2)^0,f,c
  1555   000F10  3613               	rlcf	(___fldiv@b+3)^0,f,c
  1556   000F12  AE26               	btfss	(___fldiv@grs+3)^0,7,c
  1557   000F14  EF8E  F007         	goto	u1481
  1558   000F18  EF90  F007         	goto	u1480
  1559   000F1C                     u1481:
  1560   000F1C  EF91  F007         	goto	l744
  1561   000F20                     u1480:
  1562   000F20  8010               	bsf	___fldiv@b^0,0,c
  1563   000F22                     l744:
  1564   000F22  90D8               	bcf	status,0,c
  1565   000F24  3623               	rlcf	___fldiv@grs^0,f,c
  1566   000F26  3624               	rlcf	(___fldiv@grs+1)^0,f,c
  1567   000F28  3625               	rlcf	(___fldiv@grs+2)^0,f,c
  1568   000F2A  3626               	rlcf	(___fldiv@grs+3)^0,f,c
  1569   000F2C  0621               	decf	___fldiv@new_exp^0,f,c
  1570   000F2E  A0D8               	btfss	status,0,c
  1571   000F30  0622               	decf	(___fldiv@new_exp+1)^0,f,c
  1572   000F32                     l1804:
  1573   000F32  AE12               	btfss	(___fldiv@b+2)^0,7,c
  1574   000F34  EF9E  F007         	goto	u1491
  1575   000F38  EFA0  F007         	goto	u1490
  1576   000F3C                     u1491:
  1577   000F3C  EF84  F007         	goto	l1798
  1578   000F40                     u1490:
  1579   000F40  0E00               	movlw	0
  1580   000F42  6E28               	movwf	___fldiv@aexp^0,c
  1581   000F44  AE26               	btfss	(___fldiv@grs+3)^0,7,c
  1582   000F46  EFA7  F007         	goto	u1501
  1583   000F4A  EFA9  F007         	goto	u1500
  1584   000F4E                     u1501:
  1585   000F4E  EFCD  F007         	goto	l746
  1586   000F52                     u1500:
  1587   000F52  0EFF               	movlw	255
  1588   000F54  1423               	andwf	___fldiv@grs^0,w,c
  1589   000F56  6E18               	movwf	??___fldiv^0,c
  1590   000F58  0EFF               	movlw	255
  1591   000F5A  1424               	andwf	(___fldiv@grs+1)^0,w,c
  1592   000F5C  6E19               	movwf	(??___fldiv+1)^0,c
  1593   000F5E  0EFF               	movlw	255
  1594   000F60  1425               	andwf	(___fldiv@grs+2)^0,w,c
  1595   000F62  6E1A               	movwf	(??___fldiv+2)^0,c
  1596   000F64  0E7F               	movlw	127
  1597   000F66  1426               	andwf	(___fldiv@grs+3)^0,w,c
  1598   000F68  6E1B               	movwf	(??___fldiv+3)^0,c
  1599   000F6A  5018               	movf	??___fldiv^0,w,c
  1600   000F6C  1019               	iorwf	(??___fldiv+1)^0,w,c
  1601   000F6E  101A               	iorwf	(??___fldiv+2)^0,w,c
  1602   000F70  101B               	iorwf	(??___fldiv+3)^0,w,c
  1603   000F72  B4D8               	btfsc	status,2,c
  1604   000F74  EFBE  F007         	goto	u1511
  1605   000F78  EFC0  F007         	goto	u1510
  1606   000F7C                     u1511:
  1607   000F7C  EFC4  F007         	goto	l747
  1608   000F80                     u1510:
  1609   000F80                     l1812:
  1610   000F80  0E01               	movlw	1
  1611   000F82  6E28               	movwf	___fldiv@aexp^0,c
  1612   000F84  EFCD  F007         	goto	l746
  1613   000F88                     l747:
  1614   000F88  A010               	btfss	___fldiv@b^0,0,c
  1615   000F8A  EFC9  F007         	goto	u1521
  1616   000F8E  EFCB  F007         	goto	u1520
  1617   000F92                     u1521:
  1618   000F92  EFCD  F007         	goto	l746
  1619   000F96                     u1520:
  1620   000F96  EFC0  F007         	goto	l1812
  1621   000F9A                     l746:
  1622   000F9A  5028               	movf	___fldiv@aexp^0,w,c
  1623   000F9C  B4D8               	btfsc	status,2,c
  1624   000F9E  EFD3  F007         	goto	u1531
  1625   000FA2  EFD5  F007         	goto	u1530
  1626   000FA6                     u1531:
  1627   000FA6  EFF9  F007         	goto	l1824
  1628   000FAA                     u1530:
  1629   000FAA  0E01               	movlw	1
  1630   000FAC  2610               	addwf	___fldiv@b^0,f,c
  1631   000FAE  0E00               	movlw	0
  1632   000FB0  2211               	addwfc	(___fldiv@b+1)^0,f,c
  1633   000FB2  2212               	addwfc	(___fldiv@b+2)^0,f,c
  1634   000FB4  2213               	addwfc	(___fldiv@b+3)^0,f,c
  1635   000FB6  A013               	btfss	(___fldiv@b+3)^0,0,c
  1636   000FB8  EFE0  F007         	goto	u1541
  1637   000FBC  EFE2  F007         	goto	u1540
  1638   000FC0                     u1541:
  1639   000FC0  EFF9  F007         	goto	l1824
  1640   000FC4                     u1540:
  1641   000FC4  C010  F018         	movff	___fldiv@b,??___fldiv
  1642   000FC8  C011  F019         	movff	___fldiv@b+1,??___fldiv+1
  1643   000FCC  C012  F01A         	movff	___fldiv@b+2,??___fldiv+2
  1644   000FD0  C013  F01B         	movff	___fldiv@b+3,??___fldiv+3
  1645   000FD4  341B               	rlcf	(??___fldiv+3)^0,w,c
  1646   000FD6  321B               	rrcf	(??___fldiv+3)^0,f,c
  1647   000FD8  321A               	rrcf	(??___fldiv+2)^0,f,c
  1648   000FDA  3219               	rrcf	(??___fldiv+1)^0,f,c
  1649   000FDC  3218               	rrcf	??___fldiv^0,f,c
  1650   000FDE  C018  F010         	movff	??___fldiv,___fldiv@b
  1651   000FE2  C019  F011         	movff	??___fldiv+1,___fldiv@b+1
  1652   000FE6  C01A  F012         	movff	??___fldiv+2,___fldiv@b+2
  1653   000FEA  C01B  F013         	movff	??___fldiv+3,___fldiv@b+3
  1654   000FEE  4A21               	infsnz	___fldiv@new_exp^0,f,c
  1655   000FF0  2A22               	incf	(___fldiv@new_exp+1)^0,f,c
  1656   000FF2                     l1824:
  1657   000FF2  BE22               	btfsc	(___fldiv@new_exp+1)^0,7,c
  1658   000FF4  EF04  F008         	goto	u1551
  1659   000FF8  5022               	movf	(___fldiv@new_exp+1)^0,w,c
  1660   000FFA  E108               	bnz	u1550
  1661   000FFC  2821               	incf	___fldiv@new_exp^0,w,c
  1662   000FFE  A0D8               	btfss	status,0,c
  1663   001000  EF04  F008         	goto	u1551
  1664   001004  EF06  F008         	goto	u1550
  1665   001008                     u1551:
  1666   001008  EF11  F008         	goto	l1828
  1667   00100C                     u1550:
  1668   00100C  0E00               	movlw	0
  1669   00100E  6E22               	movwf	(___fldiv@new_exp+1)^0,c
  1670   001010  6821               	setf	___fldiv@new_exp^0,c
  1671   001012  0E00               	movlw	0
  1672   001014  6E10               	movwf	___fldiv@b^0,c
  1673   001016  0E00               	movlw	0
  1674   001018  6E11               	movwf	(___fldiv@b+1)^0,c
  1675   00101A  0E00               	movlw	0
  1676   00101C  6E12               	movwf	(___fldiv@b+2)^0,c
  1677   00101E  0E00               	movlw	0
  1678   001020  6E13               	movwf	(___fldiv@b+3)^0,c
  1679   001022                     l1828:
  1680   001022  BE22               	btfsc	(___fldiv@new_exp+1)^0,7,c
  1681   001024  EF1E  F008         	goto	u1560
  1682   001028  5022               	movf	(___fldiv@new_exp+1)^0,w,c
  1683   00102A  E106               	bnz	u1561
  1684   00102C  0421               	decf	___fldiv@new_exp^0,w,c
  1685   00102E  B0D8               	btfsc	status,0,c
  1686   001030  EF1C  F008         	goto	u1561
  1687   001034  EF1E  F008         	goto	u1560
  1688   001038                     u1561:
  1689   001038  EF2C  F008         	goto	l1832
  1690   00103C                     u1560:
  1691   00103C  0E00               	movlw	0
  1692   00103E  6E22               	movwf	(___fldiv@new_exp+1)^0,c
  1693   001040  0E00               	movlw	0
  1694   001042  6E21               	movwf	___fldiv@new_exp^0,c
  1695   001044  0E00               	movlw	0
  1696   001046  6E10               	movwf	___fldiv@b^0,c
  1697   001048  0E00               	movlw	0
  1698   00104A  6E11               	movwf	(___fldiv@b+1)^0,c
  1699   00104C  0E00               	movlw	0
  1700   00104E  6E12               	movwf	(___fldiv@b+2)^0,c
  1701   001050  0E00               	movlw	0
  1702   001052  6E13               	movwf	(___fldiv@b+3)^0,c
  1703   001054  0E00               	movlw	0
  1704   001056  6E20               	movwf	___fldiv@sign^0,c
  1705   001058                     l1832:
  1706   001058  C021  F027         	movff	___fldiv@new_exp,___fldiv@bexp
  1707   00105C  A027               	btfss	___fldiv@bexp^0,0,c
  1708   00105E  EF33  F008         	goto	u1571
  1709   001062  EF35  F008         	goto	u1570
  1710   001066                     u1571:
  1711   001066  EF38  F008         	goto	l1838
  1712   00106A                     u1570:
  1713   00106A  8E12               	bsf	(___fldiv@b+2)^0,7,c
  1714   00106C  EF39  F008         	goto	l1840
  1715   001070                     l1838:
  1716   001070  9E12               	bcf	(___fldiv@b+2)^0,7,c
  1717   001072                     l1840:
  1718   001072  90D8               	bcf	status,0,c
  1719   001074  3027               	rrcf	___fldiv@bexp^0,w,c
  1720   001076  6E13               	movwf	(___fldiv@b+3)^0,c
  1721   001078  EFEF  F006         	goto	l1754
  1722   00107C                     l733:
  1723   00107C  0012               	return		;funcret
  1724   00107E                     __end_of___fldiv:
  1725                           	callstack 0
  1726                           
  1727 ;; *************** function ___fladd *****************
  1728 ;; Defined at:
  1729 ;;		line 10 in file "C:\Program Files\Microchip\xc8\v2.45\pic\sources\c99\common\sprcadd.c"
  1730 ;; Parameters:    Size  Location     Type
  1731 ;;  b               4   40[COMRAM] unsigned char 
  1732 ;;  a               4   44[COMRAM] unsigned char 
  1733 ;; Auto vars:     Size  Location     Type
  1734 ;;  grs             1   55[COMRAM] unsigned char 
  1735 ;;  bexp            1   54[COMRAM] unsigned char 
  1736 ;;  aexp            1   53[COMRAM] unsigned char 
  1737 ;;  signs           1   52[COMRAM] unsigned char 
  1738 ;; Return value:  Size  Location     Type
  1739 ;;                  4   40[COMRAM] unsigned char 
  1740 ;; Registers used:
  1741 ;;		wreg, status,2, status,0
  1742 ;; Tracked objects:
  1743 ;;		On entry : 0/0
  1744 ;;		On exit  : 0/0
  1745 ;;		Unchanged: 0/0
  1746 ;; Data sizes:     COMRAM   BANK0   BANK1   BANK2   BANK3   BANK4   BANK5   BANK6   BANK7
  1747 ;;      Params:         8       0       0       0       0       0       0       0       0
  1748 ;;      Locals:         4       0       0       0       0       0       0       0       0
  1749 ;;      Temps:          4       0       0       0       0       0       0       0       0
  1750 ;;      Totals:        16       0       0       0       0       0       0       0       0
  1751 ;;Total ram usage:       16 bytes
  1752 ;; Hardware stack levels used: 1
  1753 ;; Hardware stack levels required when called: 2
  1754 ;; This function calls:
  1755 ;;		Nothing
  1756 ;; This function is called by:
  1757 ;;		_UART_Initial
  1758 ;; This function uses a non-reentrant model
  1759 ;;
  1760                           
  1761                           	psect	text7
  1762   000824                     __ptext7:
  1763                           	callstack 0
  1764   000824                     ___fladd:
  1765                           	callstack 27
  1766   000824  502C               	movf	(___fladd@b+3)^0,w,c
  1767   000826  0B80               	andlw	128
  1768   000828  6E35               	movwf	___fladd@signs^0,c
  1769   00082A  502C               	movf	(___fladd@b+3)^0,w,c
  1770   00082C  242C               	addwf	(___fladd@b+3)^0,w,c
  1771   00082E  6E37               	movwf	___fladd@bexp^0,c
  1772   000830  AE2B               	btfss	(___fladd@b+2)^0,7,c
  1773   000832  EF1D  F004         	goto	u961
  1774   000836  EF1F  F004         	goto	u960
  1775   00083A                     u961:
  1776   00083A  EF20  F004         	goto	l1514
  1777   00083E                     u960:
  1778   00083E  8037               	bsf	___fladd@bexp^0,0,c
  1779   000840                     l1514:
  1780   000840  5037               	movf	___fladd@bexp^0,w,c
  1781   000842  B4D8               	btfsc	status,2,c
  1782   000844  EF26  F004         	goto	u971
  1783   000848  EF28  F004         	goto	u970
  1784   00084C                     u971:
  1785   00084C  EF3D  F004         	goto	l1524
  1786   000850                     u970:
  1787   000850  2837               	incf	___fladd@bexp^0,w,c
  1788   000852  A4D8               	btfss	status,2,c
  1789   000854  EF2E  F004         	goto	u981
  1790   000858  EF30  F004         	goto	u980
  1791   00085C                     u981:
  1792   00085C  EF38  F004         	goto	l1520
  1793   000860                     u980:
  1794   000860  0E00               	movlw	0
  1795   000862  6E29               	movwf	___fladd@b^0,c
  1796   000864  0E00               	movlw	0
  1797   000866  6E2A               	movwf	(___fladd@b+1)^0,c
  1798   000868  0E00               	movlw	0
  1799   00086A  6E2B               	movwf	(___fladd@b+2)^0,c
  1800   00086C  0E00               	movlw	0
  1801   00086E  6E2C               	movwf	(___fladd@b+3)^0,c
  1802   000870                     l1520:
  1803   000870  8E2B               	bsf	(___fladd@b+2)^0,7,c
  1804   000872  0E00               	movlw	0
  1805   000874  6E2C               	movwf	(___fladd@b+3)^0,c
  1806   000876  EF45  F004         	goto	l1526
  1807   00087A                     l1524:
  1808   00087A  0E00               	movlw	0
  1809   00087C  6E29               	movwf	___fladd@b^0,c
  1810   00087E  0E00               	movlw	0
  1811   000880  6E2A               	movwf	(___fladd@b+1)^0,c
  1812   000882  0E00               	movlw	0
  1813   000884  6E2B               	movwf	(___fladd@b+2)^0,c
  1814   000886  0E00               	movlw	0
  1815   000888  6E2C               	movwf	(___fladd@b+3)^0,c
  1816   00088A                     l1526:
  1817   00088A  5030               	movf	(___fladd@a+3)^0,w,c
  1818   00088C  0B80               	andlw	128
  1819   00088E  6E36               	movwf	___fladd@aexp^0,c
  1820   000890  5035               	movf	___fladd@signs^0,w,c
  1821   000892  1836               	xorwf	___fladd@aexp^0,w,c
  1822   000894  B4D8               	btfsc	status,2,c
  1823   000896  EF4F  F004         	goto	u991
  1824   00089A  EF51  F004         	goto	u990
  1825   00089E                     u991:
  1826   00089E  EF52  F004         	goto	l1532
  1827   0008A2                     u990:
  1828   0008A2  8C35               	bsf	___fladd@signs^0,6,c
  1829   0008A4                     l1532:
  1830   0008A4  5030               	movf	(___fladd@a+3)^0,w,c
  1831   0008A6  2430               	addwf	(___fladd@a+3)^0,w,c
  1832   0008A8  6E36               	movwf	___fladd@aexp^0,c
  1833   0008AA  AE2F               	btfss	(___fladd@a+2)^0,7,c
  1834   0008AC  EF5A  F004         	goto	u1001
  1835   0008B0  EF5C  F004         	goto	u1000
  1836   0008B4                     u1001:
  1837   0008B4  EF5D  F004         	goto	l1538
  1838   0008B8                     u1000:
  1839   0008B8  8036               	bsf	___fladd@aexp^0,0,c
  1840   0008BA                     l1538:
  1841   0008BA  5036               	movf	___fladd@aexp^0,w,c
  1842   0008BC  B4D8               	btfsc	status,2,c
  1843   0008BE  EF63  F004         	goto	u1011
  1844   0008C2  EF65  F004         	goto	u1010
  1845   0008C6                     u1011:
  1846   0008C6  EF7A  F004         	goto	l1548
  1847   0008CA                     u1010:
  1848   0008CA  2836               	incf	___fladd@aexp^0,w,c
  1849   0008CC  A4D8               	btfss	status,2,c
  1850   0008CE  EF6B  F004         	goto	u1021
  1851   0008D2  EF6D  F004         	goto	u1020
  1852   0008D6                     u1021:
  1853   0008D6  EF75  F004         	goto	l1544
  1854   0008DA                     u1020:
  1855   0008DA  0E00               	movlw	0
  1856   0008DC  6E2D               	movwf	___fladd@a^0,c
  1857   0008DE  0E00               	movlw	0
  1858   0008E0  6E2E               	movwf	(___fladd@a+1)^0,c
  1859   0008E2  0E00               	movlw	0
  1860   0008E4  6E2F               	movwf	(___fladd@a+2)^0,c
  1861   0008E6  0E00               	movlw	0
  1862   0008E8  6E30               	movwf	(___fladd@a+3)^0,c
  1863   0008EA                     l1544:
  1864   0008EA  8E2F               	bsf	(___fladd@a+2)^0,7,c
  1865   0008EC  0E00               	movlw	0
  1866   0008EE  6E30               	movwf	(___fladd@a+3)^0,c
  1867   0008F0  EF82  F004         	goto	l1550
  1868   0008F4                     l1548:
  1869   0008F4  0E00               	movlw	0
  1870   0008F6  6E2D               	movwf	___fladd@a^0,c
  1871   0008F8  0E00               	movlw	0
  1872   0008FA  6E2E               	movwf	(___fladd@a+1)^0,c
  1873   0008FC  0E00               	movlw	0
  1874   0008FE  6E2F               	movwf	(___fladd@a+2)^0,c
  1875   000900  0E00               	movlw	0
  1876   000902  6E30               	movwf	(___fladd@a+3)^0,c
  1877   000904                     l1550:
  1878   000904  5037               	movf	___fladd@bexp^0,w,c
  1879   000906  5C36               	subwf	___fladd@aexp^0,w,c
  1880   000908  B0D8               	btfsc	status,0,c
  1881   00090A  EF89  F004         	goto	u1031
  1882   00090E  EF8B  F004         	goto	u1030
  1883   000912                     u1031:
  1884   000912  EFB2  F004         	goto	l1586
  1885   000916                     u1030:
  1886   000916  AC35               	btfss	___fladd@signs^0,6,c
  1887   000918  EF90  F004         	goto	u1041
  1888   00091C  EF92  F004         	goto	u1040
  1889   000920                     u1041:
  1890   000920  EF94  F004         	goto	l1556
  1891   000924                     u1040:
  1892   000924  0E80               	movlw	128
  1893   000926  1A35               	xorwf	___fladd@signs^0,f,c
  1894   000928                     l1556:
  1895   000928  C037  F038         	movff	___fladd@bexp,___fladd@grs
  1896   00092C  C036  F037         	movff	___fladd@aexp,___fladd@bexp
  1897   000930  C038  F036         	movff	___fladd@grs,___fladd@aexp
  1898   000934  C029  F038         	movff	___fladd@b,___fladd@grs
  1899   000938  C02D  F029         	movff	___fladd@a,___fladd@b
  1900   00093C  C038  F02D         	movff	___fladd@grs,___fladd@a
  1901   000940  C02A  F038         	movff	___fladd@b+1,___fladd@grs
  1902   000944  C02E  F02A         	movff	___fladd@a+1,___fladd@b+1
  1903   000948  C038  F02E         	movff	___fladd@grs,___fladd@a+1
  1904   00094C  C02B  F038         	movff	___fladd@b+2,___fladd@grs
  1905   000950  C02F  F02B         	movff	___fladd@a+2,___fladd@b+2
  1906   000954  C038  F02F         	movff	___fladd@grs,___fladd@a+2
  1907   000958  C02C  F038         	movff	___fladd@b+3,___fladd@grs
  1908   00095C  C030  F02C         	movff	___fladd@a+3,___fladd@b+3
  1909   000960  C038  F030         	movff	___fladd@grs,___fladd@a+3
  1910   000964                     l1586:
  1911   000964  0E00               	movlw	0
  1912   000966  6E38               	movwf	___fladd@grs^0,c
  1913   000968  5037               	movf	___fladd@bexp^0,w,c
  1914   00096A  C036  F031         	movff	___fladd@aexp,??___fladd
  1915   00096E  6A32               	clrf	(??___fladd+1)^0,c
  1916   000970  5E31               	subwf	??___fladd^0,f,c
  1917   000972  0E00               	movlw	0
  1918   000974  5A32               	subwfb	(??___fladd+1)^0,f,c
  1919   000976  BE32               	btfsc	(??___fladd+1)^0,7,c
  1920   000978  EFC7  F004         	goto	u1051
  1921   00097C  5032               	movf	(??___fladd+1)^0,w,c
  1922   00097E  E109               	bnz	u1050
  1923   000980  0E1A               	movlw	26
  1924   000982  5C31               	subwf	??___fladd^0,w,c
  1925   000984  A0D8               	btfss	status,0,c
  1926   000986  EFC7  F004         	goto	u1051
  1927   00098A  EFC9  F004         	goto	u1050
  1928   00098E                     u1051:
  1929   00098E  EF00  F005         	goto	l680
  1930   000992                     u1050:
  1931   000992  5029               	movf	___fladd@b^0,w,c
  1932   000994  102A               	iorwf	(___fladd@b+1)^0,w,c
  1933   000996  102B               	iorwf	(___fladd@b+2)^0,w,c
  1934   000998  102C               	iorwf	(___fladd@b+3)^0,w,c
  1935   00099A  A4D8               	btfss	status,2,c
  1936   00099C  EFD2  F004         	goto	u1061
  1937   0009A0  EFD5  F004         	goto	u1060
  1938   0009A4                     u1061:
  1939   0009A4  0E01               	movlw	1
  1940   0009A6  EFD6  F004         	goto	u1070
  1941   0009AA                     u1060:
  1942   0009AA  0E00               	movlw	0
  1943   0009AC                     u1070:
  1944   0009AC  6E38               	movwf	___fladd@grs^0,c
  1945   0009AE  0E00               	movlw	0
  1946   0009B0  6E29               	movwf	___fladd@b^0,c
  1947   0009B2  0E00               	movlw	0
  1948   0009B4  6E2A               	movwf	(___fladd@b+1)^0,c
  1949   0009B6  0E00               	movlw	0
  1950   0009B8  6E2B               	movwf	(___fladd@b+2)^0,c
  1951   0009BA  0E00               	movlw	0
  1952   0009BC  6E2C               	movwf	(___fladd@b+3)^0,c
  1953   0009BE  C036  F037         	movff	___fladd@aexp,___fladd@bexp
  1954   0009C2  EF09  F005         	goto	l679
  1955   0009C6                     l681:
  1956   0009C6  A038               	btfss	___fladd@grs^0,0,c
  1957   0009C8  EFE8  F004         	goto	u1081
  1958   0009CC  EFEA  F004         	goto	u1080
  1959   0009D0                     u1081:
  1960   0009D0  EFF0  F004         	goto	l1598
  1961   0009D4                     u1080:
  1962   0009D4  90D8               	bcf	status,0,c
  1963   0009D6  3038               	rrcf	___fladd@grs^0,w,c
  1964   0009D8  0901               	iorlw	1
  1965   0009DA  6E38               	movwf	___fladd@grs^0,c
  1966   0009DC  EFF2  F004         	goto	l1600
  1967   0009E0                     l1598:
  1968   0009E0  90D8               	bcf	status,0,c
  1969   0009E2  3238               	rrcf	___fladd@grs^0,f,c
  1970   0009E4                     l1600:
  1971   0009E4  A029               	btfss	___fladd@b^0,0,c
  1972   0009E6  EFF7  F004         	goto	u1091
  1973   0009EA  EFF9  F004         	goto	u1090
  1974   0009EE                     u1091:
  1975   0009EE  EFFA  F004         	goto	l1604
  1976   0009F2                     u1090:
  1977   0009F2  8E38               	bsf	___fladd@grs^0,7,c
  1978   0009F4                     l1604:
  1979   0009F4  342C               	rlcf	(___fladd@b+3)^0,w,c
  1980   0009F6  322C               	rrcf	(___fladd@b+3)^0,f,c
  1981   0009F8  322B               	rrcf	(___fladd@b+2)^0,f,c
  1982   0009FA  322A               	rrcf	(___fladd@b+1)^0,f,c
  1983   0009FC  3229               	rrcf	___fladd@b^0,f,c
  1984   0009FE  2A37               	incf	___fladd@bexp^0,f,c
  1985   000A00                     l680:
  1986   000A00  5036               	movf	___fladd@aexp^0,w,c
  1987   000A02  5C37               	subwf	___fladd@bexp^0,w,c
  1988   000A04  A0D8               	btfss	status,0,c
  1989   000A06  EF07  F005         	goto	u1101
  1990   000A0A  EF09  F005         	goto	u1100
  1991   000A0E                     u1101:
  1992   000A0E  EFE3  F004         	goto	l681
  1993   000A12                     u1100:
  1994   000A12                     l679:
  1995   000A12  BC35               	btfsc	___fladd@signs^0,6,c
  1996   000A14  EF0E  F005         	goto	u1111
  1997   000A18  EF10  F005         	goto	u1110
  1998   000A1C                     u1111:
  1999   000A1C  EF50  F005         	goto	l1632
  2000   000A20                     u1110:
  2001   000A20  5037               	movf	___fladd@bexp^0,w,c
  2002   000A22  A4D8               	btfss	status,2,c
  2003   000A24  EF16  F005         	goto	u1121
  2004   000A28  EF18  F005         	goto	u1120
  2005   000A2C                     u1121:
  2006   000A2C  EF22  F005         	goto	l1614
  2007   000A30                     u1120:
  2008   000A30  0E00               	movlw	0
  2009   000A32  6E29               	movwf	?___fladd^0,c
  2010   000A34  0E00               	movlw	0
  2011   000A36  6E2A               	movwf	(?___fladd+1)^0,c
  2012   000A38  0E00               	movlw	0
  2013   000A3A  6E2B               	movwf	(?___fladd+2)^0,c
  2014   000A3C  0E00               	movlw	0
  2015   000A3E  6E2C               	movwf	(?___fladd+3)^0,c
  2016   000A40  EF71  F006         	goto	l688
  2017   000A44                     l1614:
  2018   000A44  502D               	movf	___fladd@a^0,w,c
  2019   000A46  2629               	addwf	___fladd@b^0,f,c
  2020   000A48  502E               	movf	(___fladd@a+1)^0,w,c
  2021   000A4A  222A               	addwfc	(___fladd@b+1)^0,f,c
  2022   000A4C  502F               	movf	(___fladd@a+2)^0,w,c
  2023   000A4E  222B               	addwfc	(___fladd@b+2)^0,f,c
  2024   000A50  5030               	movf	(___fladd@a+3)^0,w,c
  2025   000A52  222C               	addwfc	(___fladd@b+3)^0,f,c
  2026   000A54  A02C               	btfss	(___fladd@b+3)^0,0,c
  2027   000A56  EF2F  F005         	goto	u1131
  2028   000A5A  EF31  F005         	goto	u1130
  2029   000A5E                     u1131:
  2030   000A5E  EFDD  F005         	goto	l1668
  2031   000A62                     u1130:
  2032   000A62  A038               	btfss	___fladd@grs^0,0,c
  2033   000A64  EF36  F005         	goto	u1141
  2034   000A68  EF38  F005         	goto	u1140
  2035   000A6C                     u1141:
  2036   000A6C  EF3E  F005         	goto	l1622
  2037   000A70                     u1140:
  2038   000A70  90D8               	bcf	status,0,c
  2039   000A72  3038               	rrcf	___fladd@grs^0,w,c
  2040   000A74  0901               	iorlw	1
  2041   000A76  6E38               	movwf	___fladd@grs^0,c
  2042   000A78  EF40  F005         	goto	l1624
  2043   000A7C                     l1622:
  2044   000A7C  90D8               	bcf	status,0,c
  2045   000A7E  3238               	rrcf	___fladd@grs^0,f,c
  2046   000A80                     l1624:
  2047   000A80  A029               	btfss	___fladd@b^0,0,c
  2048   000A82  EF45  F005         	goto	u1151
  2049   000A86  EF47  F005         	goto	u1150
  2050   000A8A                     u1151:
  2051   000A8A  EF48  F005         	goto	l1628
  2052   000A8E                     u1150:
  2053   000A8E  8E38               	bsf	___fladd@grs^0,7,c
  2054   000A90                     l1628:
  2055   000A90  342C               	rlcf	(___fladd@b+3)^0,w,c
  2056   000A92  322C               	rrcf	(___fladd@b+3)^0,f,c
  2057   000A94  322B               	rrcf	(___fladd@b+2)^0,f,c
  2058   000A96  322A               	rrcf	(___fladd@b+1)^0,f,c
  2059   000A98  3229               	rrcf	___fladd@b^0,f,c
  2060   000A9A  2A37               	incf	___fladd@bexp^0,f,c
  2061   000A9C  EFDD  F005         	goto	l1668
  2062   000AA0                     l1632:
  2063   000AA0  502D               	movf	___fladd@a^0,w,c
  2064   000AA2  5C29               	subwf	___fladd@b^0,w,c
  2065   000AA4  502E               	movf	(___fladd@a+1)^0,w,c
  2066   000AA6  582A               	subwfb	(___fladd@b+1)^0,w,c
  2067   000AA8  502F               	movf	(___fladd@a+2)^0,w,c
  2068   000AAA  582B               	subwfb	(___fladd@b+2)^0,w,c
  2069   000AAC  502C               	movf	(___fladd@b+3)^0,w,c
  2070   000AAE  0A80               	xorlw	128
  2071   000AB0  6E31               	movwf	??___fladd^0,c
  2072   000AB2  5030               	movf	(___fladd@a+3)^0,w,c
  2073   000AB4  0A80               	xorlw	128
  2074   000AB6  5831               	subwfb	??___fladd^0,w,c
  2075   000AB8  B0D8               	btfsc	status,0,c
  2076   000ABA  EF61  F005         	goto	u1161
  2077   000ABE  EF63  F005         	goto	u1160
  2078   000AC2                     u1161:
  2079   000AC2  EF8E  F005         	goto	l1642
  2080   000AC6                     u1160:
  2081   000AC6  5029               	movf	___fladd@b^0,w,c
  2082   000AC8  5C2D               	subwf	___fladd@a^0,w,c
  2083   000ACA  6E31               	movwf	??___fladd^0,c
  2084   000ACC  502A               	movf	(___fladd@b+1)^0,w,c
  2085   000ACE  582E               	subwfb	(___fladd@a+1)^0,w,c
  2086   000AD0  6E32               	movwf	(??___fladd+1)^0,c
  2087   000AD2  502B               	movf	(___fladd@b+2)^0,w,c
  2088   000AD4  582F               	subwfb	(___fladd@a+2)^0,w,c
  2089   000AD6  6E33               	movwf	(??___fladd+2)^0,c
  2090   000AD8  502C               	movf	(___fladd@b+3)^0,w,c
  2091   000ADA  5830               	subwfb	(___fladd@a+3)^0,w,c
  2092   000ADC  6E34               	movwf	(??___fladd+3)^0,c
  2093   000ADE  0EFF               	movlw	255
  2094   000AE0  2431               	addwf	??___fladd^0,w,c
  2095   000AE2  6E29               	movwf	___fladd@b^0,c
  2096   000AE4  0EFF               	movlw	255
  2097   000AE6  2032               	addwfc	(??___fladd+1)^0,w,c
  2098   000AE8  6E2A               	movwf	(___fladd@b+1)^0,c
  2099   000AEA  0EFF               	movlw	255
  2100   000AEC  2033               	addwfc	(??___fladd+2)^0,w,c
  2101   000AEE  6E2B               	movwf	(___fladd@b+2)^0,c
  2102   000AF0  0EFF               	movlw	255
  2103   000AF2  2034               	addwfc	(??___fladd+3)^0,w,c
  2104   000AF4  6E2C               	movwf	(___fladd@b+3)^0,c
  2105   000AF6  0E80               	movlw	128
  2106   000AF8  1A35               	xorwf	___fladd@signs^0,f,c
  2107   000AFA  6C38               	negf	___fladd@grs^0,c
  2108   000AFC  5038               	movf	___fladd@grs^0,w,c
  2109   000AFE  A4D8               	btfss	status,2,c
  2110   000B00  EF84  F005         	goto	u1171
  2111   000B04  EF86  F005         	goto	u1170
  2112   000B08                     u1171:
  2113   000B08  EF96  F005         	goto	l696
  2114   000B0C                     u1170:
  2115   000B0C  0E01               	movlw	1
  2116   000B0E  2629               	addwf	___fladd@b^0,f,c
  2117   000B10  0E00               	movlw	0
  2118   000B12  222A               	addwfc	(___fladd@b+1)^0,f,c
  2119   000B14  222B               	addwfc	(___fladd@b+2)^0,f,c
  2120   000B16  222C               	addwfc	(___fladd@b+3)^0,f,c
  2121   000B18  EF96  F005         	goto	l696
  2122   000B1C                     l1642:
  2123   000B1C  502D               	movf	___fladd@a^0,w,c
  2124   000B1E  5E29               	subwf	___fladd@b^0,f,c
  2125   000B20  502E               	movf	(___fladd@a+1)^0,w,c
  2126   000B22  5A2A               	subwfb	(___fladd@b+1)^0,f,c
  2127   000B24  502F               	movf	(___fladd@a+2)^0,w,c
  2128   000B26  5A2B               	subwfb	(___fladd@b+2)^0,f,c
  2129   000B28  5030               	movf	(___fladd@a+3)^0,w,c
  2130   000B2A  5A2C               	subwfb	(___fladd@b+3)^0,f,c
  2131   000B2C                     l696:
  2132   000B2C  5029               	movf	___fladd@b^0,w,c
  2133   000B2E  102A               	iorwf	(___fladd@b+1)^0,w,c
  2134   000B30  102B               	iorwf	(___fladd@b+2)^0,w,c
  2135   000B32  102C               	iorwf	(___fladd@b+3)^0,w,c
  2136   000B34  A4D8               	btfss	status,2,c
  2137   000B36  EF9F  F005         	goto	u1181
  2138   000B3A  EFA1  F005         	goto	u1180
  2139   000B3E                     u1181:
  2140   000B3E  EFD6  F005         	goto	l1666
  2141   000B42                     u1180:
  2142   000B42  5038               	movf	___fladd@grs^0,w,c
  2143   000B44  A4D8               	btfss	status,2,c
  2144   000B46  EFA7  F005         	goto	u1191
  2145   000B4A  EFA9  F005         	goto	u1190
  2146   000B4E                     u1191:
  2147   000B4E  EFD6  F005         	goto	l1666
  2148   000B52                     u1190:
  2149   000B52  0E00               	movlw	0
  2150   000B54  6E29               	movwf	?___fladd^0,c
  2151   000B56  0E00               	movlw	0
  2152   000B58  6E2A               	movwf	(?___fladd+1)^0,c
  2153   000B5A  0E00               	movlw	0
  2154   000B5C  6E2B               	movwf	(?___fladd+2)^0,c
  2155   000B5E  0E00               	movlw	0
  2156   000B60  6E2C               	movwf	(?___fladd+3)^0,c
  2157   000B62  EF71  F006         	goto	l688
  2158   000B66                     l1650:
  2159   000B66  90D8               	bcf	status,0,c
  2160   000B68  3629               	rlcf	___fladd@b^0,f,c
  2161   000B6A  362A               	rlcf	(___fladd@b+1)^0,f,c
  2162   000B6C  362B               	rlcf	(___fladd@b+2)^0,f,c
  2163   000B6E  362C               	rlcf	(___fladd@b+3)^0,f,c
  2164   000B70  AE38               	btfss	___fladd@grs^0,7,c
  2165   000B72  EFBD  F005         	goto	u1201
  2166   000B76  EFBF  F005         	goto	u1200
  2167   000B7A                     u1201:
  2168   000B7A  EFC0  F005         	goto	l1656
  2169   000B7E                     u1200:
  2170   000B7E  8029               	bsf	___fladd@b^0,0,c
  2171   000B80                     l1656:
  2172   000B80  A038               	btfss	___fladd@grs^0,0,c
  2173   000B82  EFC5  F005         	goto	u1211
  2174   000B86  EFC7  F005         	goto	u1210
  2175   000B8A                     u1211:
  2176   000B8A  EFCB  F005         	goto	l1660
  2177   000B8E                     u1210:
  2178   000B8E  80D8               	bsf	status,0,c
  2179   000B90  3638               	rlcf	___fladd@grs^0,f,c
  2180   000B92  EFCD  F005         	goto	l1662
  2181   000B96                     l1660:
  2182   000B96  90D8               	bcf	status,0,c
  2183   000B98  3638               	rlcf	___fladd@grs^0,f,c
  2184   000B9A                     l1662:
  2185   000B9A  5037               	movf	___fladd@bexp^0,w,c
  2186   000B9C  B4D8               	btfsc	status,2,c
  2187   000B9E  EFD3  F005         	goto	u1221
  2188   000BA2  EFD5  F005         	goto	u1220
  2189   000BA6                     u1221:
  2190   000BA6  EFD6  F005         	goto	l1666
  2191   000BAA                     u1220:
  2192   000BAA  0637               	decf	___fladd@bexp^0,f,c
  2193   000BAC                     l1666:
  2194   000BAC  AE2B               	btfss	(___fladd@b+2)^0,7,c
  2195   000BAE  EFDB  F005         	goto	u1231
  2196   000BB2  EFDD  F005         	goto	u1230
  2197   000BB6                     u1231:
  2198   000BB6  EFB3  F005         	goto	l1650
  2199   000BBA                     u1230:
  2200   000BBA                     l1668:
  2201   000BBA  0E00               	movlw	0
  2202   000BBC  6E36               	movwf	___fladd@aexp^0,c
  2203   000BBE  AE38               	btfss	___fladd@grs^0,7,c
  2204   000BC0  EFE4  F005         	goto	u1241
  2205   000BC4  EFE6  F005         	goto	u1240
  2206   000BC8                     u1241:
  2207   000BC8  EFFE  F005         	goto	l705
  2208   000BCC                     u1240:
  2209   000BCC  C038  F031         	movff	___fladd@grs,??___fladd
  2210   000BD0  0E7F               	movlw	127
  2211   000BD2  1631               	andwf	??___fladd^0,f,c
  2212   000BD4  B4D8               	btfsc	status,2,c
  2213   000BD6  EFEF  F005         	goto	u1251
  2214   000BDA  EFF1  F005         	goto	u1250
  2215   000BDE                     u1251:
  2216   000BDE  EFF5  F005         	goto	l706
  2217   000BE2                     u1250:
  2218   000BE2                     l1674:
  2219   000BE2  0E01               	movlw	1
  2220   000BE4  6E36               	movwf	___fladd@aexp^0,c
  2221   000BE6  EFFE  F005         	goto	l705
  2222   000BEA                     l706:
  2223   000BEA  A029               	btfss	___fladd@b^0,0,c
  2224   000BEC  EFFA  F005         	goto	u1261
  2225   000BF0  EFFC  F005         	goto	u1260
  2226   000BF4                     u1261:
  2227   000BF4  EFFE  F005         	goto	l705
  2228   000BF8                     u1260:
  2229   000BF8  EFF1  F005         	goto	l1674
  2230   000BFC                     l705:
  2231   000BFC  5036               	movf	___fladd@aexp^0,w,c
  2232   000BFE  B4D8               	btfsc	status,2,c
  2233   000C00  EF04  F006         	goto	u1271
  2234   000C04  EF06  F006         	goto	u1270
  2235   000C08                     u1271:
  2236   000C08  EF31  F006         	goto	l1686
  2237   000C0C                     u1270:
  2238   000C0C  0E01               	movlw	1
  2239   000C0E  2629               	addwf	___fladd@b^0,f,c
  2240   000C10  0E00               	movlw	0
  2241   000C12  222A               	addwfc	(___fladd@b+1)^0,f,c
  2242   000C14  222B               	addwfc	(___fladd@b+2)^0,f,c
  2243   000C16  222C               	addwfc	(___fladd@b+3)^0,f,c
  2244   000C18  A02C               	btfss	(___fladd@b+3)^0,0,c
  2245   000C1A  EF11  F006         	goto	u1281
  2246   000C1E  EF13  F006         	goto	u1280
  2247   000C22                     u1281:
  2248   000C22  EF31  F006         	goto	l1686
  2249   000C26                     u1280:
  2250   000C26  C029  F031         	movff	___fladd@b,??___fladd
  2251   000C2A  C02A  F032         	movff	___fladd@b+1,??___fladd+1
  2252   000C2E  C02B  F033         	movff	___fladd@b+2,??___fladd+2
  2253   000C32  C02C  F034         	movff	___fladd@b+3,??___fladd+3
  2254   000C36  3434               	rlcf	(??___fladd+3)^0,w,c
  2255   000C38  3234               	rrcf	(??___fladd+3)^0,f,c
  2256   000C3A  3233               	rrcf	(??___fladd+2)^0,f,c
  2257   000C3C  3232               	rrcf	(??___fladd+1)^0,f,c
  2258   000C3E  3231               	rrcf	??___fladd^0,f,c
  2259   000C40  C031  F029         	movff	??___fladd,___fladd@b
  2260   000C44  C032  F02A         	movff	??___fladd+1,___fladd@b+1
  2261   000C48  C033  F02B         	movff	??___fladd+2,___fladd@b+2
  2262   000C4C  C034  F02C         	movff	??___fladd+3,___fladd@b+3
  2263   000C50  2837               	incf	___fladd@bexp^0,w,c
  2264   000C52  B4D8               	btfsc	status,2,c
  2265   000C54  EF2E  F006         	goto	u1291
  2266   000C58  EF30  F006         	goto	u1290
  2267   000C5C                     u1291:
  2268   000C5C  EF31  F006         	goto	l1686
  2269   000C60                     u1290:
  2270   000C60  2A37               	incf	___fladd@bexp^0,f,c
  2271   000C62                     l1686:
  2272   000C62  2837               	incf	___fladd@bexp^0,w,c
  2273   000C64  B4D8               	btfsc	status,2,c
  2274   000C66  EF37  F006         	goto	u1301
  2275   000C6A  EF39  F006         	goto	u1300
  2276   000C6E                     u1301:
  2277   000C6E  EF41  F006         	goto	l1690
  2278   000C72                     u1300:
  2279   000C72  5037               	movf	___fladd@bexp^0,w,c
  2280   000C74  A4D8               	btfss	status,2,c
  2281   000C76  EF3F  F006         	goto	u1311
  2282   000C7A  EF41  F006         	goto	u1310
  2283   000C7E                     u1311:
  2284   000C7E  EF53  F006         	goto	l1694
  2285   000C82                     u1310:
  2286   000C82                     l1690:
  2287   000C82  0E00               	movlw	0
  2288   000C84  6E29               	movwf	___fladd@b^0,c
  2289   000C86  0E00               	movlw	0
  2290   000C88  6E2A               	movwf	(___fladd@b+1)^0,c
  2291   000C8A  0E00               	movlw	0
  2292   000C8C  6E2B               	movwf	(___fladd@b+2)^0,c
  2293   000C8E  0E00               	movlw	0
  2294   000C90  6E2C               	movwf	(___fladd@b+3)^0,c
  2295   000C92  5037               	movf	___fladd@bexp^0,w,c
  2296   000C94  A4D8               	btfss	status,2,c
  2297   000C96  EF4F  F006         	goto	u1321
  2298   000C9A  EF51  F006         	goto	u1320
  2299   000C9E                     u1321:
  2300   000C9E  EF53  F006         	goto	l1694
  2301   000CA2                     u1320:
  2302   000CA2  0E00               	movlw	0
  2303   000CA4  6E35               	movwf	___fladd@signs^0,c
  2304   000CA6                     l1694:
  2305   000CA6  A037               	btfss	___fladd@bexp^0,0,c
  2306   000CA8  EF58  F006         	goto	u1331
  2307   000CAC  EF5A  F006         	goto	u1330
  2308   000CB0                     u1331:
  2309   000CB0  EF5D  F006         	goto	l1698
  2310   000CB4                     u1330:
  2311   000CB4  8E2B               	bsf	(___fladd@b+2)^0,7,c
  2312   000CB6  EF5E  F006         	goto	l1700
  2313   000CBA                     l1698:
  2314   000CBA  9E2B               	bcf	(___fladd@b+2)^0,7,c
  2315   000CBC                     l1700:
  2316   000CBC  90D8               	bcf	status,0,c
  2317   000CBE  3037               	rrcf	___fladd@bexp^0,w,c
  2318   000CC0  6E2C               	movwf	(___fladd@b+3)^0,c
  2319   000CC2  AE35               	btfss	___fladd@signs^0,7,c
  2320   000CC4  EF66  F006         	goto	u1341
  2321   000CC8  EF68  F006         	goto	u1340
  2322   000CCC                     u1341:
  2323   000CCC  EF69  F006         	goto	l1706
  2324   000CD0                     u1340:
  2325   000CD0  8E2C               	bsf	(___fladd@b+3)^0,7,c
  2326   000CD2                     l1706:
  2327   000CD2  C029  F029         	movff	___fladd@b,?___fladd
  2328   000CD6  C02A  F02A         	movff	___fladd@b+1,?___fladd+1
  2329   000CDA  C02B  F02B         	movff	___fladd@b+2,?___fladd+2
  2330   000CDE  C02C  F02C         	movff	___fladd@b+3,?___fladd+3
  2331   000CE2                     l688:
  2332   000CE2  0012               	return		;funcret
  2333   000CE4                     __end_of___fladd:
  2334                           	callstack 0
  2335                           
  2336 ;; *************** function _LCD_DosLineas *****************
  2337 ;; Defined at:
  2338 ;;		line 179 in file "Codigo_Practica6_Parte1.c"
  2339 ;; Parameters:    Size  Location     Type
  2340 ;;  Linea1          1   11[COMRAM] PTR unsigned char 
  2341 ;;		 -> STR_1(15), 
  2342 ;;  Linea2          1   12[COMRAM] PTR unsigned char 
  2343 ;;		 -> STR_2(7), 
  2344 ;; Auto vars:     Size  Location     Type
  2345 ;;		None
  2346 ;; Return value:  Size  Location     Type
  2347 ;;                  1    wreg      void 
  2348 ;; Registers used:
  2349 ;;		wreg, status,2, status,0, tblptrl, tblptrh, tblptru, cstack
  2350 ;; Tracked objects:
  2351 ;;		On entry : 0/0
  2352 ;;		On exit  : 0/0
  2353 ;;		Unchanged: 0/0
  2354 ;; Data sizes:     COMRAM   BANK0   BANK1   BANK2   BANK3   BANK4   BANK5   BANK6   BANK7
  2355 ;;      Params:         2       0       0       0       0       0       0       0       0
  2356 ;;      Locals:         0       0       0       0       0       0       0       0       0
  2357 ;;      Temps:          0       0       0       0       0       0       0       0       0
  2358 ;;      Totals:         2       0       0       0       0       0       0       0       0
  2359 ;;Total ram usage:        2 bytes
  2360 ;; Hardware stack levels used: 1
  2361 ;; Hardware stack levels required when called: 7
  2362 ;; This function calls:
  2363 ;;		_LCD_Comando
  2364 ;;		_LCD_Linea2
  2365 ;;		_LCD_Texto
  2366 ;; This function is called by:
  2367 ;;		_main
  2368 ;; This function uses a non-reentrant model
  2369 ;;
  2370                           
  2371                           	psect	text8
  2372   001720                     __ptext8:
  2373                           	callstack 0
  2374   001720                     _LCD_DosLineas:
  2375                           	callstack 23
  2376   001720                     
  2377                           ;Codigo_Practica6_Parte1.c: 180:     LCD_Comando(0x01);
  2378   001720  0E01               	movlw	1
  2379   001722  ECBD  F00B         	call	_LCD_Comando
  2380   001726                     
  2381                           ;Codigo_Practica6_Parte1.c: 181:     LCD_Texto(Linea1);
  2382   001726  C00C  F008         	movff	LCD_DosLineas@Linea1,LCD_Texto@PALABRA
  2383   00172A  EC0A  F00B         	call	_LCD_Texto	;wreg free
  2384   00172E                     
  2385                           ;Codigo_Practica6_Parte1.c: 182:     LCD_Linea2();
  2386   00172E  ECC3  F00B         	call	_LCD_Linea2	;wreg free
  2387                           
  2388                           ;Codigo_Practica6_Parte1.c: 183:     LCD_Texto(Linea2);
  2389   001732  C00D  F008         	movff	LCD_DosLineas@Linea2,LCD_Texto@PALABRA
  2390   001736  EC0A  F00B         	call	_LCD_Texto	;wreg free
  2391   00173A  0012               	return		;funcret
  2392   00173C                     __end_of_LCD_DosLineas:
  2393                           	callstack 0
  2394                           
  2395 ;; *************** function _LCD_Texto *****************
  2396 ;; Defined at:
  2397 ;;		line 143 in file "Codigo_Practica6_Parte1.c"
  2398 ;; Parameters:    Size  Location     Type
  2399 ;;  PALABRA         1    7[COMRAM] PTR unsigned char 
  2400 ;;		 -> STR_3(11), STR_2(7), STR_1(15), 
  2401 ;; Auto vars:     Size  Location     Type
  2402 ;;  i               2    9[COMRAM] int 
  2403 ;; Return value:  Size  Location     Type
  2404 ;;                  1    wreg      void 
  2405 ;; Registers used:
  2406 ;;		wreg, status,2, status,0, tblptrl, tblptrh, tblptru, cstack
  2407 ;; Tracked objects:
  2408 ;;		On entry : 0/0
  2409 ;;		On exit  : 0/0
  2410 ;;		Unchanged: 0/0
  2411 ;; Data sizes:     COMRAM   BANK0   BANK1   BANK2   BANK3   BANK4   BANK5   BANK6   BANK7
  2412 ;;      Params:         1       0       0       0       0       0       0       0       0
  2413 ;;      Locals:         2       0       0       0       0       0       0       0       0
  2414 ;;      Temps:          1       0       0       0       0       0       0       0       0
  2415 ;;      Totals:         4       0       0       0       0       0       0       0       0
  2416 ;;Total ram usage:        4 bytes
  2417 ;; Hardware stack levels used: 1
  2418 ;; Hardware stack levels required when called: 6
  2419 ;; This function calls:
  2420 ;;		_LCD_Caracter
  2421 ;; This function is called by:
  2422 ;;		_LCD_DosLineas
  2423 ;;		_main
  2424 ;; This function uses a non-reentrant model
  2425 ;;
  2426                           
  2427                           	psect	text9
  2428   001614                     __ptext9:
  2429                           	callstack 0
  2430   001614                     _LCD_Texto:
  2431                           	callstack 24
  2432   001614                     
  2433                           ;Codigo_Practica6_Parte1.c: 146:      for(int i=0; PALABRA[i]; i++){
  2434   001614  0E00               	movlw	0
  2435   001616  6E0B               	movwf	(LCD_Texto@i+1)^0,c
  2436   001618  0E00               	movlw	0
  2437   00161A  6E0A               	movwf	LCD_Texto@i^0,c
  2438   00161C  EF1D  F00B         	goto	l1506
  2439   001620                     l1502:
  2440                           
  2441                           ;Codigo_Practica6_Parte1.c: 147:         LCD_Caracter(PALABRA[i]);
  2442   001620  5008               	movf	LCD_Texto@PALABRA^0,w,c
  2443   001622  240A               	addwf	LCD_Texto@i^0,w,c
  2444   001624  6E09               	movwf	??_LCD_Texto^0,c
  2445   001626  C009  FFF6         	movff	??_LCD_Texto,tblptrl
  2446   00162A                     	if	1	;There is more than 1 active tblptr byte
  2447   00162A  0E08               	movlw	high __smallconst
  2448   00162C  6EF7               	movwf	tblptrh,c
  2449   00162E                     	endif
  2450   00162E                     	if	0	;tblptru may be non-zero
  2451   00162E                     	endif
  2452   00162E                     	if	0	;tblptru may be non-zero
  2453   00162E                     	endif
  2454   00162E  0008               	tblrd		*
  2455   001630  50F5               	movf	tablat,w,c
  2456   001632  ECB7  F00B         	call	_LCD_Caracter
  2457   001636                     
  2458                           ;Codigo_Practica6_Parte1.c: 148:     }
  2459   001636  4A0A               	infsnz	LCD_Texto@i^0,f,c
  2460   001638  2A0B               	incf	(LCD_Texto@i+1)^0,f,c
  2461   00163A                     l1506:
  2462   00163A  5008               	movf	LCD_Texto@PALABRA^0,w,c
  2463   00163C  240A               	addwf	LCD_Texto@i^0,w,c
  2464   00163E  6E09               	movwf	??_LCD_Texto^0,c
  2465   001640  C009  FFF6         	movff	??_LCD_Texto,tblptrl
  2466   001644                     	if	1	;There is more than 1 active tblptr byte
  2467   001644  0E08               	movlw	high __smallconst
  2468   001646  6EF7               	movwf	tblptrh,c
  2469   001648                     	endif
  2470   001648                     	if	0	;tblptru may be non-zero
  2471   001648                     	endif
  2472   001648                     	if	0	;tblptru may be non-zero
  2473   001648                     	endif
  2474   001648  0008               	tblrd		*
  2475   00164A  50F5               	movf	tablat,w,c
  2476   00164C  0900               	iorlw	0
  2477   00164E  A4D8               	btfss	status,2,c
  2478   001650  EF2C  F00B         	goto	u951
  2479   001654  EF2E  F00B         	goto	u950
  2480   001658                     u951:
  2481   001658  EF10  F00B         	goto	l1502
  2482   00165C                     u950:
  2483   00165C  0012               	return		;funcret
  2484   00165E                     __end_of_LCD_Texto:
  2485                           	callstack 0
  2486                           
  2487 ;; *************** function _LCD_Caracter *****************
  2488 ;; Defined at:
  2489 ;;		line 138 in file "Codigo_Practica6_Parte1.c"
  2490 ;; Parameters:    Size  Location     Type
  2491 ;;  dato            1    wreg     unsigned char 
  2492 ;; Auto vars:     Size  Location     Type
  2493 ;;  dato            1    6[COMRAM] unsigned char 
  2494 ;; Return value:  Size  Location     Type
  2495 ;;                  1    wreg      void 
  2496 ;; Registers used:
  2497 ;;		wreg, status,2, status,0, cstack
  2498 ;; Tracked objects:
  2499 ;;		On entry : 0/0
  2500 ;;		On exit  : 0/0
  2501 ;;		Unchanged: 0/0
  2502 ;; Data sizes:     COMRAM   BANK0   BANK1   BANK2   BANK3   BANK4   BANK5   BANK6   BANK7
  2503 ;;      Params:         0       0       0       0       0       0       0       0       0
  2504 ;;      Locals:         1       0       0       0       0       0       0       0       0
  2505 ;;      Temps:          0       0       0       0       0       0       0       0       0
  2506 ;;      Totals:         1       0       0       0       0       0       0       0       0
  2507 ;;Total ram usage:        1 bytes
  2508 ;; Hardware stack levels used: 1
  2509 ;; Hardware stack levels required when called: 5
  2510 ;; This function calls:
  2511 ;;		_TxDato
  2512 ;; This function is called by:
  2513 ;;		_LCD_Texto
  2514 ;; This function uses a non-reentrant model
  2515 ;;
  2516                           
  2517                           	psect	text10
  2518   00176E                     __ptext10:
  2519                           	callstack 0
  2520   00176E                     _LCD_Caracter:
  2521                           	callstack 24
  2522                           
  2523                           ;incstack = 0
  2524                           ;LCD_Caracter@dato stored from wreg
  2525   00176E  6E07               	movwf	LCD_Caracter@dato^0,c
  2526   001770                     
  2527                           ;Codigo_Practica6_Parte1.c: 139:     LATDbits.LATD1 = 1;
  2528   001770  828C               	bsf	140,1,c	;volatile
  2529   001772                     
  2530                           ;Codigo_Practica6_Parte1.c: 140:     TxDato(dato);
  2531   001772  5007               	movf	LCD_Caracter@dato^0,w,c
  2532   001774  EC2E  F00A         	call	_TxDato
  2533   001778  0012               	return		;funcret
  2534   00177A                     __end_of_LCD_Caracter:
  2535                           	callstack 0
  2536                           
  2537 ;; *************** function _LCD_Linea2 *****************
  2538 ;; Defined at:
  2539 ;;		line 173 in file "Codigo_Practica6_Parte1.c"
  2540 ;; Parameters:    Size  Location     Type
  2541 ;;		None
  2542 ;; Auto vars:     Size  Location     Type
  2543 ;;		None
  2544 ;; Return value:  Size  Location     Type
  2545 ;;                  1    wreg      void 
  2546 ;; Registers used:
  2547 ;;		wreg, status,2, status,0, cstack
  2548 ;; Tracked objects:
  2549 ;;		On entry : 0/0
  2550 ;;		On exit  : 0/0
  2551 ;;		Unchanged: 0/0
  2552 ;; Data sizes:     COMRAM   BANK0   BANK1   BANK2   BANK3   BANK4   BANK5   BANK6   BANK7
  2553 ;;      Params:         0       0       0       0       0       0       0       0       0
  2554 ;;      Locals:         0       0       0       0       0       0       0       0       0
  2555 ;;      Temps:          0       0       0       0       0       0       0       0       0
  2556 ;;      Totals:         0       0       0       0       0       0       0       0       0
  2557 ;;Total ram usage:        0 bytes
  2558 ;; Hardware stack levels used: 1
  2559 ;; Hardware stack levels required when called: 6
  2560 ;; This function calls:
  2561 ;;		_LCD_Comando
  2562 ;; This function is called by:
  2563 ;;		_LCD_DosLineas
  2564 ;;		_main
  2565 ;; This function uses a non-reentrant model
  2566 ;;
  2567                           
  2568                           	psect	text11
  2569   001786                     __ptext11:
  2570                           	callstack 0
  2571   001786                     _LCD_Linea2:
  2572                           	callstack 24
  2573   001786                     
  2574                           ;Codigo_Practica6_Parte1.c: 174:     LCD_Comando(0xC0);
  2575   001786  0EC0               	movlw	192
  2576   001788  ECBD  F00B         	call	_LCD_Comando
  2577   00178C  0012               	return		;funcret
  2578   00178E                     __end_of_LCD_Linea2:
  2579                           	callstack 0
  2580                           
  2581 ;; *************** function _InitLCD *****************
  2582 ;; Defined at:
  2583 ;;		line 153 in file "Codigo_Practica6_Parte1.c"
  2584 ;; Parameters:    Size  Location     Type
  2585 ;;		None
  2586 ;; Auto vars:     Size  Location     Type
  2587 ;;		None
  2588 ;; Return value:  Size  Location     Type
  2589 ;;                  1    wreg      void 
  2590 ;; Registers used:
  2591 ;;		wreg, status,2, status,0, cstack
  2592 ;; Tracked objects:
  2593 ;;		On entry : 0/0
  2594 ;;		On exit  : 0/0
  2595 ;;		Unchanged: 0/0
  2596 ;; Data sizes:     COMRAM   BANK0   BANK1   BANK2   BANK3   BANK4   BANK5   BANK6   BANK7
  2597 ;;      Params:         0       0       0       0       0       0       0       0       0
  2598 ;;      Locals:         0       0       0       0       0       0       0       0       0
  2599 ;;      Temps:          0       0       0       0       0       0       0       0       0
  2600 ;;      Totals:         0       0       0       0       0       0       0       0       0
  2601 ;;Total ram usage:        0 bytes
  2602 ;; Hardware stack levels used: 1
  2603 ;; Hardware stack levels required when called: 6
  2604 ;; This function calls:
  2605 ;;		_DelayXms
  2606 ;;		_LCD_Comando
  2607 ;; This function is called by:
  2608 ;;		_main
  2609 ;; This function uses a non-reentrant model
  2610 ;;
  2611                           
  2612                           	psect	text12
  2613   00165E                     __ptext12:
  2614                           	callstack 0
  2615   00165E                     _InitLCD:
  2616                           	callstack 24
  2617   00165E                     
  2618                           ;Codigo_Practica6_Parte1.c: 155:     DelayXms(15);
  2619   00165E  0E00               	movlw	0
  2620   001660  6E05               	movwf	(DelayXms@Milis+1)^0,c
  2621   001662  0E0F               	movlw	15
  2622   001664  6E04               	movwf	DelayXms@Milis^0,c
  2623   001666  EC4E  F00B         	call	_DelayXms	;wreg free
  2624                           
  2625                           ;Codigo_Practica6_Parte1.c: 158:     LCD_Comando(0x33);
  2626   00166A  0E33               	movlw	51
  2627   00166C  ECBD  F00B         	call	_LCD_Comando
  2628                           
  2629                           ;Codigo_Practica6_Parte1.c: 159:     LCD_Comando(0x32);
  2630   001670  0E32               	movlw	50
  2631   001672  ECBD  F00B         	call	_LCD_Comando
  2632                           
  2633                           ;Codigo_Practica6_Parte1.c: 161:     LCD_Comando(0x28);
  2634   001676  0E28               	movlw	40
  2635   001678  ECBD  F00B         	call	_LCD_Comando
  2636                           
  2637                           ;Codigo_Practica6_Parte1.c: 162:     LCD_Comando(0x0C);
  2638   00167C  0E0C               	movlw	12
  2639   00167E  ECBD  F00B         	call	_LCD_Comando
  2640                           
  2641                           ;Codigo_Practica6_Parte1.c: 163:     LCD_Comando(0x06);
  2642   001682  0E06               	movlw	6
  2643   001684  ECBD  F00B         	call	_LCD_Comando
  2644                           
  2645                           ;Codigo_Practica6_Parte1.c: 166:     LCD_Comando(0x01);
  2646   001688  0E01               	movlw	1
  2647   00168A  ECBD  F00B         	call	_LCD_Comando
  2648                           
  2649                           ;Codigo_Practica6_Parte1.c: 168:     DelayXms(5);
  2650   00168E  0E00               	movlw	0
  2651   001690  6E05               	movwf	(DelayXms@Milis+1)^0,c
  2652   001692  0E05               	movlw	5
  2653   001694  6E04               	movwf	DelayXms@Milis^0,c
  2654   001696  EC4E  F00B         	call	_DelayXms	;wreg free
  2655   00169A  0012               	return		;funcret
  2656   00169C                     __end_of_InitLCD:
  2657                           	callstack 0
  2658                           
  2659 ;; *************** function _LCD_Comando *****************
  2660 ;; Defined at:
  2661 ;;		line 130 in file "Codigo_Practica6_Parte1.c"
  2662 ;; Parameters:    Size  Location     Type
  2663 ;;  cmd             1    wreg     unsigned char 
  2664 ;; Auto vars:     Size  Location     Type
  2665 ;;  cmd             1    6[COMRAM] unsigned char 
  2666 ;; Return value:  Size  Location     Type
  2667 ;;                  1    wreg      void 
  2668 ;; Registers used:
  2669 ;;		wreg, status,2, status,0, cstack
  2670 ;; Tracked objects:
  2671 ;;		On entry : 0/0
  2672 ;;		On exit  : 0/0
  2673 ;;		Unchanged: 0/0
  2674 ;; Data sizes:     COMRAM   BANK0   BANK1   BANK2   BANK3   BANK4   BANK5   BANK6   BANK7
  2675 ;;      Params:         0       0       0       0       0       0       0       0       0
  2676 ;;      Locals:         1       0       0       0       0       0       0       0       0
  2677 ;;      Temps:          0       0       0       0       0       0       0       0       0
  2678 ;;      Totals:         1       0       0       0       0       0       0       0       0
  2679 ;;Total ram usage:        1 bytes
  2680 ;; Hardware stack levels used: 1
  2681 ;; Hardware stack levels required when called: 5
  2682 ;; This function calls:
  2683 ;;		_TxDato
  2684 ;; This function is called by:
  2685 ;;		_InitLCD
  2686 ;;		_LCD_Linea2
  2687 ;;		_LCD_DosLineas
  2688 ;;		_main
  2689 ;; This function uses a non-reentrant model
  2690 ;;
  2691                           
  2692                           	psect	text13
  2693   00177A                     __ptext13:
  2694                           	callstack 0
  2695   00177A                     _LCD_Comando:
  2696                           	callstack 24
  2697                           
  2698                           ;incstack = 0
  2699                           ;LCD_Comando@cmd stored from wreg
  2700   00177A  6E07               	movwf	LCD_Comando@cmd^0,c
  2701   00177C                     
  2702                           ;Codigo_Practica6_Parte1.c: 132:     LATDbits.LATD1 = 0;
  2703   00177C  928C               	bcf	140,1,c	;volatile
  2704   00177E                     
  2705                           ;Codigo_Practica6_Parte1.c: 133:     TxDato(cmd);
  2706   00177E  5007               	movf	LCD_Comando@cmd^0,w,c
  2707   001780  EC2E  F00A         	call	_TxDato
  2708   001784  0012               	return		;funcret
  2709   001786                     __end_of_LCD_Comando:
  2710                           	callstack 0
  2711                           
  2712 ;; *************** function _TxDato *****************
  2713 ;; Defined at:
  2714 ;;		line 102 in file "Codigo_Practica6_Parte1.c"
  2715 ;; Parameters:    Size  Location     Type
  2716 ;;  dato            1    wreg     unsigned char 
  2717 ;; Auto vars:     Size  Location     Type
  2718 ;;  dato            1    5[COMRAM] unsigned char 
  2719 ;; Return value:  Size  Location     Type
  2720 ;;                  1    wreg      void 
  2721 ;; Registers used:
  2722 ;;		wreg, status,2, status,0, cstack
  2723 ;; Tracked objects:
  2724 ;;		On entry : 0/0
  2725 ;;		On exit  : 0/0
  2726 ;;		Unchanged: 0/0
  2727 ;; Data sizes:     COMRAM   BANK0   BANK1   BANK2   BANK3   BANK4   BANK5   BANK6   BANK7
  2728 ;;      Params:         0       0       0       0       0       0       0       0       0
  2729 ;;      Locals:         1       0       0       0       0       0       0       0       0
  2730 ;;      Temps:          2       0       0       0       0       0       0       0       0
  2731 ;;      Totals:         3       0       0       0       0       0       0       0       0
  2732 ;;Total ram usage:        3 bytes
  2733 ;; Hardware stack levels used: 1
  2734 ;; Hardware stack levels required when called: 4
  2735 ;; This function calls:
  2736 ;;		_BitEN
  2737 ;;		_Delay1ms
  2738 ;; This function is called by:
  2739 ;;		_LCD_Comando
  2740 ;;		_LCD_Caracter
  2741 ;; This function uses a non-reentrant model
  2742 ;;
  2743                           
  2744                           	psect	text14
  2745   00145C                     __ptext14:
  2746                           	callstack 0
  2747   00145C                     _TxDato:
  2748                           	callstack 24
  2749                           
  2750                           ;incstack = 0
  2751                           ;TxDato@dato stored from wreg
  2752   00145C  6E06               	movwf	TxDato@dato^0,c
  2753   00145E                     
  2754                           ;Codigo_Practica6_Parte1.c: 112:     LATAbits.LATA1 = (dato & 0x10)>>4;
  2755   00145E  C006  F004         	movff	TxDato@dato,??_TxDato
  2756   001462  3A04               	swapf	??_TxDato^0,f,c
  2757   001464  0E0F               	movlw	15
  2758   001466  1604               	andwf	??_TxDato^0,f,c
  2759   001468  0E01               	movlw	1
  2760   00146A  1604               	andwf	??_TxDato^0,f,c
  2761   00146C  4604               	rlncf	??_TxDato^0,f,c
  2762   00146E  5089               	movf	137,w,c	;volatile
  2763   001470  1804               	xorwf	??_TxDato^0,w,c
  2764   001472  0BFD               	andlw	-3
  2765   001474  1804               	xorwf	??_TxDato^0,w,c
  2766   001476  6E89               	movwf	137,c	;volatile
  2767                           
  2768                           ;Codigo_Practica6_Parte1.c: 113:     LATAbits.LATA2 = (dato & 0x20)>>5;
  2769   001478  C006  F004         	movff	TxDato@dato,??_TxDato
  2770   00147C  0E05               	movlw	5
  2771   00147E  6E05               	movwf	(??_TxDato+1)^0,c
  2772   001480                     u25:
  2773   001480  90D8               	bcf	status,0,c
  2774   001482  3204               	rrcf	??_TxDato^0,f,c
  2775   001484  2E05               	decfsz	(??_TxDato+1)^0,f,c
  2776   001486  EF40  F00A         	goto	u25
  2777   00148A  0E01               	movlw	1
  2778   00148C  1604               	andwf	??_TxDato^0,f,c
  2779   00148E  4604               	rlncf	??_TxDato^0,f,c
  2780   001490  4604               	rlncf	??_TxDato^0,f,c
  2781   001492  5089               	movf	137,w,c	;volatile
  2782   001494  1804               	xorwf	??_TxDato^0,w,c
  2783   001496  0BFB               	andlw	-5
  2784   001498  1804               	xorwf	??_TxDato^0,w,c
  2785   00149A  6E89               	movwf	137,c	;volatile
  2786                           
  2787                           ;Codigo_Practica6_Parte1.c: 114:     LATAbits.LATA3 = (dato & 0x40)>>6;
  2788   00149C  C006  F004         	movff	TxDato@dato,??_TxDato
  2789   0014A0  0E06               	movlw	6
  2790   0014A2  6E05               	movwf	(??_TxDato+1)^0,c
  2791   0014A4                     u35:
  2792   0014A4  90D8               	bcf	status,0,c
  2793   0014A6  3204               	rrcf	??_TxDato^0,f,c
  2794   0014A8  2E05               	decfsz	(??_TxDato+1)^0,f,c
  2795   0014AA  EF52  F00A         	goto	u35
  2796   0014AE  0E01               	movlw	1
  2797   0014B0  1604               	andwf	??_TxDato^0,f,c
  2798   0014B2  4604               	rlncf	??_TxDato^0,f,c
  2799   0014B4  4604               	rlncf	??_TxDato^0,f,c
  2800   0014B6  4604               	rlncf	??_TxDato^0,f,c
  2801   0014B8  5089               	movf	137,w,c	;volatile
  2802   0014BA  1804               	xorwf	??_TxDato^0,w,c
  2803   0014BC  0BF7               	andlw	-9
  2804   0014BE  1804               	xorwf	??_TxDato^0,w,c
  2805   0014C0  6E89               	movwf	137,c	;volatile
  2806                           
  2807                           ;Codigo_Practica6_Parte1.c: 115:     LATAbits.LATA4 = (dato & 0x80)>>7;
  2808   0014C2  6A04               	clrf	??_TxDato^0,c
  2809   0014C4  AE06               	btfss	TxDato@dato^0,7,c
  2810   0014C6  D001               	bra	u45
  2811   0014C8  2A04               	incf	??_TxDato^0,f,c
  2812   0014CA                     u45:
  2813   0014CA  0E01               	movlw	1
  2814   0014CC  1604               	andwf	??_TxDato^0,f,c
  2815   0014CE  3A04               	swapf	??_TxDato^0,f,c
  2816   0014D0  5089               	movf	137,w,c	;volatile
  2817   0014D2  1804               	xorwf	??_TxDato^0,w,c
  2818   0014D4  0BEF               	andlw	-17
  2819   0014D6  1804               	xorwf	??_TxDato^0,w,c
  2820   0014D8  6E89               	movwf	137,c	;volatile
  2821   0014DA                     
  2822                           ;Codigo_Practica6_Parte1.c: 117:     BitEN();
  2823   0014DA  ECB0  F00B         	call	_BitEN	;wreg free
  2824   0014DE                     
  2825                           ;Codigo_Practica6_Parte1.c: 119:     LATAbits.LATA1 = (dato & 0x01);
  2826   0014DE  C006  F004         	movff	TxDato@dato,??_TxDato
  2827   0014E2  0E01               	movlw	1
  2828   0014E4  1604               	andwf	??_TxDato^0,f,c
  2829   0014E6  4604               	rlncf	??_TxDato^0,f,c
  2830   0014E8  5089               	movf	137,w,c	;volatile
  2831   0014EA  1804               	xorwf	??_TxDato^0,w,c
  2832   0014EC  0BFD               	andlw	-3
  2833   0014EE  1804               	xorwf	??_TxDato^0,w,c
  2834   0014F0  6E89               	movwf	137,c	;volatile
  2835   0014F2                     
  2836                           ;Codigo_Practica6_Parte1.c: 120:     LATAbits.LATA2 = (dato & 0x02)>>1;
  2837   0014F2  C006  F004         	movff	TxDato@dato,??_TxDato
  2838   0014F6  90D8               	bcf	status,0,c
  2839   0014F8  3204               	rrcf	??_TxDato^0,f,c
  2840   0014FA  0E01               	movlw	1
  2841   0014FC  1604               	andwf	??_TxDato^0,f,c
  2842   0014FE  4604               	rlncf	??_TxDato^0,f,c
  2843   001500  4604               	rlncf	??_TxDato^0,f,c
  2844   001502  5089               	movf	137,w,c	;volatile
  2845   001504  1804               	xorwf	??_TxDato^0,w,c
  2846   001506  0BFB               	andlw	-5
  2847   001508  1804               	xorwf	??_TxDato^0,w,c
  2848   00150A  6E89               	movwf	137,c	;volatile
  2849   00150C                     
  2850                           ;Codigo_Practica6_Parte1.c: 121:     LATAbits.LATA3 = (dato & 0x04)>>2;
  2851   00150C  C006  F004         	movff	TxDato@dato,??_TxDato
  2852   001510  90D8               	bcf	status,0,c
  2853   001512  3204               	rrcf	??_TxDato^0,f,c
  2854   001514  90D8               	bcf	status,0,c
  2855   001516  3204               	rrcf	??_TxDato^0,f,c
  2856   001518  0E01               	movlw	1
  2857   00151A  1604               	andwf	??_TxDato^0,f,c
  2858   00151C  4604               	rlncf	??_TxDato^0,f,c
  2859   00151E  4604               	rlncf	??_TxDato^0,f,c
  2860   001520  4604               	rlncf	??_TxDato^0,f,c
  2861   001522  5089               	movf	137,w,c	;volatile
  2862   001524  1804               	xorwf	??_TxDato^0,w,c
  2863   001526  0BF7               	andlw	-9
  2864   001528  1804               	xorwf	??_TxDato^0,w,c
  2865   00152A  6E89               	movwf	137,c	;volatile
  2866   00152C                     
  2867                           ;Codigo_Practica6_Parte1.c: 122:     LATAbits.LATA4 = (dato & 0x08)>>3;
  2868   00152C  C006  F004         	movff	TxDato@dato,??_TxDato
  2869   001530  90D8               	bcf	status,0,c
  2870   001532  3204               	rrcf	??_TxDato^0,f,c
  2871   001534  90D8               	bcf	status,0,c
  2872   001536  3204               	rrcf	??_TxDato^0,f,c
  2873   001538  90D8               	bcf	status,0,c
  2874   00153A  3204               	rrcf	??_TxDato^0,f,c
  2875   00153C  0E01               	movlw	1
  2876   00153E  1604               	andwf	??_TxDato^0,f,c
  2877   001540  3A04               	swapf	??_TxDato^0,f,c
  2878   001542  5089               	movf	137,w,c	;volatile
  2879   001544  1804               	xorwf	??_TxDato^0,w,c
  2880   001546  0BEF               	andlw	-17
  2881   001548  1804               	xorwf	??_TxDato^0,w,c
  2882   00154A  6E89               	movwf	137,c	;volatile
  2883   00154C                     
  2884                           ;Codigo_Practica6_Parte1.c: 124:     BitEN();
  2885   00154C  ECB0  F00B         	call	_BitEN	;wreg free
  2886   001550                     
  2887                           ;Codigo_Practica6_Parte1.c: 125:     Delay1ms();
  2888   001550  EC68  F00B         	call	_Delay1ms	;wreg free
  2889   001554  0012               	return		;funcret
  2890   001556                     __end_of_TxDato:
  2891                           	callstack 0
  2892                           
  2893 ;; *************** function _BitEN *****************
  2894 ;; Defined at:
  2895 ;;		line 92 in file "Codigo_Practica6_Parte1.c"
  2896 ;; Parameters:    Size  Location     Type
  2897 ;;		None
  2898 ;; Auto vars:     Size  Location     Type
  2899 ;;		None
  2900 ;; Return value:  Size  Location     Type
  2901 ;;                  1    wreg      void 
  2902 ;; Registers used:
  2903 ;;		wreg, status,2, status,0, cstack
  2904 ;; Tracked objects:
  2905 ;;		On entry : 0/0
  2906 ;;		On exit  : 0/0
  2907 ;;		Unchanged: 0/0
  2908 ;; Data sizes:     COMRAM   BANK0   BANK1   BANK2   BANK3   BANK4   BANK5   BANK6   BANK7
  2909 ;;      Params:         0       0       0       0       0       0       0       0       0
  2910 ;;      Locals:         0       0       0       0       0       0       0       0       0
  2911 ;;      Temps:          0       0       0       0       0       0       0       0       0
  2912 ;;      Totals:         0       0       0       0       0       0       0       0       0
  2913 ;;Total ram usage:        0 bytes
  2914 ;; Hardware stack levels used: 1
  2915 ;; Hardware stack levels required when called: 3
  2916 ;; This function calls:
  2917 ;;		_Delay1ms
  2918 ;; This function is called by:
  2919 ;;		_TxDato
  2920 ;; This function uses a non-reentrant model
  2921 ;;
  2922                           
  2923                           	psect	text15
  2924   001760                     __ptext15:
  2925                           	callstack 0
  2926   001760                     _BitEN:
  2927                           	callstack 24
  2928   001760                     
  2929                           ;Codigo_Practica6_Parte1.c: 94:     LATDbits.LATD2 = 1;
  2930   001760  848C               	bsf	140,2,c	;volatile
  2931   001762                     
  2932                           ;Codigo_Practica6_Parte1.c: 95:     Delay1ms();
  2933   001762  EC68  F00B         	call	_Delay1ms	;wreg free
  2934   001766                     
  2935                           ;Codigo_Practica6_Parte1.c: 96:     LATDbits.LATD2 = 0;
  2936   001766  948C               	bcf	140,2,c	;volatile
  2937                           
  2938                           ;Codigo_Practica6_Parte1.c: 97:     Delay1ms();
  2939   001768  EC68  F00B         	call	_Delay1ms	;wreg free
  2940   00176C  0012               	return		;funcret
  2941   00176E                     __end_of_BitEN:
  2942                           	callstack 0
  2943                           
  2944 ;; *************** function _DelayXms *****************
  2945 ;; Defined at:
  2946 ;;		line 84 in file "Codigo_Practica6_Parte1.c"
  2947 ;; Parameters:    Size  Location     Type
  2948 ;;  Milis           2    3[COMRAM] int 
  2949 ;; Auto vars:     Size  Location     Type
  2950 ;;  i               2    6[COMRAM] int 
  2951 ;; Return value:  Size  Location     Type
  2952 ;;                  1    wreg      void 
  2953 ;; Registers used:
  2954 ;;		wreg, status,2, status,0, cstack
  2955 ;; Tracked objects:
  2956 ;;		On entry : 0/0
  2957 ;;		On exit  : 0/0
  2958 ;;		Unchanged: 0/0
  2959 ;; Data sizes:     COMRAM   BANK0   BANK1   BANK2   BANK3   BANK4   BANK5   BANK6   BANK7
  2960 ;;      Params:         2       0       0       0       0       0       0       0       0
  2961 ;;      Locals:         2       0       0       0       0       0       0       0       0
  2962 ;;      Temps:          1       0       0       0       0       0       0       0       0
  2963 ;;      Totals:         5       0       0       0       0       0       0       0       0
  2964 ;;Total ram usage:        5 bytes
  2965 ;; Hardware stack levels used: 1
  2966 ;; Hardware stack levels required when called: 3
  2967 ;; This function calls:
  2968 ;;		_Delay1ms
  2969 ;; This function is called by:
  2970 ;;		_InitLCD
  2971 ;;		_main
  2972 ;;		_LeerTeclado
  2973 ;; This function uses a non-reentrant model
  2974 ;;
  2975                           
  2976                           	psect	text16
  2977   00169C                     __ptext16:
  2978                           	callstack 0
  2979   00169C                     _DelayXms:
  2980                           	callstack 26
  2981   00169C                     
  2982                           ;Codigo_Practica6_Parte1.c: 85:     for (int i = 0; i <= Milis; i++) {
  2983   00169C  0E00               	movlw	0
  2984   00169E  6E08               	movwf	(DelayXms@i+1)^0,c
  2985   0016A0  0E00               	movlw	0
  2986   0016A2  6E07               	movwf	DelayXms@i^0,c
  2987   0016A4  EF58  F00B         	goto	l1498
  2988   0016A8                     l1494:
  2989                           
  2990                           ;Codigo_Practica6_Parte1.c: 86:         Delay1ms();
  2991   0016A8  EC68  F00B         	call	_Delay1ms	;wreg free
  2992   0016AC                     
  2993                           ;Codigo_Practica6_Parte1.c: 87:     }
  2994   0016AC  4A07               	infsnz	DelayXms@i^0,f,c
  2995   0016AE  2A08               	incf	(DelayXms@i+1)^0,f,c
  2996   0016B0                     l1498:
  2997   0016B0  5007               	movf	DelayXms@i^0,w,c
  2998   0016B2  5C04               	subwf	DelayXms@Milis^0,w,c
  2999   0016B4  5005               	movf	(DelayXms@Milis+1)^0,w,c
  3000   0016B6  0A80               	xorlw	128
  3001   0016B8  6E06               	movwf	??_DelayXms^0,c
  3002   0016BA  5008               	movf	(DelayXms@i+1)^0,w,c
  3003   0016BC  0A80               	xorlw	128
  3004   0016BE  5806               	subwfb	??_DelayXms^0,w,c
  3005   0016C0  B0D8               	btfsc	status,0,c
  3006   0016C2  EF65  F00B         	goto	u941
  3007   0016C6  EF67  F00B         	goto	u940
  3008   0016CA                     u941:
  3009   0016CA  EF54  F00B         	goto	l1494
  3010   0016CE                     u940:
  3011   0016CE  0012               	return		;funcret
  3012   0016D0                     __end_of_DelayXms:
  3013                           	callstack 0
  3014                           
  3015 ;; *************** function _Delay1ms *****************
  3016 ;; Defined at:
  3017 ;;		line 79 in file "Codigo_Practica6_Parte1.c"
  3018 ;; Parameters:    Size  Location     Type
  3019 ;;		None
  3020 ;; Auto vars:     Size  Location     Type
  3021 ;;  veces           2    1[COMRAM] int 
  3022 ;; Return value:  Size  Location     Type
  3023 ;;                  1    wreg      void 
  3024 ;; Registers used:
  3025 ;;		wreg, status,2, status,0
  3026 ;; Tracked objects:
  3027 ;;		On entry : 0/0
  3028 ;;		On exit  : 0/0
  3029 ;;		Unchanged: 0/0
  3030 ;; Data sizes:     COMRAM   BANK0   BANK1   BANK2   BANK3   BANK4   BANK5   BANK6   BANK7
  3031 ;;      Params:         0       0       0       0       0       0       0       0       0
  3032 ;;      Locals:         2       0       0       0       0       0       0       0       0
  3033 ;;      Temps:          0       0       0       0       0       0       0       0       0
  3034 ;;      Totals:         2       0       0       0       0       0       0       0       0
  3035 ;;Total ram usage:        2 bytes
  3036 ;; Hardware stack levels used: 1
  3037 ;; Hardware stack levels required when called: 2
  3038 ;; This function calls:
  3039 ;;		Nothing
  3040 ;; This function is called by:
  3041 ;;		_DelayXms
  3042 ;;		_BitEN
  3043 ;;		_TxDato
  3044 ;; This function uses a non-reentrant model
  3045 ;;
  3046                           
  3047                           	psect	text17
  3048   0016D0                     __ptext17:
  3049                           	callstack 0
  3050   0016D0                     _Delay1ms:
  3051                           	callstack 25
  3052   0016D0                     
  3053                           ;Codigo_Practica6_Parte1.c: 80:     int veces;;Codigo_Practica6_Parte1.c: 81:     for (v
      +                          eces = 0; veces <= 860; veces++);
  3054   0016D0  0E00               	movlw	0
  3055   0016D2  6E03               	movwf	(Delay1ms@veces+1)^0,c
  3056   0016D4  0E00               	movlw	0
  3057   0016D6  6E02               	movwf	Delay1ms@veces^0,c
  3058   0016D8                     l830:
  3059   0016D8  4A02               	infsnz	Delay1ms@veces^0,f,c
  3060   0016DA  2A03               	incf	(Delay1ms@veces+1)^0,f,c
  3061   0016DC  BE03               	btfsc	(Delay1ms@veces+1)^0,7,c
  3062   0016DE  EF7A  F00B         	goto	u11
  3063   0016E2  0E5D               	movlw	93
  3064   0016E4  5C02               	subwf	Delay1ms@veces^0,w,c
  3065   0016E6  0E03               	movlw	3
  3066   0016E8  5803               	subwfb	(Delay1ms@veces+1)^0,w,c
  3067   0016EA  A0D8               	btfss	status,0,c
  3068   0016EC  EF7A  F00B         	goto	u11
  3069   0016F0  EF7C  F00B         	goto	u10
  3070   0016F4                     u11:
  3071   0016F4  EF6C  F00B         	goto	l830
  3072   0016F8                     u10:
  3073   0016F8  0012               	return		;funcret
  3074   0016FA                     __end_of_Delay1ms:
  3075                           	callstack 0
  3076                           
  3077 ;; *************** function _MyLowPriorityIsr *****************
  3078 ;; Defined at:
  3079 ;;		line 341 in file "Codigo_Practica6_Parte1.c"
  3080 ;; Parameters:    Size  Location     Type
  3081 ;;		None
  3082 ;; Auto vars:     Size  Location     Type
  3083 ;;		None
  3084 ;; Return value:  Size  Location     Type
  3085 ;;                  1    wreg      void 
  3086 ;; Registers used:
  3087 ;;		None
  3088 ;; Tracked objects:
  3089 ;;		On entry : 0/0
  3090 ;;		On exit  : 0/0
  3091 ;;		Unchanged: 0/0
  3092 ;; Data sizes:     COMRAM   BANK0   BANK1   BANK2   BANK3   BANK4   BANK5   BANK6   BANK7
  3093 ;;      Params:         0       0       0       0       0       0       0       0       0
  3094 ;;      Locals:         0       0       0       0       0       0       0       0       0
  3095 ;;      Temps:          1       0       0       0       0       0       0       0       0
  3096 ;;      Totals:         1       0       0       0       0       0       0       0       0
  3097 ;;Total ram usage:        1 bytes
  3098 ;; Hardware stack levels used: 1
  3099 ;; Hardware stack levels required when called: 1
  3100 ;; This function calls:
  3101 ;;		Nothing
  3102 ;; This function is called by:
  3103 ;;		Interrupt level 1
  3104 ;; This function uses a non-reentrant model
  3105 ;;
  3106                           
  3107                           	psect	intcodelo
  3108   000018                     __pintcodelo:
  3109                           	callstack 0
  3110   000018                     _MyLowPriorityIsr:
  3111                           	callstack 23
  3112                           
  3113                           ;incstack = 0
  3114   000018  804A               	bsf	int$flags,0,c	;set compiler interrupt flag (level 1)
  3115   00001A  CFE0 F001          	movff	bsr,??_MyLowPriorityIsr
  3116   00001E  C001  FFE0         	movff	??_MyLowPriorityIsr,bsr
  3117   000022  904A               	bcf	int$flags,0,c	;clear compiler interrupt flag (level 1)
  3118   000024  0010               	retfie	
  3119   000026                     __end_of_MyLowPriorityIsr:
  3120                           	callstack 0
  3121                           
  3122 ;; *************** function _MyHighPriorityIsr *****************
  3123 ;; Defined at:
  3124 ;;		line 335 in file "Codigo_Practica6_Parte1.c"
  3125 ;; Parameters:    Size  Location     Type
  3126 ;;		None
  3127 ;; Auto vars:     Size  Location     Type
  3128 ;;		None
  3129 ;; Return value:  Size  Location     Type
  3130 ;;                  1    wreg      void 
  3131 ;; Registers used:
  3132 ;;		None
  3133 ;; Tracked objects:
  3134 ;;		On entry : 0/0
  3135 ;;		On exit  : 0/0
  3136 ;;		Unchanged: 0/0
  3137 ;; Data sizes:     COMRAM   BANK0   BANK1   BANK2   BANK3   BANK4   BANK5   BANK6   BANK7
  3138 ;;      Params:         0       0       0       0       0       0       0       0       0
  3139 ;;      Locals:         0       0       0       0       0       0       0       0       0
  3140 ;;      Temps:          0       0       0       0       0       0       0       0       0
  3141 ;;      Totals:         0       0       0       0       0       0       0       0       0
  3142 ;;Total ram usage:        0 bytes
  3143 ;; Hardware stack levels used: 1
  3144 ;; This function calls:
  3145 ;;		Nothing
  3146 ;; This function is called by:
  3147 ;;		Interrupt level 2
  3148 ;; This function uses a non-reentrant model
  3149 ;;
  3150                           
  3151                           	psect	intcode
  3152   000008                     __pintcode:
  3153                           	callstack 0
  3154   000008                     _MyHighPriorityIsr:
  3155                           	callstack 23
  3156                           
  3157                           ;incstack = 0
  3158   000008  824A               	bsf	int$flags,1,c	;set compiler interrupt flag (level 2)
  3159   00000A  EDC7  F00B         	call	int_func,f	;refresh shadow registers
  3160                           
  3161                           	psect	intcode_body
  3162   00178E                     __pintcode_body:
  3163                           	callstack 23
  3164   00178E                     int_func:
  3165                           	callstack 23
  3166   00178E  0006               	pop		; remove dummy address from shadow register refresh
  3167   001790                     
  3168                           ;Codigo_Practica6_Parte1.c: 337:     PIR1bits.TMR2IF = 0;
  3169   001790  929E               	bcf	158,1,c	;volatile
  3170   001792  924A               	bcf	int$flags,1,c	;clear compiler interrupt flag (level 2)
  3171   001794  0011               	retfie		f
  3172   001796                     __end_of_MyHighPriorityIsr:
  3173                           	callstack 0
  3174                           
  3175                           	psect	rparam
  3176   000000                     
  3177                           	psect	temp
  3178   00004A                     btemp:
  3179                           	callstack 0
  3180   00004A                     	ds	1
  3181   000000                     int$flags	set	btemp
  3182   000000                     wtemp8	set	btemp+1
  3183   000000                     ttemp5	set	btemp+1
  3184   000000                     ttemp6	set	btemp+4
  3185   000000                     ttemp7	set	btemp+8
  3186                           
  3187                           	psect	idloc
  3188                           
  3189                           ;Config register IDLOC0 @ 0x200000
  3190                           ;	unspecified, using default values
  3191   200000                     	org	2097152
  3192   200000  FF                 	db	255
  3193                           
  3194                           ;Config register IDLOC1 @ 0x200001
  3195                           ;	unspecified, using default values
  3196   200001                     	org	2097153
  3197   200001  FF                 	db	255
  3198                           
  3199                           ;Config register IDLOC2 @ 0x200002
  3200                           ;	unspecified, using default values
  3201   200002                     	org	2097154
  3202   200002  FF                 	db	255
  3203                           
  3204                           ;Config register IDLOC3 @ 0x200003
  3205                           ;	unspecified, using default values
  3206   200003                     	org	2097155
  3207   200003  FF                 	db	255
  3208                           
  3209                           ;Config register IDLOC4 @ 0x200004
  3210                           ;	unspecified, using default values
  3211   200004                     	org	2097156
  3212   200004  FF                 	db	255
  3213                           
  3214                           ;Config register IDLOC5 @ 0x200005
  3215                           ;	unspecified, using default values
  3216   200005                     	org	2097157
  3217   200005  FF                 	db	255
  3218                           
  3219                           ;Config register IDLOC6 @ 0x200006
  3220                           ;	unspecified, using default values
  3221   200006                     	org	2097158
  3222   200006  FF                 	db	255
  3223                           
  3224                           ;Config register IDLOC7 @ 0x200007
  3225                           ;	unspecified, using default values
  3226   200007                     	org	2097159
  3227   200007  FF                 	db	255
  3228                           
  3229                           	psect	config
  3230                           
  3231                           ;Config register CONFIG1L @ 0x300000
  3232                           ;	PLL Prescaler Selection bits
  3233                           ;	PLLDIV = 5, Divide by 5 (20 MHz oscillator input)
  3234                           ;	System Clock Postscaler Selection bits
  3235                           ;	CPUDIV = OSC1_PLL2, [Primary Oscillator Src: /1][96 MHz PLL Src: /2]
  3236                           ;	USB Clock Selection bit (used in Full-Speed USB mode only; UCFG:FSEN = 1)
  3237                           ;	USBDIV = 1, USB clock source comes directly from the primary oscillator block with no 
      +                          postscale
  3238   300000                     	org	3145728
  3239   300000  04                 	db	4
  3240                           
  3241                           ;Config register CONFIG1H @ 0x300001
  3242                           ;	Oscillator Selection bits
  3243                           ;	FOSC = HSPLL_HS, HS oscillator, PLL enabled (HSPLL)
  3244                           ;	Fail-Safe Clock Monitor Enable bit
  3245                           ;	FCMEN = OFF, Fail-Safe Clock Monitor disabled
  3246                           ;	Internal/External Oscillator Switchover bit
  3247                           ;	IESO = OFF, Oscillator Switchover mode disabled
  3248   300001                     	org	3145729
  3249   300001  0E                 	db	14
  3250                           
  3251                           ;Config register CONFIG2L @ 0x300002
  3252                           ;	Power-up Timer Enable bit
  3253                           ;	PWRT = ON, PWRT enabled
  3254                           ;	Brown-out Reset Enable bits
  3255                           ;	BOR = ON, Brown-out Reset enabled in hardware only (SBOREN is disabled)
  3256                           ;	Brown-out Reset Voltage bits
  3257                           ;	BORV = 3, Minimum setting 2.05V
  3258                           ;	USB Voltage Regulator Enable bit
  3259                           ;	VREGEN = OFF, USB voltage regulator disabled
  3260   300002                     	org	3145730
  3261   300002  1E                 	db	30
  3262                           
  3263                           ;Config register CONFIG2H @ 0x300003
  3264                           ;	Watchdog Timer Enable bit
  3265                           ;	WDT = OFF, WDT disabled (control is placed on the SWDTEN bit)
  3266                           ;	Watchdog Timer Postscale Select bits
  3267                           ;	WDTPS = 32768, 1:32768
  3268   300003                     	org	3145731
  3269   300003  1E                 	db	30
  3270                           
  3271                           ; Padding undefined space
  3272   300004                     	org	3145732
  3273   300004  FF                 	db	255
  3274                           
  3275                           ;Config register CONFIG3H @ 0x300005
  3276                           ;	CCP2 MUX bit
  3277                           ;	CCP2MX = ON, CCP2 input/output is multiplexed with RC1
  3278                           ;	PORTB A/D Enable bit
  3279                           ;	PBADEN = OFF, PORTB<4:0> pins are configured as digital I/O on Reset
  3280                           ;	Low-Power Timer 1 Oscillator Enable bit
  3281                           ;	LPT1OSC = OFF, Timer1 configured for higher power operation
  3282                           ;	MCLR Pin Enable bit
  3283                           ;	MCLRE = ON, MCLR pin enabled; RE3 input pin disabled
  3284   300005                     	org	3145733
  3285   300005  81                 	db	129
  3286                           
  3287                           ;Config register CONFIG4L @ 0x300006
  3288                           ;	Stack Full/Underflow Reset Enable bit
  3289                           ;	STVREN = ON, Stack full/underflow will cause Reset
  3290                           ;	Single-Supply ICSP Enable bit
  3291                           ;	LVP = OFF, Single-Supply ICSP disabled
  3292                           ;	Dedicated In-Circuit Debug/Programming Port (ICPORT) Enable bit
  3293                           ;	ICPRT = OFF, ICPORT disabled
  3294                           ;	Extended Instruction Set Enable bit
  3295                           ;	XINST = OFF, Instruction set extension and Indexed Addressing mode disabled (Legacy mo
      +                          de)
  3296                           ;	Background Debugger Enable bit
  3297                           ;	DEBUG = 0x1, unprogrammed default
  3298   300006                     	org	3145734
  3299   300006  81                 	db	129
  3300                           
  3301                           ; Padding undefined space
  3302   300007                     	org	3145735
  3303   300007  FF                 	db	255
  3304                           
  3305                           ;Config register CONFIG5L @ 0x300008
  3306                           ;	Code Protection bit
  3307                           ;	CP0 = OFF, Block 0 (000800-001FFFh) is not code-protected
  3308                           ;	Code Protection bit
  3309                           ;	CP1 = OFF, Block 1 (002000-003FFFh) is not code-protected
  3310                           ;	Code Protection bit
  3311                           ;	CP2 = OFF, Block 2 (004000-005FFFh) is not code-protected
  3312                           ;	Code Protection bit
  3313                           ;	CP3 = OFF, Block 3 (006000-007FFFh) is not code-protected
  3314   300008                     	org	3145736
  3315   300008  0F                 	db	15
  3316                           
  3317                           ;Config register CONFIG5H @ 0x300009
  3318                           ;	Boot Block Code Protection bit
  3319                           ;	CPB = OFF, Boot block (000000-0007FFh) is not code-protected
  3320                           ;	Data EEPROM Code Protection bit
  3321                           ;	CPD = OFF, Data EEPROM is not code-protected
  3322   300009                     	org	3145737
  3323   300009  C0                 	db	192
  3324                           
  3325                           ;Config register CONFIG6L @ 0x30000A
  3326                           ;	Write Protection bit
  3327                           ;	WRT0 = OFF, Block 0 (000800-001FFFh) is not write-protected
  3328                           ;	Write Protection bit
  3329                           ;	WRT1 = OFF, Block 1 (002000-003FFFh) is not write-protected
  3330                           ;	Write Protection bit
  3331                           ;	WRT2 = OFF, Block 2 (004000-005FFFh) is not write-protected
  3332                           ;	Write Protection bit
  3333                           ;	WRT3 = OFF, Block 3 (006000-007FFFh) is not write-protected
  3334   30000A                     	org	3145738
  3335   30000A  0F                 	db	15
  3336                           
  3337                           ;Config register CONFIG6H @ 0x30000B
  3338                           ;	Configuration Register Write Protection bit
  3339                           ;	WRTC = OFF, Configuration registers (300000-3000FFh) are not write-protected
  3340                           ;	Boot Block Write Protection bit
  3341                           ;	WRTB = OFF, Boot block (000000-0007FFh) is not write-protected
  3342                           ;	Data EEPROM Write Protection bit
  3343                           ;	WRTD = OFF, Data EEPROM is not write-protected
  3344   30000B                     	org	3145739
  3345   30000B  E0                 	db	224
  3346                           
  3347                           ;Config register CONFIG7L @ 0x30000C
  3348                           ;	Table Read Protection bit
  3349                           ;	EBTR0 = OFF, Block 0 (000800-001FFFh) is not protected from table reads executed in ot
      +                          her blocks
  3350                           ;	Table Read Protection bit
  3351                           ;	EBTR1 = OFF, Block 1 (002000-003FFFh) is not protected from table reads executed in ot
      +                          her blocks
  3352                           ;	Table Read Protection bit
  3353                           ;	EBTR2 = OFF, Block 2 (004000-005FFFh) is not protected from table reads executed in ot
      +                          her blocks
  3354                           ;	Table Read Protection bit
  3355                           ;	EBTR3 = OFF, Block 3 (006000-007FFFh) is not protected from table reads executed in ot
      +                          her blocks
  3356   30000C                     	org	3145740
  3357   30000C  0F                 	db	15
  3358                           
  3359                           ;Config register CONFIG7H @ 0x30000D
  3360                           ;	Boot Block Table Read Protection bit
  3361                           ;	EBTRB = OFF, Boot block (000000-0007FFh) is not protected from table reads executed in
      +                           other blocks
  3362   30000D                     	org	3145741
  3363   30000D  40                 	db	64
  3364                           tosu	equ	0xFFF
  3365                           tosh	equ	0xFFE
  3366                           tosl	equ	0xFFD
  3367                           stkptr	equ	0xFFC
  3368                           pclatu	equ	0xFFB
  3369                           pclath	equ	0xFFA
  3370                           pcl	equ	0xFF9
  3371                           tblptru	equ	0xFF8
  3372                           tblptrh	equ	0xFF7
  3373                           tblptrl	equ	0xFF6
  3374                           tablat	equ	0xFF5
  3375                           prodh	equ	0xFF4
  3376                           prodl	equ	0xFF3
  3377                           indf0	equ	0xFEF
  3378                           postinc0	equ	0xFEE
  3379                           postdec0	equ	0xFED
  3380                           preinc0	equ	0xFEC
  3381                           plusw0	equ	0xFEB
  3382                           fsr0h	equ	0xFEA
  3383                           fsr0l	equ	0xFE9
  3384                           wreg	equ	0xFE8
  3385                           indf1	equ	0xFE7
  3386                           postinc1	equ	0xFE6
  3387                           postdec1	equ	0xFE5
  3388                           preinc1	equ	0xFE4
  3389                           plusw1	equ	0xFE3
  3390                           fsr1h	equ	0xFE2
  3391                           fsr1l	equ	0xFE1
  3392                           bsr	equ	0xFE0
  3393                           indf2	equ	0xFDF
  3394                           postinc2	equ	0xFDE
  3395                           postdec2	equ	0xFDD
  3396                           preinc2	equ	0xFDC
  3397                           plusw2	equ	0xFDB
  3398                           fsr2h	equ	0xFDA
  3399                           fsr2l	equ	0xFD9
  3400                           status	equ	0xFD8

Data Sizes:
    Strings     33
    Constant    0
    Data        0
    BSS         0
    Persistent  0
    Stack       0

Auto Spaces:
    Space          Size  Autos    Used
    COMRAM           94     73      73
    BANK0           160      0       0
    BANK1           256      0       0
    BANK2           256      0       0
    BANK3           256      0       0
    BANK4           256      0       0
    BANK5           256      0       0
    BANK6           256      0       0
    BANK7           256      0       0

Pointer List with Targets:

    LCD_DosLineas@Linea1	PTR unsigned char  size(1) Largest target is 15
		 -> STR_1(CODE[15]), 

    LCD_DosLineas@Linea2	PTR unsigned char  size(1) Largest target is 7
		 -> STR_2(CODE[7]), 

    LCD_Texto@PALABRA	PTR unsigned char  size(1) Largest target is 15
		 -> STR_1(CODE[15]), STR_2(CODE[7]), STR_3(CODE[11]), 


Critical Paths under _main in COMRAM

    _main->_UART_Initial
    _UART_Initial->___fladd
    ___fldiv->___xxtofl
    ___fladd->___fldiv
    _LCD_DosLineas->_LCD_Texto
    _LCD_Texto->_LCD_Caracter
    _LCD_Caracter->_TxDato
    _LCD_Linea2->_LCD_Comando
    _InitLCD->_DelayXms
    _LCD_Comando->_TxDato
    _TxDato->_Delay1ms
    _BitEN->_Delay1ms
    _DelayXms->_Delay1ms

Critical Paths under _MyLowPriorityIsr in COMRAM

    None.

Critical Paths under _MyHighPriorityIsr in COMRAM

    None.

Critical Paths under _main in BANK0

    None.

Critical Paths under _MyLowPriorityIsr in BANK0

    None.

Critical Paths under _MyHighPriorityIsr in BANK0

    None.

Critical Paths under _main in BANK1

    None.

Critical Paths under _MyLowPriorityIsr in BANK1

    None.

Critical Paths under _MyHighPriorityIsr in BANK1

    None.

Critical Paths under _main in BANK2

    None.

Critical Paths under _MyLowPriorityIsr in BANK2

    None.

Critical Paths under _MyHighPriorityIsr in BANK2

    None.

Critical Paths under _main in BANK3

    None.

Critical Paths under _MyLowPriorityIsr in BANK3

    None.

Critical Paths under _MyHighPriorityIsr in BANK3

    None.

Critical Paths under _main in BANK4

    None.

Critical Paths under _MyLowPriorityIsr in BANK4

    None.

Critical Paths under _MyHighPriorityIsr in BANK4

    None.

Critical Paths under _main in BANK5

    None.

Critical Paths under _MyLowPriorityIsr in BANK5

    None.

Critical Paths under _MyHighPriorityIsr in BANK5

    None.

Critical Paths under _main in BANK6

    None.

Critical Paths under _MyLowPriorityIsr in BANK6

    None.

Critical Paths under _MyHighPriorityIsr in BANK6

    None.

Critical Paths under _main in BANK7

    None.

Critical Paths under _MyLowPriorityIsr in BANK7

    None.

Critical Paths under _MyHighPriorityIsr in BANK7

    None.

Call Graph Tables:

 ---------------------------------------------------------------------------------
 (Depth) Function   	        Calls       Base Space   Used Autos Params    Refs
 ---------------------------------------------------------------------------------
 (0) _main                                                 5     5      0    8868
                                             68 COMRAM     5     5      0
                           _DelayXms
                            _InitLCD
                        _LCD_Comando
                      _LCD_DosLineas
                         _LCD_Linea2
                          _LCD_Texto
                       _UART_Initial
                         _UART_Write
                         _USART_Read
 ---------------------------------------------------------------------------------
 (1) _USART_Read                                           0     0      0       0
 ---------------------------------------------------------------------------------
 (1) _UART_Write                                           1     1      0      15
                                              1 COMRAM     1     1      0
 ---------------------------------------------------------------------------------
 (1) _UART_Initial                                        12     8      4    4611
                                             56 COMRAM    12     8      4
                            ___fladd
                            ___fldiv
                            ___fltol
                           ___xxtofl
 ---------------------------------------------------------------------------------
 (2) ___xxtofl                                            14    10      4     398
                                              1 COMRAM    14    10      4
 ---------------------------------------------------------------------------------
 (2) ___fltol                                             10     6      4     305
                                              1 COMRAM    10     6      4
 ---------------------------------------------------------------------------------
 (2) ___fldiv                                             25    17      8    1399
                                             15 COMRAM    25    17      8
                           ___xxtofl (ARG)
 ---------------------------------------------------------------------------------
 (2) ___fladd                                             16     8      8    2388
                                             40 COMRAM    16     8      8
                            ___fldiv (ARG)
                           ___xxtofl (ARG)
 ---------------------------------------------------------------------------------
 (1) _LCD_DosLineas                                        2     0      2    1099
                                             11 COMRAM     2     0      2
                        _LCD_Comando
                         _LCD_Linea2
                          _LCD_Texto
 ---------------------------------------------------------------------------------
 (1) _LCD_Texto                                            4     3      1     513
                                              7 COMRAM     4     3      1
                       _LCD_Caracter
 ---------------------------------------------------------------------------------
 (2) _LCD_Caracter                                         1     1      0     195
                                              6 COMRAM     1     1      0
                             _TxDato
 ---------------------------------------------------------------------------------
 (1) _LCD_Linea2                                           0     0      0     195
                        _LCD_Comando
 ---------------------------------------------------------------------------------
 (1) _InitLCD                                              0     0      0    1183
                           _DelayXms
                        _LCD_Comando
 ---------------------------------------------------------------------------------
 (2) _LCD_Comando                                          1     1      0     195
                                              6 COMRAM     1     1      0
                             _TxDato
 ---------------------------------------------------------------------------------
 (3) _TxDato                                               3     3      0     180
                                              3 COMRAM     3     3      0
                              _BitEN
                           _Delay1ms
 ---------------------------------------------------------------------------------
 (4) _BitEN                                                0     0      0      30
                           _Delay1ms
 ---------------------------------------------------------------------------------
 (2) _DelayXms                                             5     3      2     988
                                              3 COMRAM     5     3      2
                           _Delay1ms
 ---------------------------------------------------------------------------------
 (4) _Delay1ms                                             2     2      0      30
                                              1 COMRAM     2     2      0
 ---------------------------------------------------------------------------------
 Estimated maximum stack depth 4
 ---------------------------------------------------------------------------------
 (Depth) Function   	        Calls       Base Space   Used Autos Params    Refs
 ---------------------------------------------------------------------------------
 (7) _MyLowPriorityIsr                                     1     1      0       0
                                              0 COMRAM     1     1      0
 ---------------------------------------------------------------------------------
 Estimated maximum stack depth 7
 ---------------------------------------------------------------------------------
 (Depth) Function   	        Calls       Base Space   Used Autos Params    Refs
 ---------------------------------------------------------------------------------
 (8) _MyHighPriorityIsr                                    0     0      0       0
 ---------------------------------------------------------------------------------
 Estimated maximum stack depth 8
 ---------------------------------------------------------------------------------

 Call Graph Graphs:

 _main (ROOT)
   _DelayXms
     _Delay1ms
   _InitLCD
     _DelayXms
     _LCD_Comando
       _TxDato
         _BitEN
           _Delay1ms
         _Delay1ms
   _LCD_Comando
   _LCD_DosLineas
     _LCD_Comando
     _LCD_Linea2
       _LCD_Comando
     _LCD_Texto
       _LCD_Caracter
         _TxDato
   _LCD_Linea2
   _LCD_Texto
   _UART_Initial
     ___fladd
       ___fldiv (ARG)
         ___xxtofl (ARG)
       ___xxtofl (ARG)
     ___fldiv
     ___fltol
     ___xxtofl
   _UART_Write
   _USART_Read

 _MyLowPriorityIsr (ROOT)

 _MyHighPriorityIsr (ROOT)

 Address spaces:
Name               Size   Autos  Total    Cost      Usage
BITCOMRAM           5E      0       0       0        0.0%
EEDATA             100      0       0       0        0.0%
NULL                 0      0       0       0        0.0%
CODE                 0      0       0       0        0.0%
COMRAM              5E     49      49       1       77.7%
STACK                0      0       0       2        0.0%
DATA                 0      0       0       3        0.0%
BITBANK0            A0      0       0       4        0.0%
BANK0               A0      0       0       5        0.0%
BITBANK1           100      0       0       6        0.0%
BANK1              100      0       0       7        0.0%
BITBANK2           100      0       0       8        0.0%
BANK2              100      0       0       9        0.0%
BITBANK3           100      0       0      10        0.0%
BANK3              100      0       0      11        0.0%
BITBANK4           100      0       0      12        0.0%
BANK4              100      0       0      13        0.0%
BITBANK5           100      0       0      14        0.0%
BANK5              100      0       0      15        0.0%
BITBANK6           100      0       0      16        0.0%
BANK6              100      0       0      17        0.0%
BITBANK7           100      0       0      18        0.0%
BANK7              100      0       0      19        0.0%
BITBIGSFRhhhhh      3E      0       0      20        0.0%
BITBIGSFRhhhhl       8      0       0      21        0.0%
BITBIGSFRhhhl        8      0       0      22        0.0%
BITBIGSFRhhllh       C      0       0      23        0.0%
BITBIGSFRhhlll       8      0       0      24        0.0%
BITBIGSFRhl          5      0       0      25        0.0%
BITBIGSFRlh          1      0       0      26        0.0%
BITBIGSFRllh         7      0       0      27        0.0%
BITBIGSFRlll        21      0       0      28        0.0%
ABS                  0      0       0      29        0.0%
BIGRAM             7FF      0       0      30        0.0%
BIGSFR               0      0       0     200        0.0%
BITSFR               0      0       0     200        0.0%
SFR                  0      0       0     200        0.0%


Microchip Technology PIC18 Macro Assembler V2.45 build 20230818022343 
Symbol Table                                                                                   Sat Jun 27 00:01:51 2026

             ___fldiv@aexp 0028               ___fldiv@bexp 0027              ?_LCD_Caracter 0001  
              ?_LCD_Linea2 0001               ___fldiv@sign 0020               ?_LCD_Comando 0001  
                       l61 1554                         l55 16CE                         l64 1784  
                       l49 16F8                         l73 165C                         l58 176C  
                       l82 173A                         l67 1778                         l76 169A  
                       l79 178C                         u10 16F8                         u11 16F4  
                       u25 1480                         u35 14A4                         u45 14CA  
                       bsr 0FE0              Delay1ms@veces 0002                        l113 1612  
                      l122 16FA                        l116 1742                        l124 1708  
                      l132 12A2                        l126 171E                        l134 134C  
                      l119 1750                        l448 145A                        l705 0BFC  
                      l706 0BEA                        l820 11C8                        l733 107C  
                      l813 116C                        l830 16D8                        l806 10D4  
                      l735 0EDC                        l832 16DC                        l824 16D0  
                      l840 145E                        l680 0A00                        l744 0F22  
                      l681 09C6                        l809 1230                        l834 1760  
                      l850 152C                        l842 14DA                        l746 0F9A  
                      l738 0EA0                        l747 0F88                        l836 1762  
                      l852 154C                        l844 14DE                        l860 1770  
                      l838 1766                        l854 1550                        l846 14F2  
                      l862 1772                        l679 0A12                        l848 150C  
                      l856 177C                        l880 1786                        l696 0B2C  
                      l688 0CE2                        l858 177E                        u940 16CE  
                      u941 16CA                        u950 165C                        u870 1750  
                      u951 1658                        u871 174C                        u960 083E  
                      u880 1708                        u961 083A                        u881 1704  
                      u970 0850                        u890 1716                        u971 084C  
                      u891 1712                        u980 0860                        u981 085C  
                      u990 08A2                        u991 089E                        wreg 0FE8  
           ?_LCD_DosLineas 000C               ___fltol@exp1 000B                       l2100 132E  
                     l2102 1334                       l2104 1346                       l1500 1614  
                     l1340 16FA                       l2060 1244                       l2052 1232  
                     l1502 1620                       l1510 0830                       l1342 1716  
                     l2062 1246                       l2054 123E                       l1504 1636  
                     l1600 09E4                       l1520 0870                       l1512 083E  
                     l1344 171C                       l2080 1286                       l2064 1248  
                     l2056 1240                       l1506 163A                       l1610 0A30  
                     l1602 09F2                       l1530 08A2                       l1522 0872  
                     l1514 0840                       l1338 173E                       l2090 12DC  
                     l2082 12A6                       l2074 1256                       l2066 124A  
                     l2058 1242                       l1700 0CBC                       l1620 0A70  
                     l1604 09F4                       l1540 08CA                       l1532 08A4  
                     l1516 0850                       l1524 087A                       l1508 0824  
                     l2092 12E8                       l2084 12BE                       l2076 1276  
                     l2068 124C                       l1702 0CC2                       l1630 0A9A  
                     l1622 0A7C                       l1614 0A44                       l1606 09FE  
                     l1550 0904                       l1542 08DA                       l1534 08AA  
                     l1526 088A                       l1518 0860                       l1710 0CE4  
                     l2094 12EC                       l2086 12CA                       l2078 1282  
                     l1704 0CD0                       l1640 0B0C                       l1624 0A80  
                     l1616 0A54                       l1608 0A20                       l1632 0AA0  
                     l1560 0930                       l1552 0916                       l1544 08EA  
                     l1536 08B8                       l1528 0890                       l1800 0F12  
                     l1720 0D20                       l1712 0CF0                       l2096 1312  
                     l2088 12D6                       l1706 0CD2                       l1650 0B66  
                     l1634 0AC6                       l1642 0B1C                       l1626 0A8E  
                     l1618 0A62                       l1570 0944                       l1562 0934  
                     l1554 0924                       l1546 08EC                       l1538 08BA  
                     l1810 0F52                       l1802 0F20                       l1730 0D50  
                     l1722 0D30                       l1714 0CFE                       l2098 1318  
                     l1492 169C                       l1660 0B96                       l1652 0B70  
                     l1644 0B42                       l1636 0AFA                       l1628 0A90  
                     l1580 0958                       l1572 0948                       l1564 0938  
                     l1556 0928                       l1548 08F4                       l1820 0FC4  
                     l1812 0F80                       l1804 0F32                       l1740 0D86  
                     l1732 0D56                       l1724 0D32                       l1716 0D00  
                     l1900 10FA                       l1494 16A8                       l1670 0BBE  
                     l1662 0B9A                       l1654 0B7E                       l1646 0B52  
                     l1638 0AFC                       l1590 0992                       l1582 095C  
                     l1574 094C                       l1566 093C                       l1558 092C  
                     l1830 103C                       l1822 0FEE                       l1806 0F40  
                     l1750 0DC6                       l1742 0D96                       l1734 0D64  
                     l1718 0D10                       l1726 0D3A                       l1910 1154  
                     l1496 16AC                       l1680 0C18                       l1672 0BCC  
                     l1664 0BAA                       l1656 0B80                       l1592 09AE  
                     l1584 0960                       l1576 0950                       l1568 0940  
                     l1840 1072                       l1832 1058                       l1816 0FAA  
                     l1824 0FF2                       l1808 0F44                       l1752 0DD6  
                     l1760 0DF6                       l1744 0D98                       l1736 0D66  
                     l1728 0D4A                       l1920 11B8                       l1912 1156  
                     l1904 110E                       l1498 16B0                       l1690 0C82  
                     l1682 0C26                       l1674 0BE2                       l1658 0B8E  
                     l1666 0BAC                       l1594 09BE                       l1578 0954  
                     l1586 0964                       l1834 105C                       l1826 100C  
                     l1818 0FB6                       l1770 0E34                       l1762 0E06  
                     l1754 0DDE                       l1738 0D76                       l1746 0DA0  
                     l1850 136C                       l1930 1210                       l1922 11D6  
                     l1914 1162                       l1906 1116                       l1940 1720  
                     l1692 0CA2                       l1684 0C60                       l1668 0BBA  
                     l1596 09D4                       l1588 0968                       l1836 106A  
                     l1828 1022                       l1780 0E7C                       l1772 0E44  
                     l1764 0E06                       l1756 0DE2                       l1748 0DB0  
                     l1860 13BC                       l1932 121E                       l1924 11D8  
                     l1916 119E                       l1908 1122                       l1942 1726  
                     l1694 0CA6                       l1678 0C0C                       l1686 0C62  
                     l1598 09E0                       l1838 1070                       l1790 0ECA  
                     l1782 0E90                       l1774 0E54                       l1870 13E6  
                     l1862 13C0                       l1854 1380                       l1934 1220  
                     l1926 11DC                       l1918 11AA                       l1950 1602  
                     l1944 172E                       l1696 0CB4                       l1688 0C72  
                     l1792 0EDA                       l1784 0E9E                       l1776 0E64  
                     l1768 0E1A                       l1880 140E                       l1872 13F0  
                     l1864 13CE                       l1856 13AA                       l1848 1356  
                     l1928 1200                       l1960 160C                       l1952 1604  
                     l1938 165E                       l1698 0CBA                       l1794 0EEC  
                     l1786 0EAA                       l1778 0E6C                       l1882 141A  
                     l1874 13FA                       l1858 13AC                       l1962 160E  
                     l1954 1606                       l1946 1556                       l1796 0F02  
                     l1788 0EC8                       l1884 142A                       l1892 1080  
                     l1956 1608                       l1948 155A                       l1798 0F08  
                     l1886 143A                       l1894 1090                       l1958 160A  
                     l1888 144A                       l1896 109E                       l1898 10E4  
                     STR_1 0801                       STR_2 081B                       STR_3 0810  
                     u1000 08B8                       _CREN 7D5C                       u1001 08B4  
                     u1010 08CA                       u1011 08C6                       u1100 0A12  
                     u1020 08DA                       u1101 0A0E                       u1021 08D6  
                     u1110 0A20                       u1030 0916                       u1111 0A1C  
                     u1031 0912                       u1200 0B7E                       u1120 0A30  
                     u1040 0924                       u1201 0B7A                       u1121 0A2C  
                     u1041 0920                       u1210 0B8E                       u1130 0A62  
                     u1050 0992                       u1211 0B8A                       u1131 0A5E  
                     u1051 098E                       u1300 0C72                       u1220 0BAA  
                     u1140 0A70                       u1060 09AA                       u1301 0C6E  
                     u1221 0BA6                       u1141 0A6C                       u1061 09A4  
                     u1310 0C82                       u1230 0BBA                       u1150 0A8E  
                     u1070 09AC                       u1311 0C7E                       u1231 0BB6  
                     u1151 0A8A                       u1320 0CA2                       u1240 0BCC  
                     u1160 0AC6                       u1080 09D4                       u1400 0D86  
                     u1321 0C9E                       u1241 0BC8                       u1161 0AC2  
                     u1081 09D0                       u1401 0D82                       u1330 0CB4  
                     u1250 0BE2                       u1170 0B0C                       u1090 09F2  
                     u1410 0DC6                       u1331 0CB0                       u1251 0BDE  
                     u1171 0B08                       u1091 09EE                       u1411 0DC2  
                     u1340 0CD0                       u1260 0BF8                       u1180 0B42  
                     u1500 0F52                       u1420 0E06                       u1341 0CCC  
                     u1261 0BF4                       u1181 0B3E                       u1501 0F4E  
                     u1421 0E02                       u1270 0C0C                       u1190 0B52  
                     u1510 0F80                       u1430 0E7C                       u1350 0CFE  
                     _LATB 0F8A                       u1271 0C08                       u1191 0B4E  
                     u1511 0F7C                       u1431 0E78                       u1351 0CFA  
                     u1280 0C26                       u1520 0F96                       u1440 0E9E  
                     u1360 0D10                       u1600 13CE                       u1281 0C22  
                     u1521 0F92                       u1441 0E9A                       u1361 0D0C  
                     u1601 13CA                       u1290 0C60                       u1530 0FAA  
                     u1450 0EC8                       u1370 0D20                       u1610 13E2  
                     u1291 0C5C                       u1531 0FA6                       u1451 0EC4  
                     u1371 0D1C                       u1611 13DE                       u1540 0FC4  
                     u1460 0EEC                       u1380 0D64                       u1620 140A  
                     u1700 11B8                       u1541 0FC0                       u1461 0EE8  
                     u1381 0D60                       u1621 1406                       u1701 11B4  
                     u1550 100C                       u1470 0F02                       u1390 0D76  
                     u1630 142A                       u1710 11C8                       u1551 1008  
                     u1471 0EFE                       u1391 0D72                       u1631 1426  
                     u1711 11C4                       u1560 103C                       u1480 0F20  
                     u1640 143A                       u1720 11D6                       u1561 1038  
                     u1481 0F1C                       u1641 1436                       u1721 11D2  
                     u1570 106A                       u1490 0F40                       u1730 1210  
                     u1650 1090                       u1571 1066                       u1491 0F3C  
                     u1731 120C                       u1651 108C                       u1580 136C  
                     u1740 121E                       u1660 109E                       u1581 1368  
                     u1741 121A                       u1661 109A                       u1590 13A0  
                     u1670 10FA                       u1671 10F6                       u1807 1322  
                     u1680 1150                       u1681 114C                       u1690 119A  
                     u1770 1266                       u1595 1396                       u1691 1196  
                     u1755 156C                       u1771 1260                       u1780 12A2  
                     u1781 129E                       u1790 1346                       u1791 1342  
                     u1776 1268                       _RCIF 7CF5                       _TRMT 7D61  
                     _main 1232                       btemp 004A                       start 0026  
          ___fldiv@new_exp 0021               ___param_bank 0000             ??_LCD_Caracter 0007  
          __end_of_InitLCD 169C              ___fltol@sign1 000A            __end_of___fladd 0CE4  
                    ?_main 0001            __end_of___fldiv 107E            __end_of___fltol 145C  
                    i1l148 001E                      i2l143 1792                      _RCREG 0FAE  
                    _RCSTA 0FAB                      _SPBRG 0FAF                      _PORTB 0F81  
                    _TRISB 0F93                      _BitEN 1760                      _TXREG 0FAD  
              ?_UART_Write 0001                      main@i 0048                      tablat 0FF5  
                    ttemp5 004B                      ttemp6 004E                      ttemp7 0052  
                    status 0FD8                      wtemp8 004B           __end_of_Delay1ms 16FA  
         __end_of_DelayXms 16D0                ?_USART_Read 0001            __initialization 1752  
             __end_of_main 1356                     ??_main 0045                 TxDato@dato 0006  
            __activetblptr 0002          __end_of_LCD_Texto 165E                     ?_BitEN 0001  
          ??_LCD_DosLineas 000E                     _ADCON1 0FC1              DelayXms@Milis 0004  
                   i2l1490 1790           __end_of___xxtofl 1232                  ??_InitLCD 0009  
                   _TxDato 145C                  ??___fladd 0031                  ??___fldiv 0018  
                ??___fltol 0006                     isa$std 0001               __mediumconst 0000  
                   tblptrh 0FF7                     tblptrl 0FF6                     tblptru 0FF8  
     __end_of_LCD_Caracter 177A               ___xxtofl@arg 000C               ___xxtofl@exp 000B  
             ___xxtofl@val 0002          _MyHighPriorityIsr 0008                 __accesstop 0060  
  __end_of__initialization 1752         ?_MyHighPriorityIsr 0001              ___rparam_used 0001  
               ___fltol@f1 0002              __end_of_BitEN 176E             __pcstackCOMRAM 0001  
             ??_LCD_Linea2 0008        ??_MyHighPriorityIsr 0001                    ??_BitEN 0004  
                ?_Delay1ms 0001                  ?_DelayXms 0004  __end_of_MyHighPriorityIsr 1796  
       __end_of_LCD_Linea2 178E                    ?_TxDato 0001           LCD_Caracter@dato 0007  
                ?___xxtofl 0002                 ??_Delay1ms 0002                 ??_DelayXms 0006  
             ??_UART_Write 0002              ?_UART_Initial 0039                    _InitLCD 165E  
             ??_USART_Read 0002                    __Hparam 0000                    __Lparam 0000  
                  ___fladd 0824                    ___fldiv 0CE4                    ___fltol 1356  
       __end_of_UART_Write 1752               __psmallconst 0800                    __pcinit 1752  
                  __ramtop 0800                    __ptext0 1232                    __ptext1 16FA  
                  __ptext2 173C                    __ptext3 1556                    __ptext4 107E  
                  __ptext5 1356                    __ptext6 0CE4                    __ptext7 0824  
                  __ptext8 1720                    __ptext9 1614      UART_Initial@baud_rate 0039  
               ??___xxtofl 0006         __end_of_USART_Read 1720             LCD_Comando@cmd 0007  
                _LCD_Texto 1614             __pintcode_body 178E       end_of_initialization 1752  
           ??_UART_Initial 003D                  DelayXms@i 0007              __Lmediumconst 0000  
                  int_func 178E                  _RCSTAbits 0FAB           _MyLowPriorityIsr 0018  
             _LCD_Caracter 176E             UART_Write@data 0002                ___fladd@grs 0038  
            ___xxtofl@sign 000A                  _TRISAbits 0F92                  _TRISCbits 0F94  
                _TRISDbits 0F95                ___fldiv@grs 0023      __end_of_LCD_DosLineas 173C  
              ___fldiv@rem 001C                 ?_LCD_Texto 0008                  _TXSTAbits 0FAC  
           __end_of_TxDato 1556              ??_LCD_Comando 0007                 LCD_Texto@i 000A  
              _BAUDCONbits 0FB8        start_initialization 1752                   ??_TxDato 0004  
     __end_of_UART_Initial 1614                  ___fladd@a 002D                  ___fladd@b 0029  
                ___fldiv@a 0014                  ___fldiv@b 0010        __end_of_LCD_Comando 1786  
              ??_LCD_Texto 0009                   ?_InitLCD 0001                  __pintcode 0008  
                 ?___fladd 0029                   ?___fldiv 0010                   ?___fltol 0002  
              __pintcodelo 0018                __smallconst 0800   __end_of_MyLowPriorityIsr 0026  
                 _LATAbits 0F89                   _LATDbits 0F8C            UART_Initial@bps 0041  
                 _PIR1bits 0F9E                _LCD_Comando 177A                   _Delay1ms 16D0  
                 _DelayXms 169C           LCD_Texto@PALABRA 0008                   __Hrparam 0000  
                 __Lrparam 0000                   ___xxtofl 107E                   __ptext10 176E  
                 __ptext11 1786                   __ptext12 165E                   __ptext13 177A  
                 __ptext14 145C                   __ptext15 1760                   __ptext16 169C  
                 __ptext17 16D0               _UART_Initial 1556                   isa$xinst 0000  
                 int$flags 004A                 _LCD_Linea2 1786                   main@data 0047  
                 intlevel1 0000                   intlevel2 0000                 _UART_Write 173C  
            ___fladd@signs 0035              _LCD_DosLineas 1720          ?_MyLowPriorityIsr 0001  
       ??_MyLowPriorityIsr 0001               ___fladd@aexp 0036               ___fladd@bexp 0037  
      LCD_DosLineas@Linea1 000C        LCD_DosLineas@Linea2 000D                 _USART_Read 16FA  
