

Microchip MPLAB XC8 Assembler V2.45 build 20230818022343 
                                                                                               Sat Jun 27 00:43:14 2026

Microchip MPLAB XC8 C Compiler v2.45 (Free license) build 20230818022343 Og1 
     1                           	processor	18F4550
     2                           	fnconf	rparam,??,?,0
     3                           	pagewidth 120
     4                           	opt	flic
     5                           	psect	smallconst,global,reloc=2,class=SMALLCONST,delta=1,noexec
     6                           	psect	cinit,global,reloc=2,class=CODE,delta=1
     7                           	psect	cstackCOMRAM,global,class=COMRAM,space=1,delta=1,lowdata,noexec
     8                           	psect	text0,global,reloc=2,class=CODE,delta=1
     9                           	psect	text1,global,reloc=2,class=CODE,delta=1
    10                           	psect	text2,global,reloc=2,class=CODE,delta=1
    11                           	psect	text3,global,reloc=2,class=CODE,delta=1
    12                           	psect	text4,global,reloc=2,class=CODE,delta=1,group=1
    13                           	psect	text5,global,reloc=2,class=CODE,delta=1,group=1
    14                           	psect	text6,global,reloc=2,class=CODE,delta=1,group=1
    15                           	psect	text7,global,reloc=2,class=CODE,delta=1,group=1
    16                           	psect	text8,global,reloc=2,class=CODE,delta=1
    17                           	psect	text9,global,reloc=2,class=CODE,delta=1
    18                           	psect	text10,global,reloc=2,class=CODE,delta=1
    19                           	psect	text11,global,reloc=2,class=CODE,delta=1
    20                           	psect	text12,global,reloc=2,class=CODE,delta=1
    21                           	psect	text13,global,reloc=2,class=CODE,delta=1
    22                           	psect	text14,global,reloc=2,class=CODE,delta=1
    23                           	psect	text15,global,reloc=2,class=CODE,delta=1
    24                           	psect	text16,global,reloc=2,class=CODE,delta=1
    25                           	psect	text17,global,reloc=2,class=CODE,delta=1
    26                           	psect	text18,global,reloc=2,class=CODE,delta=1
    27                           	psect	text19,global,reloc=2,class=CODE,delta=1
    28                           	psect	text20,global,reloc=2,class=CODE,delta=1
    29                           	psect	intcodelo,global,reloc=2,class=CODE,delta=1
    30                           	psect	intcode,global,reloc=2,class=CODE,delta=1
    31                           	psect	intcode_body,global,reloc=2,class=CODE,delta=1
    32                           	psect	intsave_regs,global,class=BIGRAM,space=1,delta=1,noexec
    33                           	psect	rparam,global,class=COMRAM,space=1,delta=1,noexec
    34                           	psect	temp,global,ovrld,common,class=COMRAM,space=1,delta=1
    35                           	psect	idloc,global,abs,ovrld,class=IDLOC,space=5,delta=1,noexec
    36                           	psect	config,global,abs,ovrld,class=CONFIG,space=4,delta=1,noexec
    37   000000                     
    38                           ; Version 2.20
    39                           ; Generated 12/02/2020 GMT
    40                           ; 
    41                           ; Copyright © 2020, Microchip Technology Inc. and its subsidiaries ("Microchip")
    42                           ; All rights reserved.
    43                           ; 
    44                           ; This software is developed by Microchip Technology Inc. and its subsidiaries ("Microch
      +                          ip").
    45                           ; 
    46                           ; Redistribution and use in source and binary forms, with or without modification, are
    47                           ; permitted provided that the following conditions are met:
    48                           ; 
    49                           ;     1. Redistributions of source code must retain the above copyright notice, this lis
      +                          t of
    50                           ;        conditions and the following disclaimer.
    51                           ; 
    52                           ;     2. Redistributions in binary form must reproduce the above copyright notice, this 
      +                          list
    53                           ;        of conditions and the following disclaimer in the documentation and/or other
    54                           ;        materials provided with the distribution.
    55                           ; 
    56                           ;     3. Microchip's name may not be used to endorse or promote products derived from th
      +                          is
    57                           ;        software without specific prior written permission.
    58                           ; 
    59                           ; THIS SOFTWARE IS PROVIDED BY MICROCHIP "AS IS" AND ANY EXPRESS OR IMPLIED WARRANTIES,
    60                           ; INCLUDING, BUT NOT LIMITED TO, THE IMPLIED WARRANTIES OF MERCHANTABILITY AND FITNESS F
      +                          OR
    61                           ; PURPOSE ARE DISCLAIMED.  IN NO EVENT SHALL MICROCHIP BE LIABLE FOR ANY DIRECT, INDIREC
      +                          T,
    62                           ; INCIDENTAL, SPECIAL, EXEMPLARY, OR CONSEQUENTIAL DAMAGES (INCLUDING BUT NOT LIMITED TO
    63                           ; PROCUREMENT OF SUBSTITUTE GOODS OR SERVICES; LOSS OF USE, DATA OR PROFITS; OR BUSINESS
    64                           ; INTERRUPTION) HOWSOEVER CAUSED AND ON ANY THEORY OF LIABILITY, WHETHER IN CONTRACT, ST
      +                          RICT
    65                           ; LIABILITY, OR TORT (INCLUDING NEGLIGENCE OR OTHERWISE) ARISING IN ANY WAY OUT OF THE U
      +                          SE OF
    66                           ; THIS SOFTWARE, EVEN IF ADVISED OF THE POSSIBILITY OF SUCH DAMAGE.
    67                           ; 
    68                           ; 
    69                           ; Code-generator required, PIC18F4550 Definitions
    70                           ; 
    71                           ; SFR Addresses
    72   000000                     _RCREG	set	4014
    73   000000                     _TXREG	set	4013
    74   000000                     _TRISCbits	set	3988
    75   000000                     _TRISDbits	set	3989
    76   000000                     _ADCON1	set	4033
    77   000000                     _PIR1bits	set	3998
    78   000000                     _RCSTAbits	set	4011
    79   000000                     _CREN	set	32092
    80   000000                     _TRMT	set	32097
    81   000000                     _PORTB	set	3969
    82   000000                     _LATAbits	set	3977
    83   000000                     _LATB	set	3978
    84   000000                     _TRISB	set	3987
    85   000000                     _LATDbits	set	3980
    86   000000                     _RCSTA	set	4011
    87   000000                     _TXSTAbits	set	4012
    88   000000                     _SPBRG	set	4015
    89   000000                     _RCIF	set	31989
    90   000000                     _TRISAbits	set	3986
    91   000000                     _BAUDCONbits	set	4024
    92                           
    93                           	psect	smallconst
    94   000800                     __psmallconst:
    95                           	callstack 0
    96   000800  00                 	db	0
    97   000801                     STR_1:
    98   000801  55                 	db	85	;'U'
    99   000802  6E                 	db	110	;'n'
   100   000803  69                 	db	105	;'i'
   101   000804  76                 	db	118	;'v'
   102   000805  65                 	db	101	;'e'
   103   000806  72                 	db	114	;'r'
   104   000807  73                 	db	115	;'s'
   105   000808  69                 	db	105	;'i'
   106   000809  64                 	db	100	;'d'
   107   00080A  61                 	db	97	;'a'
   108   00080B  64                 	db	100	;'d'
   109   00080C  20                 	db	32
   110   00080D  64                 	db	100	;'d'
   111   00080E  65                 	db	101	;'e'
   112   00080F  00                 	db	0
   113   000810                     STR_3:
   114   000810  55                 	db	85	;'U'
   115   000811  53                 	db	83	;'S'
   116   000812  41                 	db	65	;'A'
   117   000813  52                 	db	82	;'R'
   118   000814  54                 	db	84	;'T'
   119   000815  20                 	db	32
   120   000816  76                 	db	118	;'v'
   121   000817  31                 	db	49	;'1'
   122   000818  2E                 	db	46
   123   000819  30                 	db	48	;'0'
   124   00081A  00                 	db	0
   125   00081B                     STR_2:
   126   00081B  43                 	db	67	;'C'
   127   00081C  75                 	db	117	;'u'
   128   00081D  65                 	db	101	;'e'
   129   00081E  6E                 	db	110	;'n'
   130   00081F  63                 	db	99	;'c'
   131   000820  61                 	db	97	;'a'
   132   000821  00                 	db	0
   133   000822  00                 	db	0	; dummy byte at the end
   134   000000                     
   135                           ; #config settings
   136                           
   137                           	psect	cinit
   138   001AB4                     __pcinit:
   139                           	callstack 0
   140   001AB4                     start_initialization:
   141                           	callstack 0
   142   001AB4                     __initialization:
   143                           	callstack 0
   144   001AB4                     end_of_initialization:
   145                           	callstack 0
   146   001AB4                     __end_of__initialization:
   147                           	callstack 0
   148   001AB4  904D               	bcf	int$flags,0,c	;clear compiler interrupt flag (level 1)
   149   001AB6  924D               	bcf	int$flags,1,c	;clear compiler interrupt flag (level 2)
   150   001AB8  0E00               	movlw	low (__Lmediumconst shr (0+16))
   151   001ABA  6EF8               	movwf	tblptru,c
   152   001ABC  0100               	movlb	0
   153   001ABE  EF06  F00A         	goto	_main	;jump to C main() function
   154                           
   155                           	psect	cstackCOMRAM
   156   000001                     __pcstackCOMRAM:
   157                           	callstack 0
   158   000001                     ??_MyLowPriorityIsr:
   159                           
   160                           ; 1 bytes @ 0x0
   161   000001                     	ds	1
   162   000002                     ??_TeclaASCII:
   163   000002                     ?___fltol:
   164                           	callstack 0
   165   000002                     ?___xxtofl:
   166                           	callstack 0
   167   000002                     UART_Write@data:
   168                           	callstack 0
   169   000002                     Delay1ms@veces:
   170                           	callstack 0
   171   000002                     ___fltol@f1:
   172                           	callstack 0
   173   000002                     ___xxtofl@val:
   174                           	callstack 0
   175                           
   176                           ; 4 bytes @ 0x1
   177   000002                     	ds	2
   178   000004                     ??_TxDato:
   179   000004                     TeclaASCII@tecla:
   180                           	callstack 0
   181   000004                     DelayXms@Milis:
   182                           	callstack 0
   183                           
   184                           ; 2 bytes @ 0x3
   185   000004                     	ds	2
   186   000006                     ??_DelayXms:
   187   000006                     ??___fltol:
   188   000006                     ??___xxtofl:
   189   000006                     TxDato@dato:
   190                           	callstack 0
   191                           
   192                           ; 1 bytes @ 0x5
   193   000006                     	ds	1
   194   000007                     LCD_Comando@cmd:
   195                           	callstack 0
   196   000007                     LCD_Caracter@dato:
   197                           	callstack 0
   198   000007                     DelayXms@i:
   199                           	callstack 0
   200                           
   201                           ; 2 bytes @ 0x6
   202   000007                     	ds	1
   203   000008                     LCD_Texto@PALABRA:
   204                           	callstack 0
   205                           
   206                           ; 1 bytes @ 0x7
   207   000008                     	ds	1
   208   000009                     ??_LCD_Texto:
   209   000009                     ??_LeerTeclado:
   210                           
   211                           ; 1 bytes @ 0x8
   212   000009                     	ds	1
   213   00000A                     ___fltol@sign1:
   214                           	callstack 0
   215   00000A                     ___xxtofl@sign:
   216                           	callstack 0
   217   00000A                     LCD_Texto@i:
   218                           	callstack 0
   219                           
   220                           ; 2 bytes @ 0x9
   221   00000A                     	ds	1
   222   00000B                     LeerTeclado@tecla:
   223                           	callstack 0
   224   00000B                     ___fltol@exp1:
   225                           	callstack 0
   226   00000B                     ___xxtofl@exp:
   227                           	callstack 0
   228                           
   229                           ; 1 bytes @ 0xA
   230   00000B                     	ds	1
   231   00000C                     LCD_DosLineas@Linea1:
   232                           	callstack 0
   233   00000C                     ___xxtofl@arg:
   234                           	callstack 0
   235                           
   236                           ; 4 bytes @ 0xB
   237   00000C                     	ds	1
   238   00000D                     LCD_DosLineas@Linea2:
   239                           	callstack 0
   240                           
   241                           ; 1 bytes @ 0xC
   242   00000D                     	ds	1
   243   00000E                     
   244                           ; 1 bytes @ 0xD
   245   00000E                     	ds	2
   246   000010                     ?___fldiv:
   247                           	callstack 0
   248   000010                     ___fldiv@b:
   249                           	callstack 0
   250                           
   251                           ; 4 bytes @ 0xF
   252   000010                     	ds	4
   253   000014                     ___fldiv@a:
   254                           	callstack 0
   255                           
   256                           ; 4 bytes @ 0x13
   257   000014                     	ds	4
   258   000018                     ??___fldiv:
   259                           
   260                           ; 1 bytes @ 0x17
   261   000018                     	ds	4
   262   00001C                     ___fldiv@rem:
   263                           	callstack 0
   264                           
   265                           ; 4 bytes @ 0x1B
   266   00001C                     	ds	4
   267   000020                     ___fldiv@sign:
   268                           	callstack 0
   269                           
   270                           ; 1 bytes @ 0x1F
   271   000020                     	ds	1
   272   000021                     ___fldiv@new_exp:
   273                           	callstack 0
   274                           
   275                           ; 2 bytes @ 0x20
   276   000021                     	ds	2
   277   000023                     ___fldiv@grs:
   278                           	callstack 0
   279                           
   280                           ; 4 bytes @ 0x22
   281   000023                     	ds	4
   282   000027                     ___fldiv@bexp:
   283                           	callstack 0
   284                           
   285                           ; 1 bytes @ 0x26
   286   000027                     	ds	1
   287   000028                     ___fldiv@aexp:
   288                           	callstack 0
   289                           
   290                           ; 1 bytes @ 0x27
   291   000028                     	ds	1
   292   000029                     ?___fladd:
   293                           	callstack 0
   294   000029                     ___fladd@b:
   295                           	callstack 0
   296                           
   297                           ; 4 bytes @ 0x28
   298   000029                     	ds	4
   299   00002D                     ___fladd@a:
   300                           	callstack 0
   301                           
   302                           ; 4 bytes @ 0x2C
   303   00002D                     	ds	4
   304   000031                     ??___fladd:
   305                           
   306                           ; 1 bytes @ 0x30
   307   000031                     	ds	4
   308   000035                     ___fladd@signs:
   309                           	callstack 0
   310                           
   311                           ; 1 bytes @ 0x34
   312   000035                     	ds	1
   313   000036                     ___fladd@aexp:
   314                           	callstack 0
   315                           
   316                           ; 1 bytes @ 0x35
   317   000036                     	ds	1
   318   000037                     ___fladd@bexp:
   319                           	callstack 0
   320                           
   321                           ; 1 bytes @ 0x36
   322   000037                     	ds	1
   323   000038                     ___fladd@grs:
   324                           	callstack 0
   325                           
   326                           ; 1 bytes @ 0x37
   327   000038                     	ds	1
   328   000039                     UART_Initial@baud_rate:
   329                           	callstack 0
   330                           
   331                           ; 4 bytes @ 0x38
   332   000039                     	ds	4
   333   00003D                     ??_UART_Initial:
   334                           
   335                           ; 1 bytes @ 0x3C
   336   00003D                     	ds	4
   337   000041                     UART_Initial@bps:
   338                           	callstack 0
   339                           
   340                           ; 4 bytes @ 0x40
   341   000041                     	ds	4
   342   000045                     ??_main:
   343                           
   344                           ; 1 bytes @ 0x44
   345   000045                     	ds	1
   346   000046                     main@echo:
   347                           	callstack 0
   348                           
   349                           ; 1 bytes @ 0x45
   350   000046                     	ds	1
   351   000047                     main@i:
   352                           	callstack 0
   353                           
   354                           ; 2 bytes @ 0x46
   355   000047                     	ds	2
   356   000049                     main@tecla:
   357                           	callstack 0
   358                           
   359                           ; 1 bytes @ 0x48
   360   000049                     	ds	1
   361   00004A                     main@tx:
   362                           	callstack 0
   363                           
   364                           ; 1 bytes @ 0x49
   365   00004A                     	ds	1
   366   00004B                     main@rx:
   367                           	callstack 0
   368                           
   369                           ; 1 bytes @ 0x4A
   370   00004B                     	ds	1
   371   00004C                     main@pos:
   372                           	callstack 0
   373                           
   374                           ; 1 bytes @ 0x4B
   375   00004C                     	ds	1
   376                           
   377 ;;
   378 ;;Main: autosize = 0, tempsize = 1, incstack = 0, save=0
   379 ;;
   380 ;; *************** function _main *****************
   381 ;; Defined at:
   382 ;;		line 321 in file "Codigo_Practica6_Parte2.c"
   383 ;; Parameters:    Size  Location     Type
   384 ;;		None
   385 ;; Auto vars:     Size  Location     Type
   386 ;;  i               2   70[COMRAM] int 
   387 ;;  pos             1   75[COMRAM] unsigned char 
   388 ;;  rx              1   74[COMRAM] unsigned char 
   389 ;;  tx              1   73[COMRAM] unsigned char 
   390 ;;  tecla           1   72[COMRAM] unsigned char 
   391 ;;  echo            1   69[COMRAM] unsigned char 
   392 ;; Return value:  Size  Location     Type
   393 ;;                  1    wreg      void 
   394 ;; Registers used:
   395 ;;		wreg, status,2, status,0, tblptrl, tblptrh, tblptru, cstack
   396 ;; Tracked objects:
   397 ;;		On entry : 0/0
   398 ;;		On exit  : 0/0
   399 ;;		Unchanged: 0/0
   400 ;; Data sizes:     COMRAM   BANK0   BANK1   BANK2   BANK3   BANK4   BANK5   BANK6   BANK7
   401 ;;      Params:         0       0       0       0       0       0       0       0       0
   402 ;;      Locals:         7       0       0       0       0       0       0       0       0
   403 ;;      Temps:          1       0       0       0       0       0       0       0       0
   404 ;;      Totals:         8       0       0       0       0       0       0       0       0
   405 ;;Total ram usage:        8 bytes
   406 ;; Hardware stack levels required when called: 8
   407 ;; This function calls:
   408 ;;		_Configuracion_inicialPIC
   409 ;;		_DelayXms
   410 ;;		_InitLCD
   411 ;;		_LCD_Caracter
   412 ;;		_LCD_Comando
   413 ;;		_LCD_DosLineas
   414 ;;		_LCD_Linea2
   415 ;;		_LCD_Texto
   416 ;;		_LeerTeclado
   417 ;;		_TeclaASCII
   418 ;;		_UART_Initial
   419 ;;		_UART_Write
   420 ;;		_USART_Read
   421 ;; This function is called by:
   422 ;;		Startup code after reset
   423 ;; This function uses a non-reentrant model
   424 ;;
   425                           
   426                           	psect	text0
   427   00140C                     __ptext0:
   428                           	callstack 0
   429   00140C                     _main:
   430                           	callstack 23
   431   00140C                     
   432                           ;Codigo_Practica6_Parte2.c: 322:     char tecla;;Codigo_Practica6_Parte2.c: 323:     cha
      +                          r tx;;Codigo_Practica6_Parte2.c: 324:     char rx;;Codigo_Practica6_Parte2.c: 325:     u
      +                          nsigned char pos = 0;
   433   00140C  0E00               	movlw	0
   434   00140E  6E4C               	movwf	main@pos^0,c
   435                           
   436                           ;Codigo_Practica6_Parte2.c: 326:     unsigned char echo = 1;
   437   001410  0E01               	movlw	1
   438   001412  6E46               	movwf	main@echo^0,c
   439   001414                     
   440                           ;Codigo_Practica6_Parte2.c: 328:     Configuracion_inicialPIC();
   441   001414  EC32  F00D         	call	_Configuracion_inicialPIC	;wreg free
   442   001418                     
   443                           ;Codigo_Practica6_Parte2.c: 330:     for (int i = 1; i<10;i++){
   444   001418  0E00               	movlw	0
   445   00141A  6E48               	movwf	(main@i+1)^0,c
   446   00141C  0E01               	movlw	1
   447   00141E  6E47               	movwf	main@i^0,c
   448   001420                     l2223:
   449                           
   450                           ;Codigo_Practica6_Parte2.c: 331:         LATDbits.LATD0 = ~LATDbits.LATD0;
   451   001420  B08C               	btfsc	140,0,c	;volatile
   452   001422  EF15  F00A         	goto	u1821
   453   001426  EF18  F00A         	goto	u1820
   454   00142A                     u1821:
   455   00142A  0E01               	movlw	1
   456   00142C  EF19  F00A         	goto	u1826
   457   001430                     u1820:
   458   001430  0E00               	movlw	0
   459   001432                     u1826:
   460   001432  0AFF               	xorlw	255
   461   001434  6E45               	movwf	??_main^0,c
   462   001436  508C               	movf	140,w,c	;volatile
   463   001438  1845               	xorwf	??_main^0,w,c
   464   00143A  0BFE               	andlw	-2
   465   00143C  1845               	xorwf	??_main^0,w,c
   466   00143E  6E8C               	movwf	140,c	;volatile
   467   001440                     
   468                           ;Codigo_Practica6_Parte2.c: 332:         DelayXms(50);
   469   001440  0E00               	movlw	0
   470   001442  6E05               	movwf	(DelayXms@Milis+1)^0,c
   471   001444  0E32               	movlw	50
   472   001446  6E04               	movwf	DelayXms@Milis^0,c
   473   001448  ECF0  F00C         	call	_DelayXms	;wreg free
   474   00144C                     
   475                           ;Codigo_Practica6_Parte2.c: 333:     }
   476   00144C  4A47               	infsnz	main@i^0,f,c
   477   00144E  2A48               	incf	(main@i+1)^0,f,c
   478   001450  BE48               	btfsc	(main@i+1)^0,7,c
   479   001452  EF34  F00A         	goto	u1831
   480   001456  5048               	movf	(main@i+1)^0,w,c
   481   001458  E109               	bnz	u1830
   482   00145A  0E0A               	movlw	10
   483   00145C  5C47               	subwf	main@i^0,w,c
   484   00145E  A0D8               	btfss	status,0,c
   485   001460  EF34  F00A         	goto	u1831
   486   001464  EF36  F00A         	goto	u1830
   487   001468                     u1831:
   488   001468  EF10  F00A         	goto	l2223
   489   00146C                     u1830:
   490   00146C                     
   491                           ;Codigo_Practica6_Parte2.c: 334:     LATDbits.LATD0 = 0;
   492   00146C  908C               	bcf	140,0,c	;volatile
   493   00146E                     
   494                           ;Codigo_Practica6_Parte2.c: 335:     UART_Initial(9600);
   495   00146E  0E80               	movlw	128
   496   001470  6E39               	movwf	UART_Initial@baud_rate^0,c
   497   001472  0E25               	movlw	37
   498   001474  6E3A               	movwf	(UART_Initial@baud_rate+1)^0,c
   499   001476  0E00               	movlw	0
   500   001478  6E3B               	movwf	(UART_Initial@baud_rate+2)^0,c
   501   00147A  0E00               	movlw	0
   502   00147C  6E3C               	movwf	(UART_Initial@baud_rate+3)^0,c
   503   00147E  EC4D  F00C         	call	_UART_Initial	;wreg free
   504                           
   505                           ;Codigo_Practica6_Parte2.c: 336:     InitLCD();
   506   001482  ECD1  F00C         	call	_InitLCD	;wreg free
   507   001486                     
   508                           ;Codigo_Practica6_Parte2.c: 339:     LCD_DosLineas("Universidad de", "Cuenca");
   509   001486  0E01               	movlw	low STR_1
   510   001488  6E0C               	movwf	LCD_DosLineas@Linea1^0,c
   511   00148A  0E1B               	movlw	low STR_2
   512   00148C  6E0D               	movwf	LCD_DosLineas@Linea2^0,c
   513   00148E  EC41  F00D         	call	_LCD_DosLineas	;wreg free
   514   001492                     
   515                           ;Codigo_Practica6_Parte2.c: 340:     DelayXms(2000);
   516   001492  0E07               	movlw	7
   517   001494  6E05               	movwf	(DelayXms@Milis+1)^0,c
   518   001496  0ED0               	movlw	208
   519   001498  6E04               	movwf	DelayXms@Milis^0,c
   520   00149A  ECF0  F00C         	call	_DelayXms	;wreg free
   521   00149E                     
   522                           ;Codigo_Practica6_Parte2.c: 341:     LCD_Comando(0x01);
   523   00149E  0E01               	movlw	1
   524   0014A0  EC6E  F00D         	call	_LCD_Comando
   525   0014A4                     
   526                           ;Codigo_Practica6_Parte2.c: 342:     DelayXms(1000);
   527   0014A4  0E03               	movlw	3
   528   0014A6  6E05               	movwf	(DelayXms@Milis+1)^0,c
   529   0014A8  0EE8               	movlw	232
   530   0014AA  6E04               	movwf	DelayXms@Milis^0,c
   531   0014AC  ECF0  F00C         	call	_DelayXms	;wreg free
   532   0014B0                     
   533                           ;Codigo_Practica6_Parte2.c: 344:     LCD_Linea2(); LCD_Texto("USART v1.0");
   534   0014B0  EC74  F00D         	call	_LCD_Linea2	;wreg free
   535   0014B4  0E10               	movlw	low STR_3
   536   0014B6  6E08               	movwf	LCD_Texto@PALABRA^0,c
   537   0014B8  ECAC  F00C         	call	_LCD_Texto	;wreg free
   538                           
   539                           ;Codigo_Practica6_Parte2.c: 345:     DelayXms(2000);
   540   0014BC  0E07               	movlw	7
   541   0014BE  6E05               	movwf	(DelayXms@Milis+1)^0,c
   542   0014C0  0ED0               	movlw	208
   543   0014C2  6E04               	movwf	DelayXms@Milis^0,c
   544   0014C4  ECF0  F00C         	call	_DelayXms	;wreg free
   545                           
   546                           ;Codigo_Practica6_Parte2.c: 346:     LCD_Comando(0x01);
   547   0014C8  0E01               	movlw	1
   548   0014CA  EC6E  F00D         	call	_LCD_Comando
   549                           
   550                           ;Codigo_Practica6_Parte2.c: 347:     DelayXms(1000);
   551   0014CE  0E03               	movlw	3
   552   0014D0  6E05               	movwf	(DelayXms@Milis+1)^0,c
   553   0014D2  0EE8               	movlw	232
   554   0014D4  6E04               	movwf	DelayXms@Milis^0,c
   555   0014D6  ECF0  F00C         	call	_DelayXms	;wreg free
   556   0014DA                     l155:
   557                           
   558                           ;Codigo_Practica6_Parte2.c: 353:         tecla = LeerTeclado();
   559   0014DA  EC3F  F008         	call	_LeerTeclado	;wreg free
   560   0014DE  6E49               	movwf	main@tecla^0,c
   561   0014E0                     
   562                           ;Codigo_Practica6_Parte2.c: 354:          if(tecla != 0xFF){
   563   0014E0  2849               	incf	main@tecla^0,w,c
   564   0014E2  B4D8               	btfsc	status,2,c
   565   0014E4  EF76  F00A         	goto	u1841
   566   0014E8  EF78  F00A         	goto	u1840
   567   0014EC                     u1841:
   568   0014EC  EFBA  F00A         	goto	l2275
   569   0014F0                     u1840:
   570   0014F0                     l2249:
   571   0014F0  EC3F  F008         	call	_LeerTeclado	;wreg free
   572   0014F4  0AFF               	xorlw	255
   573   0014F6  A4D8               	btfss	status,2,c
   574   0014F8  EF80  F00A         	goto	u1851
   575   0014FC  EF82  F00A         	goto	u1850
   576   001500                     u1851:
   577   001500  EF78  F00A         	goto	l2249
   578   001504                     u1850:
   579   001504                     
   580                           ;Codigo_Practica6_Parte2.c: 357:             DelayXms(20);
   581   001504  0E00               	movlw	0
   582   001506  6E05               	movwf	(DelayXms@Milis+1)^0,c
   583   001508  0E14               	movlw	20
   584   00150A  6E04               	movwf	DelayXms@Milis^0,c
   585   00150C  ECF0  F00C         	call	_DelayXms	;wreg free
   586                           
   587                           ;Codigo_Practica6_Parte2.c: 359:             tx = TeclaASCII(tecla);
   588   001510  5049               	movf	main@tecla^0,w,c
   589   001512  EC4E  F00B         	call	_TeclaASCII
   590   001516  6E4A               	movwf	main@tx^0,c
   591   001518                     
   592                           ;Codigo_Practica6_Parte2.c: 360:             UART_Write(tx);
   593   001518  504A               	movf	main@tx^0,w,c
   594   00151A  EC4F  F00D         	call	_UART_Write
   595   00151E                     
   596                           ;Codigo_Practica6_Parte2.c: 361:             rx = USART_Read();
   597   00151E  EC1F  F00D         	call	_USART_Read	;wreg free
   598   001522  6E4B               	movwf	main@rx^0,c
   599   001524                     
   600                           ;Codigo_Practica6_Parte2.c: 363:             if(pos >= 32){
   601   001524  0E1F               	movlw	31
   602   001526  644C               	cpfsgt	main@pos^0,c
   603   001528  EF98  F00A         	goto	u1861
   604   00152C  EF9A  F00A         	goto	u1860
   605   001530                     u1861:
   606   001530  EF9F  F00A         	goto	l2263
   607   001534                     u1860:
   608   001534                     
   609                           ;Codigo_Practica6_Parte2.c: 364:                 LCD_Comando(0x01);
   610   001534  0E01               	movlw	1
   611   001536  EC6E  F00D         	call	_LCD_Comando
   612   00153A                     
   613                           ;Codigo_Practica6_Parte2.c: 365:                 pos = 0;
   614   00153A  0E00               	movlw	0
   615   00153C  6E4C               	movwf	main@pos^0,c
   616   00153E                     l2263:
   617                           
   618                           ;Codigo_Practica6_Parte2.c: 368:             if(echo){
   619   00153E  5046               	movf	main@echo^0,w,c
   620   001540  B4D8               	btfsc	status,2,c
   621   001542  EFA5  F00A         	goto	u1871
   622   001546  EFA7  F00A         	goto	u1870
   623   00154A                     u1871:
   624   00154A  EFAB  F00A         	goto	l2269
   625   00154E                     u1870:
   626   00154E                     
   627                           ;Codigo_Practica6_Parte2.c: 369:                 LCD_Caracter(tx);
   628   00154E  504A               	movf	main@tx^0,w,c
   629   001550  EC68  F00D         	call	_LCD_Caracter
   630   001554                     
   631                           ;Codigo_Practica6_Parte2.c: 370:                 pos ++;
   632   001554  2A4C               	incf	main@pos^0,f,c
   633   001556                     l2269:
   634                           
   635                           ;Codigo_Practica6_Parte2.c: 372:             LCD_Caracter(rx);
   636   001556  504B               	movf	main@rx^0,w,c
   637   001558  EC68  F00D         	call	_LCD_Caracter
   638                           
   639                           ;Codigo_Practica6_Parte2.c: 373:             pos++;
   640   00155C  2A4C               	incf	main@pos^0,f,c
   641   00155E                     
   642                           ;Codigo_Practica6_Parte2.c: 375:             if(pos == 16) LCD_Linea2();
   643   00155E  0E10               	movlw	16
   644   001560  184C               	xorwf	main@pos^0,w,c
   645   001562  A4D8               	btfss	status,2,c
   646   001564  EFB6  F00A         	goto	u1881
   647   001568  EFB8  F00A         	goto	u1880
   648   00156C                     u1881:
   649   00156C  EFBA  F00A         	goto	l2275
   650   001570                     u1880:
   651   001570  EC74  F00D         	call	_LCD_Linea2	;wreg free
   652   001574                     l2275:
   653                           
   654                           ;Codigo_Practica6_Parte2.c: 378:         if(rx=='A'){
   655   001574  0E41               	movlw	65
   656   001576  184B               	xorwf	main@rx^0,w,c
   657   001578  A4D8               	btfss	status,2,c
   658   00157A  EFC1  F00A         	goto	u1891
   659   00157E  EFC3  F00A         	goto	u1890
   660   001582                     u1891:
   661   001582  EFC6  F00A         	goto	l163
   662   001586                     u1890:
   663   001586                     
   664                           ;Codigo_Practica6_Parte2.c: 379:             LATDbits.LATD0 = 1;
   665   001586  808C               	bsf	140,0,c	;volatile
   666                           
   667                           ;Codigo_Practica6_Parte2.c: 380:         } else{
   668   001588  EF6D  F00A         	goto	l155
   669   00158C                     l163:
   670                           
   671                           ;Codigo_Practica6_Parte2.c: 381:             LATDbits.LATD0 = 0;
   672   00158C  908C               	bcf	140,0,c	;volatile
   673   00158E  EF6D  F00A         	goto	l155
   674   001592  EF13  F000         	goto	start
   675   001596                     __end_of_main:
   676                           	callstack 0
   677                           
   678 ;; *************** function _USART_Read *****************
   679 ;; Defined at:
   680 ;;		line 310 in file "Codigo_Practica6_Parte2.c"
   681 ;; Parameters:    Size  Location     Type
   682 ;;		None
   683 ;; Auto vars:     Size  Location     Type
   684 ;;		None
   685 ;; Return value:  Size  Location     Type
   686 ;;                  1    wreg      unsigned char 
   687 ;; Registers used:
   688 ;;		wreg, status,2
   689 ;; Tracked objects:
   690 ;;		On entry : 0/0
   691 ;;		On exit  : 0/0
   692 ;;		Unchanged: 0/0
   693 ;; Data sizes:     COMRAM   BANK0   BANK1   BANK2   BANK3   BANK4   BANK5   BANK6   BANK7
   694 ;;      Params:         0       0       0       0       0       0       0       0       0
   695 ;;      Locals:         0       0       0       0       0       0       0       0       0
   696 ;;      Temps:          0       0       0       0       0       0       0       0       0
   697 ;;      Totals:         0       0       0       0       0       0       0       0       0
   698 ;;Total ram usage:        0 bytes
   699 ;; Hardware stack levels used: 1
   700 ;; Hardware stack levels required when called: 2
   701 ;; This function calls:
   702 ;;		Nothing
   703 ;; This function is called by:
   704 ;;		_main
   705 ;; This function uses a non-reentrant model
   706 ;;
   707                           
   708                           	psect	text1
   709   001A3E                     __ptext1:
   710                           	callstack 0
   711   001A3E                     _USART_Read:
   712                           	callstack 28
   713   001A3E                     l144:
   714   001A3E  AA9E               	btfss	3998,5,c	;volatile
   715   001A40  EF24  F00D         	goto	u891
   716   001A44  EF26  F00D         	goto	u890
   717   001A48                     u891:
   718   001A48  EF1F  F00D         	goto	l144
   719   001A4C                     u890:
   720   001A4C                     
   721                           ;Codigo_Practica6_Parte2.c: 312:     if(RCSTAbits.OERR){
   722   001A4C  A2AB               	btfss	171,1,c	;volatile
   723   001A4E  EF2B  F00D         	goto	u901
   724   001A52  EF2D  F00D         	goto	u900
   725   001A56                     u901:
   726   001A56  EF30  F00D         	goto	l1559
   727   001A5A                     u900:
   728   001A5A                     
   729                           ;Codigo_Practica6_Parte2.c: 313:         CREN = 0;
   730   001A5A  98AB               	bcf	4011,4,c	;volatile
   731                           
   732                           ;Codigo_Practica6_Parte2.c: 314:         __nop();
   733   001A5C  0000               	nop	
   734                           
   735                           ;Codigo_Practica6_Parte2.c: 315:         CREN = 1;
   736   001A5E  88AB               	bsf	4011,4,c	;volatile
   737   001A60                     l1559:
   738                           
   739                           ;Codigo_Practica6_Parte2.c: 317:     return(RCREG);
   740   001A60  50AE               	movf	174,w,c	;volatile
   741   001A62  0012               	return		;funcret
   742   001A64                     __end_of_USART_Read:
   743                           	callstack 0
   744                           
   745 ;; *************** function _UART_Write *****************
   746 ;; Defined at:
   747 ;;		line 306 in file "Codigo_Practica6_Parte2.c"
   748 ;; Parameters:    Size  Location     Type
   749 ;;  data            1    wreg     unsigned char 
   750 ;; Auto vars:     Size  Location     Type
   751 ;;  data            1    1[COMRAM] unsigned char 
   752 ;; Return value:  Size  Location     Type
   753 ;;                  1    wreg      void 
   754 ;; Registers used:
   755 ;;		wreg
   756 ;; Tracked objects:
   757 ;;		On entry : 0/0
   758 ;;		On exit  : 0/0
   759 ;;		Unchanged: 0/0
   760 ;; Data sizes:     COMRAM   BANK0   BANK1   BANK2   BANK3   BANK4   BANK5   BANK6   BANK7
   761 ;;      Params:         0       0       0       0       0       0       0       0       0
   762 ;;      Locals:         1       0       0       0       0       0       0       0       0
   763 ;;      Temps:          0       0       0       0       0       0       0       0       0
   764 ;;      Totals:         1       0       0       0       0       0       0       0       0
   765 ;;Total ram usage:        1 bytes
   766 ;; Hardware stack levels used: 1
   767 ;; Hardware stack levels required when called: 2
   768 ;; This function calls:
   769 ;;		Nothing
   770 ;; This function is called by:
   771 ;;		_main
   772 ;; This function uses a non-reentrant model
   773 ;;
   774                           
   775                           	psect	text2
   776   001A9E                     __ptext2:
   777                           	callstack 0
   778   001A9E                     _UART_Write:
   779                           	callstack 28
   780                           
   781                           ;incstack = 0
   782                           ;UART_Write@data stored from wreg
   783   001A9E  6E02               	movwf	UART_Write@data^0,c
   784   001AA0                     
   785                           ;Codigo_Practica6_Parte2.c: 307:     TXREG = data;
   786   001AA0  C002  FFAD         	movff	UART_Write@data,4013	;volatile
   787   001AA4                     l138:
   788   001AA4  A2AC               	btfss	4012,1,c	;volatile
   789   001AA6  EF57  F00D         	goto	u881
   790   001AAA  EF59  F00D         	goto	u880
   791   001AAE                     u881:
   792   001AAE  EF52  F00D         	goto	l138
   793   001AB2                     u880:
   794   001AB2  0012               	return		;funcret
   795   001AB4                     __end_of_UART_Write:
   796                           	callstack 0
   797                           
   798 ;; *************** function _UART_Initial *****************
   799 ;; Defined at:
   800 ;;		line 292 in file "Codigo_Practica6_Parte2.c"
   801 ;; Parameters:    Size  Location     Type
   802 ;;  baud_rate       4   56[COMRAM] long 
   803 ;; Auto vars:     Size  Location     Type
   804 ;;  bps             4   64[COMRAM] float 
   805 ;; Return value:  Size  Location     Type
   806 ;;                  1    wreg      void 
   807 ;; Registers used:
   808 ;;		wreg, status,2, status,0, cstack
   809 ;; Tracked objects:
   810 ;;		On entry : 0/0
   811 ;;		On exit  : 0/0
   812 ;;		Unchanged: 0/0
   813 ;; Data sizes:     COMRAM   BANK0   BANK1   BANK2   BANK3   BANK4   BANK5   BANK6   BANK7
   814 ;;      Params:         4       0       0       0       0       0       0       0       0
   815 ;;      Locals:         4       0       0       0       0       0       0       0       0
   816 ;;      Temps:          4       0       0       0       0       0       0       0       0
   817 ;;      Totals:        12       0       0       0       0       0       0       0       0
   818 ;;Total ram usage:       12 bytes
   819 ;; Hardware stack levels used: 1
   820 ;; Hardware stack levels required when called: 3
   821 ;; This function calls:
   822 ;;		___fladd
   823 ;;		___fldiv
   824 ;;		___fltol
   825 ;;		___xxtofl
   826 ;; This function is called by:
   827 ;;		_main
   828 ;; This function uses a non-reentrant model
   829 ;;
   830                           
   831                           	psect	text3
   832   00189A                     __ptext3:
   833                           	callstack 0
   834   00189A                     _UART_Initial:
   835                           	callstack 27
   836   00189A                     
   837                           ;Codigo_Practica6_Parte2.c: 293:     float bps;;Codigo_Practica6_Parte2.c: 294:     TRIS
      +                          Cbits.RC6=1;
   838   00189A  8C94               	bsf	148,6,c	;volatile
   839                           
   840                           ;Codigo_Practica6_Parte2.c: 295:     TRISCbits.RC7=1;
   841   00189C  8E94               	bsf	148,7,c	;volatile
   842   00189E                     
   843                           ;Codigo_Practica6_Parte2.c: 296:     bps = (( (float) 48000000 / (float) (64*baud_rate))
      +                           - 1);
   844   00189E  C039  F03D         	movff	UART_Initial@baud_rate,??_UART_Initial
   845   0018A2  C03A  F03E         	movff	UART_Initial@baud_rate+1,??_UART_Initial+1
   846   0018A6  C03B  F03F         	movff	UART_Initial@baud_rate+2,??_UART_Initial+2
   847   0018AA  C03C  F040         	movff	UART_Initial@baud_rate+3,??_UART_Initial+3
   848   0018AE  0E06               	movlw	6
   849   0018B0                     u1815:
   850   0018B0  90D8               	bcf	status,0,c
   851   0018B2  363D               	rlcf	??_UART_Initial^0,f,c
   852   0018B4  363E               	rlcf	(??_UART_Initial+1)^0,f,c
   853   0018B6  363F               	rlcf	(??_UART_Initial+2)^0,f,c
   854   0018B8  3640               	rlcf	(??_UART_Initial+3)^0,f,c
   855   0018BA  2EE8               	decfsz	wreg,f,c
   856   0018BC  EF58  F00C         	goto	u1815
   857   0018C0  C03D  F002         	movff	??_UART_Initial,___xxtofl@val
   858   0018C4  C03E  F003         	movff	??_UART_Initial+1,___xxtofl@val+1
   859   0018C8  C03F  F004         	movff	??_UART_Initial+2,___xxtofl@val+2
   860   0018CC  C040  F005         	movff	??_UART_Initial+3,___xxtofl@val+3
   861   0018D0  0E01               	movlw	1
   862   0018D2  EC2C  F009         	call	___xxtofl
   863   0018D6  C002  F014         	movff	?___xxtofl,___fldiv@a
   864   0018DA  C003  F015         	movff	?___xxtofl+1,___fldiv@a+1
   865   0018DE  C004  F016         	movff	?___xxtofl+2,___fldiv@a+2
   866   0018E2  C005  F017         	movff	?___xxtofl+3,___fldiv@a+3
   867   0018E6  0E00               	movlw	0
   868   0018E8  6E10               	movwf	___fldiv@b^0,c
   869   0018EA  0E1B               	movlw	27
   870   0018EC  6E11               	movwf	(___fldiv@b+1)^0,c
   871   0018EE  0E37               	movlw	55
   872   0018F0  6E12               	movwf	(___fldiv@b+2)^0,c
   873   0018F2  0E4C               	movlw	76
   874   0018F4  6E13               	movwf	(___fldiv@b+3)^0,c
   875   0018F6  EC72  F006         	call	___fldiv	;wreg free
   876   0018FA  C010  F029         	movff	?___fldiv,___fladd@b
   877   0018FE  C011  F02A         	movff	?___fldiv+1,___fladd@b+1
   878   001902  C012  F02B         	movff	?___fldiv+2,___fladd@b+2
   879   001906  C013  F02C         	movff	?___fldiv+3,___fladd@b+3
   880   00190A  0E00               	movlw	0
   881   00190C  6E2D               	movwf	___fladd@a^0,c
   882   00190E  0E00               	movlw	0
   883   001910  6E2E               	movwf	(___fladd@a+1)^0,c
   884   001912  0E80               	movlw	128
   885   001914  6E2F               	movwf	(___fladd@a+2)^0,c
   886   001916  0EBF               	movlw	191
   887   001918  6E30               	movwf	(___fladd@a+3)^0,c
   888   00191A  EC12  F004         	call	___fladd	;wreg free
   889   00191E  C029  F041         	movff	?___fladd,UART_Initial@bps
   890   001922  C02A  F042         	movff	?___fladd+1,UART_Initial@bps+1
   891   001926  C02B  F043         	movff	?___fladd+2,UART_Initial@bps+2
   892   00192A  C02C  F044         	movff	?___fladd+3,UART_Initial@bps+3
   893                           
   894                           ;Codigo_Practica6_Parte2.c: 297:     SPBRG=(int)bps;
   895   00192E  C041  F002         	movff	UART_Initial@bps,___fltol@f1
   896   001932  C042  F003         	movff	UART_Initial@bps+1,___fltol@f1+1
   897   001936  C043  F004         	movff	UART_Initial@bps+2,___fltol@f1+2
   898   00193A  C044  F005         	movff	UART_Initial@bps+3,___fltol@f1+3
   899   00193E  ECCB  F00A         	call	___fltol	;wreg free
   900   001942  5002               	movf	?___fltol^0,w,c
   901   001944  6EAF               	movwf	175,c	;volatile
   902   001946                     
   903                           ;Codigo_Practica6_Parte2.c: 298:     TXSTAbits.CSRC = 0;
   904   001946  9EAC               	bcf	172,7,c	;volatile
   905   001948                     
   906                           ;Codigo_Practica6_Parte2.c: 299:     TXSTAbits.TX9 = 0;
   907   001948  9CAC               	bcf	172,6,c	;volatile
   908   00194A                     
   909                           ;Codigo_Practica6_Parte2.c: 300:     TXSTAbits.TXEN = 1;
   910   00194A  8AAC               	bsf	172,5,c	;volatile
   911   00194C                     
   912                           ;Codigo_Practica6_Parte2.c: 301:     TXSTAbits.SYNC = 0;
   913   00194C  98AC               	bcf	172,4,c	;volatile
   914   00194E                     
   915                           ;Codigo_Practica6_Parte2.c: 302:     TXSTAbits.BRGH = 0;
   916   00194E  94AC               	bcf	172,2,c	;volatile
   917   001950                     
   918                           ;Codigo_Practica6_Parte2.c: 303:     BAUDCONbits.BRG16 = 0;
   919   001950  96B8               	bcf	184,3,c	;volatile
   920   001952                     
   921                           ;Codigo_Practica6_Parte2.c: 304:     RCSTA = 0x90;
   922   001952  0E90               	movlw	144
   923   001954  6EAB               	movwf	171,c	;volatile
   924   001956  0012               	return		;funcret
   925   001958                     __end_of_UART_Initial:
   926                           	callstack 0
   927                           
   928 ;; *************** function ___xxtofl *****************
   929 ;; Defined at:
   930 ;;		line 10 in file "C:\Program Files\Microchip\xc8\v2.45\pic\sources\c99\common\xxtofl.c"
   931 ;; Parameters:    Size  Location     Type
   932 ;;  sign            1    wreg     unsigned char 
   933 ;;  val             4    1[COMRAM] long 
   934 ;; Auto vars:     Size  Location     Type
   935 ;;  sign            1    9[COMRAM] unsigned char 
   936 ;;  arg             4   11[COMRAM] unsigned long 
   937 ;;  exp             1   10[COMRAM] unsigned char 
   938 ;; Return value:  Size  Location     Type
   939 ;;                  4    1[COMRAM] unsigned char 
   940 ;; Registers used:
   941 ;;		wreg, status,2, status,0
   942 ;; Tracked objects:
   943 ;;		On entry : 0/0
   944 ;;		On exit  : 0/0
   945 ;;		Unchanged: 0/0
   946 ;; Data sizes:     COMRAM   BANK0   BANK1   BANK2   BANK3   BANK4   BANK5   BANK6   BANK7
   947 ;;      Params:         4       0       0       0       0       0       0       0       0
   948 ;;      Locals:         6       0       0       0       0       0       0       0       0
   949 ;;      Temps:          4       0       0       0       0       0       0       0       0
   950 ;;      Totals:        14       0       0       0       0       0       0       0       0
   951 ;;Total ram usage:       14 bytes
   952 ;; Hardware stack levels used: 1
   953 ;; Hardware stack levels required when called: 2
   954 ;; This function calls:
   955 ;;		Nothing
   956 ;; This function is called by:
   957 ;;		_UART_Initial
   958 ;; This function uses a non-reentrant model
   959 ;;
   960                           
   961                           	psect	text4
   962   001258                     __ptext4:
   963                           	callstack 0
   964   001258                     ___xxtofl:
   965                           	callstack 27
   966                           
   967                           ;incstack = 0
   968                           ;___xxtofl@sign stored from wreg
   969   001258  6E0A               	movwf	___xxtofl@sign^0,c
   970   00125A  500A               	movf	___xxtofl@sign^0,w,c
   971   00125C  B4D8               	btfsc	status,2,c
   972   00125E  EF33  F009         	goto	u1701
   973   001262  EF35  F009         	goto	u1700
   974   001266                     u1701:
   975   001266  EF57  F009         	goto	l835
   976   00126A                     u1700:
   977   00126A  BE05               	btfsc	(___xxtofl@val+3)^0,7,c
   978   00126C  EF3C  F009         	goto	u1710
   979   001270  EF3A  F009         	goto	u1711
   980   001274                     u1711:
   981   001274  EF57  F009         	goto	l835
   982   001278                     u1710:
   983   001278  C002  F006         	movff	___xxtofl@val,??___xxtofl
   984   00127C  C003  F007         	movff	___xxtofl@val+1,??___xxtofl+1
   985   001280  C004  F008         	movff	___xxtofl@val+2,??___xxtofl+2
   986   001284  C005  F009         	movff	___xxtofl@val+3,??___xxtofl+3
   987   001288  1E06               	comf	??___xxtofl^0,f,c
   988   00128A  1E07               	comf	(??___xxtofl+1)^0,f,c
   989   00128C  1E08               	comf	(??___xxtofl+2)^0,f,c
   990   00128E  1E09               	comf	(??___xxtofl+3)^0,f,c
   991   001290  2A06               	incf	??___xxtofl^0,f,c
   992   001292  0E00               	movlw	0
   993   001294  2207               	addwfc	(??___xxtofl+1)^0,f,c
   994   001296  2208               	addwfc	(??___xxtofl+2)^0,f,c
   995   001298  2209               	addwfc	(??___xxtofl+3)^0,f,c
   996   00129A  C006  F00C         	movff	??___xxtofl,___xxtofl@arg
   997   00129E  C007  F00D         	movff	??___xxtofl+1,___xxtofl@arg+1
   998   0012A2  C008  F00E         	movff	??___xxtofl+2,___xxtofl@arg+2
   999   0012A6  C009  F00F         	movff	??___xxtofl+3,___xxtofl@arg+3
  1000   0012AA  EF5F  F009         	goto	l2057
  1001   0012AE                     l835:
  1002   0012AE  C002  F00C         	movff	___xxtofl@val,___xxtofl@arg
  1003   0012B2  C003  F00D         	movff	___xxtofl@val+1,___xxtofl@arg+1
  1004   0012B6  C004  F00E         	movff	___xxtofl@val+2,___xxtofl@arg+2
  1005   0012BA  C005  F00F         	movff	___xxtofl@val+3,___xxtofl@arg+3
  1006   0012BE                     l2057:
  1007   0012BE  5002               	movf	___xxtofl@val^0,w,c
  1008   0012C0  1003               	iorwf	(___xxtofl@val+1)^0,w,c
  1009   0012C2  1004               	iorwf	(___xxtofl@val+2)^0,w,c
  1010   0012C4  1005               	iorwf	(___xxtofl@val+3)^0,w,c
  1011   0012C6  A4D8               	btfss	status,2,c
  1012   0012C8  EF68  F009         	goto	u1721
  1013   0012CC  EF6A  F009         	goto	u1720
  1014   0012D0                     u1721:
  1015   0012D0  EF74  F009         	goto	l2063
  1016   0012D4                     u1720:
  1017   0012D4  0E00               	movlw	0
  1018   0012D6  6E02               	movwf	?___xxtofl^0,c
  1019   0012D8  0E00               	movlw	0
  1020   0012DA  6E03               	movwf	(?___xxtofl+1)^0,c
  1021   0012DC  0E00               	movlw	0
  1022   0012DE  6E04               	movwf	(?___xxtofl+2)^0,c
  1023   0012E0  0E00               	movlw	0
  1024   0012E2  6E05               	movwf	(?___xxtofl+3)^0,c
  1025   0012E4  EF05  F00A         	goto	l838
  1026   0012E8                     l2063:
  1027   0012E8  0E96               	movlw	150
  1028   0012EA  6E0B               	movwf	___xxtofl@exp^0,c
  1029   0012EC  EF7E  F009         	goto	l2067
  1030   0012F0                     l2065:
  1031   0012F0  2A0B               	incf	___xxtofl@exp^0,f,c
  1032   0012F2  90D8               	bcf	status,0,c
  1033   0012F4  320F               	rrcf	(___xxtofl@arg+3)^0,f,c
  1034   0012F6  320E               	rrcf	(___xxtofl@arg+2)^0,f,c
  1035   0012F8  320D               	rrcf	(___xxtofl@arg+1)^0,f,c
  1036   0012FA  320C               	rrcf	___xxtofl@arg^0,f,c
  1037   0012FC                     l2067:
  1038   0012FC  0E00               	movlw	0
  1039   0012FE  140C               	andwf	___xxtofl@arg^0,w,c
  1040   001300  6E06               	movwf	??___xxtofl^0,c
  1041   001302  0E00               	movlw	0
  1042   001304  140D               	andwf	(___xxtofl@arg+1)^0,w,c
  1043   001306  6E07               	movwf	(??___xxtofl+1)^0,c
  1044   001308  0E00               	movlw	0
  1045   00130A  140E               	andwf	(___xxtofl@arg+2)^0,w,c
  1046   00130C  6E08               	movwf	(??___xxtofl+2)^0,c
  1047   00130E  0EFE               	movlw	254
  1048   001310  140F               	andwf	(___xxtofl@arg+3)^0,w,c
  1049   001312  6E09               	movwf	(??___xxtofl+3)^0,c
  1050   001314  5006               	movf	??___xxtofl^0,w,c
  1051   001316  1007               	iorwf	(??___xxtofl+1)^0,w,c
  1052   001318  1008               	iorwf	(??___xxtofl+2)^0,w,c
  1053   00131A  1009               	iorwf	(??___xxtofl+3)^0,w,c
  1054   00131C  A4D8               	btfss	status,2,c
  1055   00131E  EF93  F009         	goto	u1731
  1056   001322  EF95  F009         	goto	u1730
  1057   001326                     u1731:
  1058   001326  EF78  F009         	goto	l2065
  1059   00132A                     u1730:
  1060   00132A  EFA3  F009         	goto	l842
  1061   00132E                     l2069:
  1062   00132E  2A0B               	incf	___xxtofl@exp^0,f,c
  1063   001330  0E01               	movlw	1
  1064   001332  260C               	addwf	___xxtofl@arg^0,f,c
  1065   001334  0E00               	movlw	0
  1066   001336  220D               	addwfc	(___xxtofl@arg+1)^0,f,c
  1067   001338  220E               	addwfc	(___xxtofl@arg+2)^0,f,c
  1068   00133A  220F               	addwfc	(___xxtofl@arg+3)^0,f,c
  1069   00133C  90D8               	bcf	status,0,c
  1070   00133E  320F               	rrcf	(___xxtofl@arg+3)^0,f,c
  1071   001340  320E               	rrcf	(___xxtofl@arg+2)^0,f,c
  1072   001342  320D               	rrcf	(___xxtofl@arg+1)^0,f,c
  1073   001344  320C               	rrcf	___xxtofl@arg^0,f,c
  1074   001346                     l842:
  1075   001346  0E00               	movlw	0
  1076   001348  140C               	andwf	___xxtofl@arg^0,w,c
  1077   00134A  6E06               	movwf	??___xxtofl^0,c
  1078   00134C  0E00               	movlw	0
  1079   00134E  140D               	andwf	(___xxtofl@arg+1)^0,w,c
  1080   001350  6E07               	movwf	(??___xxtofl+1)^0,c
  1081   001352  0E00               	movlw	0
  1082   001354  140E               	andwf	(___xxtofl@arg+2)^0,w,c
  1083   001356  6E08               	movwf	(??___xxtofl+2)^0,c
  1084   001358  0EFF               	movlw	255
  1085   00135A  140F               	andwf	(___xxtofl@arg+3)^0,w,c
  1086   00135C  6E09               	movwf	(??___xxtofl+3)^0,c
  1087   00135E  5006               	movf	??___xxtofl^0,w,c
  1088   001360  1007               	iorwf	(??___xxtofl+1)^0,w,c
  1089   001362  1008               	iorwf	(??___xxtofl+2)^0,w,c
  1090   001364  1009               	iorwf	(??___xxtofl+3)^0,w,c
  1091   001366  A4D8               	btfss	status,2,c
  1092   001368  EFB8  F009         	goto	u1741
  1093   00136C  EFBA  F009         	goto	u1740
  1094   001370                     u1741:
  1095   001370  EF97  F009         	goto	l2069
  1096   001374                     u1740:
  1097   001374  EFC2  F009         	goto	l2077
  1098   001378                     l2075:
  1099   001378  060B               	decf	___xxtofl@exp^0,f,c
  1100   00137A  90D8               	bcf	status,0,c
  1101   00137C  360C               	rlcf	___xxtofl@arg^0,f,c
  1102   00137E  360D               	rlcf	(___xxtofl@arg+1)^0,f,c
  1103   001380  360E               	rlcf	(___xxtofl@arg+2)^0,f,c
  1104   001382  360F               	rlcf	(___xxtofl@arg+3)^0,f,c
  1105   001384                     l2077:
  1106   001384  BE0E               	btfsc	(___xxtofl@arg+2)^0,7,c
  1107   001386  EFC7  F009         	goto	u1751
  1108   00138A  EFC9  F009         	goto	u1750
  1109   00138E                     u1751:
  1110   00138E  EFD1  F009         	goto	l849
  1111   001392                     u1750:
  1112   001392  0E02               	movlw	2
  1113   001394  600B               	cpfslt	___xxtofl@exp^0,c
  1114   001396  EFCF  F009         	goto	u1761
  1115   00139A  EFD1  F009         	goto	u1760
  1116   00139E                     u1761:
  1117   00139E  EFBC  F009         	goto	l2075
  1118   0013A2                     u1760:
  1119   0013A2                     l849:
  1120   0013A2  B00B               	btfsc	___xxtofl@exp^0,0,c
  1121   0013A4  EFD6  F009         	goto	u1771
  1122   0013A8  EFD8  F009         	goto	u1770
  1123   0013AC                     u1771:
  1124   0013AC  EFD9  F009         	goto	l2083
  1125   0013B0                     u1770:
  1126   0013B0  9E0E               	bcf	(___xxtofl@arg+2)^0,7,c
  1127   0013B2                     l2083:
  1128   0013B2  90D8               	bcf	status,0,c
  1129   0013B4  320B               	rrcf	___xxtofl@exp^0,f,c
  1130   0013B6  C00B  F006         	movff	___xxtofl@exp,??___xxtofl
  1131   0013BA  6A07               	clrf	(??___xxtofl+1)^0,c
  1132   0013BC  6A08               	clrf	(??___xxtofl+2)^0,c
  1133   0013BE  6A09               	clrf	(??___xxtofl+3)^0,c
  1134   0013C0  C006  F009         	movff	??___xxtofl,??___xxtofl+3
  1135   0013C4  6A08               	clrf	(??___xxtofl+2)^0,c
  1136   0013C6  6A07               	clrf	(??___xxtofl+1)^0,c
  1137   0013C8  6A06               	clrf	??___xxtofl^0,c
  1138   0013CA  5006               	movf	??___xxtofl^0,w,c
  1139   0013CC  120C               	iorwf	___xxtofl@arg^0,f,c
  1140   0013CE  5007               	movf	(??___xxtofl+1)^0,w,c
  1141   0013D0  120D               	iorwf	(___xxtofl@arg+1)^0,f,c
  1142   0013D2  5008               	movf	(??___xxtofl+2)^0,w,c
  1143   0013D4  120E               	iorwf	(___xxtofl@arg+2)^0,f,c
  1144   0013D6  5009               	movf	(??___xxtofl+3)^0,w,c
  1145   0013D8  120F               	iorwf	(___xxtofl@arg+3)^0,f,c
  1146   0013DA  500A               	movf	___xxtofl@sign^0,w,c
  1147   0013DC  B4D8               	btfsc	status,2,c
  1148   0013DE  EFF3  F009         	goto	u1781
  1149   0013E2  EFF5  F009         	goto	u1780
  1150   0013E6                     u1781:
  1151   0013E6  EFFD  F009         	goto	l2093
  1152   0013EA                     u1780:
  1153   0013EA  BE05               	btfsc	(___xxtofl@val+3)^0,7,c
  1154   0013EC  EFFC  F009         	goto	u1790
  1155   0013F0  EFFA  F009         	goto	u1791
  1156   0013F4                     u1791:
  1157   0013F4  EFFD  F009         	goto	l2093
  1158   0013F8                     u1790:
  1159   0013F8  8E0F               	bsf	(___xxtofl@arg+3)^0,7,c
  1160   0013FA                     l2093:
  1161   0013FA  C00C  F002         	movff	___xxtofl@arg,?___xxtofl
  1162   0013FE  C00D  F003         	movff	___xxtofl@arg+1,?___xxtofl+1
  1163   001402  C00E  F004         	movff	___xxtofl@arg+2,?___xxtofl+2
  1164   001406  C00F  F005         	movff	___xxtofl@arg+3,?___xxtofl+3
  1165   00140A                     l838:
  1166   00140A  0012               	return		;funcret
  1167   00140C                     __end_of___xxtofl:
  1168                           	callstack 0
  1169                           
  1170 ;; *************** function ___fltol *****************
  1171 ;; Defined at:
  1172 ;;		line 43 in file "C:\Program Files\Microchip\xc8\v2.45\pic\sources\c99\common\fltol.c"
  1173 ;; Parameters:    Size  Location     Type
  1174 ;;  f1              4    1[COMRAM] unsigned char 
  1175 ;; Auto vars:     Size  Location     Type
  1176 ;;  exp1            1   10[COMRAM] unsigned char 
  1177 ;;  sign1           1    9[COMRAM] unsigned char 
  1178 ;; Return value:  Size  Location     Type
  1179 ;;                  4    1[COMRAM] long 
  1180 ;; Registers used:
  1181 ;;		wreg, status,2, status,0
  1182 ;; Tracked objects:
  1183 ;;		On entry : 0/0
  1184 ;;		On exit  : 0/0
  1185 ;;		Unchanged: 0/0
  1186 ;; Data sizes:     COMRAM   BANK0   BANK1   BANK2   BANK3   BANK4   BANK5   BANK6   BANK7
  1187 ;;      Params:         4       0       0       0       0       0       0       0       0
  1188 ;;      Locals:         2       0       0       0       0       0       0       0       0
  1189 ;;      Temps:          4       0       0       0       0       0       0       0       0
  1190 ;;      Totals:        10       0       0       0       0       0       0       0       0
  1191 ;;Total ram usage:       10 bytes
  1192 ;; Hardware stack levels used: 1
  1193 ;; Hardware stack levels required when called: 2
  1194 ;; This function calls:
  1195 ;;		Nothing
  1196 ;; This function is called by:
  1197 ;;		_UART_Initial
  1198 ;; This function uses a non-reentrant model
  1199 ;;
  1200                           
  1201                           	psect	text5
  1202   001596                     __ptext5:
  1203                           	callstack 0
  1204   001596                     ___fltol:
  1205                           	callstack 27
  1206   001596  3404               	rlcf	(___fltol@f1+2)^0,w,c
  1207   001598  3405               	rlcf	(___fltol@f1+3)^0,w,c
  1208   00159A  6E0B               	movwf	___fltol@exp1^0,c
  1209   00159C  500B               	movf	___fltol@exp1^0,w,c
  1210   00159E  A4D8               	btfss	status,2,c
  1211   0015A0  EFD4  F00A         	goto	u1631
  1212   0015A4  EFD6  F00A         	goto	u1630
  1213   0015A8                     u1631:
  1214   0015A8  EFE0  F00A         	goto	l2013
  1215   0015AC                     u1630:
  1216   0015AC                     l2009:
  1217   0015AC  0E00               	movlw	0
  1218   0015AE  6E02               	movwf	?___fltol^0,c
  1219   0015B0  0E00               	movlw	0
  1220   0015B2  6E03               	movwf	(?___fltol+1)^0,c
  1221   0015B4  0E00               	movlw	0
  1222   0015B6  6E04               	movwf	(?___fltol+2)^0,c
  1223   0015B8  0E00               	movlw	0
  1224   0015BA  6E05               	movwf	(?___fltol+3)^0,c
  1225   0015BC  EF4D  F00B         	goto	l477
  1226   0015C0                     l2013:
  1227   0015C0  C002  F006         	movff	___fltol@f1,??___fltol
  1228   0015C4  C003  F007         	movff	___fltol@f1+1,??___fltol+1
  1229   0015C8  C004  F008         	movff	___fltol@f1+2,??___fltol+2
  1230   0015CC  C005  F009         	movff	___fltol@f1+3,??___fltol+3
  1231   0015D0  0E20               	movlw	32
  1232   0015D2  EFF0  F00A         	goto	u1640
  1233   0015D6                     u1645:
  1234   0015D6  90D8               	bcf	status,0,c
  1235   0015D8  3209               	rrcf	(??___fltol+3)^0,f,c
  1236   0015DA  3208               	rrcf	(??___fltol+2)^0,f,c
  1237   0015DC  3207               	rrcf	(??___fltol+1)^0,f,c
  1238   0015DE  3206               	rrcf	??___fltol^0,f,c
  1239   0015E0                     u1640:
  1240   0015E0  2EE8               	decfsz	wreg,f,c
  1241   0015E2  EFEB  F00A         	goto	u1645
  1242   0015E6  5006               	movf	??___fltol^0,w,c
  1243   0015E8  6E0A               	movwf	___fltol@sign1^0,c
  1244   0015EA  8E04               	bsf	(___fltol@f1+2)^0,7,c
  1245   0015EC  0EFF               	movlw	255
  1246   0015EE  1602               	andwf	___fltol@f1^0,f,c
  1247   0015F0  0EFF               	movlw	255
  1248   0015F2  1603               	andwf	(___fltol@f1+1)^0,f,c
  1249   0015F4  0EFF               	movlw	255
  1250   0015F6  1604               	andwf	(___fltol@f1+2)^0,f,c
  1251   0015F8  0E00               	movlw	0
  1252   0015FA  1605               	andwf	(___fltol@f1+3)^0,f,c
  1253   0015FC  0E96               	movlw	150
  1254   0015FE  5E0B               	subwf	___fltol@exp1^0,f,c
  1255   001600  BE0B               	btfsc	___fltol@exp1^0,7,c
  1256   001602  EF07  F00B         	goto	u1650
  1257   001606  EF05  F00B         	goto	u1651
  1258   00160A                     u1651:
  1259   00160A  EF1D  F00B         	goto	l2033
  1260   00160E                     u1650:
  1261   00160E  500B               	movf	___fltol@exp1^0,w,c
  1262   001610  0A80               	xorlw	128
  1263   001612  0F97               	addlw	151
  1264   001614  B0D8               	btfsc	status,0,c
  1265   001616  EF0F  F00B         	goto	u1661
  1266   00161A  EF11  F00B         	goto	u1660
  1267   00161E                     u1661:
  1268   00161E  EF13  F00B         	goto	l2029
  1269   001622                     u1660:
  1270   001622  EFD6  F00A         	goto	l2009
  1271   001626                     l2029:
  1272   001626  90D8               	bcf	status,0,c
  1273   001628  3205               	rrcf	(___fltol@f1+3)^0,f,c
  1274   00162A  3204               	rrcf	(___fltol@f1+2)^0,f,c
  1275   00162C  3203               	rrcf	(___fltol@f1+1)^0,f,c
  1276   00162E  3202               	rrcf	___fltol@f1^0,f,c
  1277   001630  3E0B               	incfsz	___fltol@exp1^0,f,c
  1278   001632  EF13  F00B         	goto	l2029
  1279   001636  EF35  F00B         	goto	l2043
  1280   00163A                     l2033:
  1281   00163A  0E1F               	movlw	31
  1282   00163C  640B               	cpfsgt	___fltol@exp1^0,c
  1283   00163E  EF23  F00B         	goto	u1671
  1284   001642  EF25  F00B         	goto	u1670
  1285   001646                     u1671:
  1286   001646  EF2D  F00B         	goto	l2041
  1287   00164A                     u1670:
  1288   00164A  EFD6  F00A         	goto	l2009
  1289   00164E                     l2039:
  1290   00164E  90D8               	bcf	status,0,c
  1291   001650  3602               	rlcf	___fltol@f1^0,f,c
  1292   001652  3603               	rlcf	(___fltol@f1+1)^0,f,c
  1293   001654  3604               	rlcf	(___fltol@f1+2)^0,f,c
  1294   001656  3605               	rlcf	(___fltol@f1+3)^0,f,c
  1295   001658  060B               	decf	___fltol@exp1^0,f,c
  1296   00165A                     l2041:
  1297   00165A  500B               	movf	___fltol@exp1^0,w,c
  1298   00165C  A4D8               	btfss	status,2,c
  1299   00165E  EF33  F00B         	goto	u1681
  1300   001662  EF35  F00B         	goto	u1680
  1301   001666                     u1681:
  1302   001666  EF27  F00B         	goto	l2039
  1303   00166A                     u1680:
  1304   00166A                     l2043:
  1305   00166A  500A               	movf	___fltol@sign1^0,w,c
  1306   00166C  B4D8               	btfsc	status,2,c
  1307   00166E  EF3B  F00B         	goto	u1691
  1308   001672  EF3D  F00B         	goto	u1690
  1309   001676                     u1691:
  1310   001676  EF45  F00B         	goto	l2047
  1311   00167A                     u1690:
  1312   00167A  1E05               	comf	(___fltol@f1+3)^0,f,c
  1313   00167C  1E04               	comf	(___fltol@f1+2)^0,f,c
  1314   00167E  1E03               	comf	(___fltol@f1+1)^0,f,c
  1315   001680  6C02               	negf	___fltol@f1^0,c
  1316   001682  0E00               	movlw	0
  1317   001684  2203               	addwfc	(___fltol@f1+1)^0,f,c
  1318   001686  2204               	addwfc	(___fltol@f1+2)^0,f,c
  1319   001688  2205               	addwfc	(___fltol@f1+3)^0,f,c
  1320   00168A                     l2047:
  1321   00168A  C002  F002         	movff	___fltol@f1,?___fltol
  1322   00168E  C003  F003         	movff	___fltol@f1+1,?___fltol+1
  1323   001692  C004  F004         	movff	___fltol@f1+2,?___fltol+2
  1324   001696  C005  F005         	movff	___fltol@f1+3,?___fltol+3
  1325   00169A                     l477:
  1326   00169A  0012               	return		;funcret
  1327   00169C                     __end_of___fltol:
  1328                           	callstack 0
  1329                           
  1330 ;; *************** function ___fldiv *****************
  1331 ;; Defined at:
  1332 ;;		line 11 in file "C:\Program Files\Microchip\xc8\v2.45\pic\sources\c99\common\sprcdiv.c"
  1333 ;; Parameters:    Size  Location     Type
  1334 ;;  b               4   15[COMRAM] long 
  1335 ;;  a               4   19[COMRAM] long 
  1336 ;; Auto vars:     Size  Location     Type
  1337 ;;  grs             4   34[COMRAM] unsigned long 
  1338 ;;  rem             4   27[COMRAM] unsigned long 
  1339 ;;  new_exp         2   32[COMRAM] short 
  1340 ;;  aexp            1   39[COMRAM] unsigned char 
  1341 ;;  bexp            1   38[COMRAM] unsigned char 
  1342 ;;  sign            1   31[COMRAM] unsigned char 
  1343 ;; Return value:  Size  Location     Type
  1344 ;;                  4   15[COMRAM] unsigned char 
  1345 ;; Registers used:
  1346 ;;		wreg, status,2, status,0
  1347 ;; Tracked objects:
  1348 ;;		On entry : 0/0
  1349 ;;		On exit  : 0/0
  1350 ;;		Unchanged: 0/0
  1351 ;; Data sizes:     COMRAM   BANK0   BANK1   BANK2   BANK3   BANK4   BANK5   BANK6   BANK7
  1352 ;;      Params:         8       0       0       0       0       0       0       0       0
  1353 ;;      Locals:        13       0       0       0       0       0       0       0       0
  1354 ;;      Temps:          4       0       0       0       0       0       0       0       0
  1355 ;;      Totals:        25       0       0       0       0       0       0       0       0
  1356 ;;Total ram usage:       25 bytes
  1357 ;; Hardware stack levels used: 1
  1358 ;; Hardware stack levels required when called: 2
  1359 ;; This function calls:
  1360 ;;		Nothing
  1361 ;; This function is called by:
  1362 ;;		_UART_Initial
  1363 ;; This function uses a non-reentrant model
  1364 ;;
  1365                           
  1366                           	psect	text6
  1367   000CE4                     __ptext6:
  1368                           	callstack 0
  1369   000CE4                     ___fldiv:
  1370                           	callstack 27
  1371   000CE4  5013               	movf	(___fldiv@b+3)^0,w,c
  1372   000CE6  0B80               	andlw	128
  1373   000CE8  6E20               	movwf	___fldiv@sign^0,c
  1374   000CEA  5013               	movf	(___fldiv@b+3)^0,w,c
  1375   000CEC  2413               	addwf	(___fldiv@b+3)^0,w,c
  1376   000CEE  6E27               	movwf	___fldiv@bexp^0,c
  1377   000CF0  AE12               	btfss	(___fldiv@b+2)^0,7,c
  1378   000CF2  EF7D  F006         	goto	u1401
  1379   000CF6  EF7F  F006         	goto	u1400
  1380   000CFA                     u1401:
  1381   000CFA  EF80  F006         	goto	l1875
  1382   000CFE                     u1400:
  1383   000CFE  8027               	bsf	___fldiv@bexp^0,0,c
  1384   000D00                     l1875:
  1385   000D00  5027               	movf	___fldiv@bexp^0,w,c
  1386   000D02  B4D8               	btfsc	status,2,c
  1387   000D04  EF86  F006         	goto	u1411
  1388   000D08  EF88  F006         	goto	u1410
  1389   000D0C                     u1411:
  1390   000D0C  EF9D  F006         	goto	l1885
  1391   000D10                     u1410:
  1392   000D10  2827               	incf	___fldiv@bexp^0,w,c
  1393   000D12  A4D8               	btfss	status,2,c
  1394   000D14  EF8E  F006         	goto	u1421
  1395   000D18  EF90  F006         	goto	u1420
  1396   000D1C                     u1421:
  1397   000D1C  EF98  F006         	goto	l1881
  1398   000D20                     u1420:
  1399   000D20  0E00               	movlw	0
  1400   000D22  6E10               	movwf	___fldiv@b^0,c
  1401   000D24  0E00               	movlw	0
  1402   000D26  6E11               	movwf	(___fldiv@b+1)^0,c
  1403   000D28  0E00               	movlw	0
  1404   000D2A  6E12               	movwf	(___fldiv@b+2)^0,c
  1405   000D2C  0E00               	movlw	0
  1406   000D2E  6E13               	movwf	(___fldiv@b+3)^0,c
  1407   000D30                     l1881:
  1408   000D30  8E12               	bsf	(___fldiv@b+2)^0,7,c
  1409   000D32  0E00               	movlw	0
  1410   000D34  6E13               	movwf	(___fldiv@b+3)^0,c
  1411   000D36  EFA5  F006         	goto	l1887
  1412   000D3A                     l1885:
  1413   000D3A  0E00               	movlw	0
  1414   000D3C  6E10               	movwf	___fldiv@b^0,c
  1415   000D3E  0E00               	movlw	0
  1416   000D40  6E11               	movwf	(___fldiv@b+1)^0,c
  1417   000D42  0E00               	movlw	0
  1418   000D44  6E12               	movwf	(___fldiv@b+2)^0,c
  1419   000D46  0E00               	movlw	0
  1420   000D48  6E13               	movwf	(___fldiv@b+3)^0,c
  1421   000D4A                     l1887:
  1422   000D4A  5017               	movf	(___fldiv@a+3)^0,w,c
  1423   000D4C  0B80               	andlw	128
  1424   000D4E  1A20               	xorwf	___fldiv@sign^0,f,c
  1425   000D50  5017               	movf	(___fldiv@a+3)^0,w,c
  1426   000D52  2417               	addwf	(___fldiv@a+3)^0,w,c
  1427   000D54  6E28               	movwf	___fldiv@aexp^0,c
  1428   000D56  AE16               	btfss	(___fldiv@a+2)^0,7,c
  1429   000D58  EFB0  F006         	goto	u1431
  1430   000D5C  EFB2  F006         	goto	u1430
  1431   000D60                     u1431:
  1432   000D60  EFB3  F006         	goto	l1895
  1433   000D64                     u1430:
  1434   000D64  8028               	bsf	___fldiv@aexp^0,0,c
  1435   000D66                     l1895:
  1436   000D66  5028               	movf	___fldiv@aexp^0,w,c
  1437   000D68  B4D8               	btfsc	status,2,c
  1438   000D6A  EFB9  F006         	goto	u1441
  1439   000D6E  EFBB  F006         	goto	u1440
  1440   000D72                     u1441:
  1441   000D72  EFD0  F006         	goto	l1905
  1442   000D76                     u1440:
  1443   000D76  2828               	incf	___fldiv@aexp^0,w,c
  1444   000D78  A4D8               	btfss	status,2,c
  1445   000D7A  EFC1  F006         	goto	u1451
  1446   000D7E  EFC3  F006         	goto	u1450
  1447   000D82                     u1451:
  1448   000D82  EFCB  F006         	goto	l1901
  1449   000D86                     u1450:
  1450   000D86  0E00               	movlw	0
  1451   000D88  6E14               	movwf	___fldiv@a^0,c
  1452   000D8A  0E00               	movlw	0
  1453   000D8C  6E15               	movwf	(___fldiv@a+1)^0,c
  1454   000D8E  0E00               	movlw	0
  1455   000D90  6E16               	movwf	(___fldiv@a+2)^0,c
  1456   000D92  0E00               	movlw	0
  1457   000D94  6E17               	movwf	(___fldiv@a+3)^0,c
  1458   000D96                     l1901:
  1459   000D96  8E16               	bsf	(___fldiv@a+2)^0,7,c
  1460   000D98  0E00               	movlw	0
  1461   000D9A  6E17               	movwf	(___fldiv@a+3)^0,c
  1462   000D9C  EFD8  F006         	goto	l1907
  1463   000DA0                     l1905:
  1464   000DA0  0E00               	movlw	0
  1465   000DA2  6E14               	movwf	___fldiv@a^0,c
  1466   000DA4  0E00               	movlw	0
  1467   000DA6  6E15               	movwf	(___fldiv@a+1)^0,c
  1468   000DA8  0E00               	movlw	0
  1469   000DAA  6E16               	movwf	(___fldiv@a+2)^0,c
  1470   000DAC  0E00               	movlw	0
  1471   000DAE  6E17               	movwf	(___fldiv@a+3)^0,c
  1472   000DB0                     l1907:
  1473   000DB0  5014               	movf	___fldiv@a^0,w,c
  1474   000DB2  1015               	iorwf	(___fldiv@a+1)^0,w,c
  1475   000DB4  1016               	iorwf	(___fldiv@a+2)^0,w,c
  1476   000DB6  1017               	iorwf	(___fldiv@a+3)^0,w,c
  1477   000DB8  A4D8               	btfss	status,2,c
  1478   000DBA  EFE1  F006         	goto	u1461
  1479   000DBE  EFE3  F006         	goto	u1460
  1480   000DC2                     u1461:
  1481   000DC2  EFFB  F006         	goto	l1919
  1482   000DC6                     u1460:
  1483   000DC6  0E00               	movlw	0
  1484   000DC8  6E10               	movwf	___fldiv@b^0,c
  1485   000DCA  0E00               	movlw	0
  1486   000DCC  6E11               	movwf	(___fldiv@b+1)^0,c
  1487   000DCE  0E00               	movlw	0
  1488   000DD0  6E12               	movwf	(___fldiv@b+2)^0,c
  1489   000DD2  0E00               	movlw	0
  1490   000DD4  6E13               	movwf	(___fldiv@b+3)^0,c
  1491   000DD6  0E80               	movlw	128
  1492   000DD8  1212               	iorwf	(___fldiv@b+2)^0,f,c
  1493   000DDA  0E7F               	movlw	127
  1494   000DDC  1213               	iorwf	(___fldiv@b+3)^0,f,c
  1495   000DDE                     l1913:
  1496   000DDE  5020               	movf	___fldiv@sign^0,w,c
  1497   000DE0  1213               	iorwf	(___fldiv@b+3)^0,f,c
  1498   000DE2  C010  F010         	movff	___fldiv@b,?___fldiv
  1499   000DE6  C011  F011         	movff	___fldiv@b+1,?___fldiv+1
  1500   000DEA  C012  F012         	movff	___fldiv@b+2,?___fldiv+2
  1501   000DEE  C013  F013         	movff	___fldiv@b+3,?___fldiv+3
  1502   000DF2  EF3E  F008         	goto	l762
  1503   000DF6                     l1919:
  1504   000DF6  5027               	movf	___fldiv@bexp^0,w,c
  1505   000DF8  A4D8               	btfss	status,2,c
  1506   000DFA  EF01  F007         	goto	u1471
  1507   000DFE  EF03  F007         	goto	u1470
  1508   000E02                     u1471:
  1509   000E02  EF0D  F007         	goto	l1927
  1510   000E06                     u1470:
  1511   000E06  0E00               	movlw	0
  1512   000E08  6E10               	movwf	?___fldiv^0,c
  1513   000E0A  0E00               	movlw	0
  1514   000E0C  6E11               	movwf	(?___fldiv+1)^0,c
  1515   000E0E  0E00               	movlw	0
  1516   000E10  6E12               	movwf	(?___fldiv+2)^0,c
  1517   000E12  0E00               	movlw	0
  1518   000E14  6E13               	movwf	(?___fldiv+3)^0,c
  1519   000E16  EF3E  F008         	goto	l762
  1520   000E1A                     l1927:
  1521   000E1A  5028               	movf	___fldiv@aexp^0,w,c
  1522   000E1C  C027  F018         	movff	___fldiv@bexp,??___fldiv
  1523   000E20  6A19               	clrf	(??___fldiv+1)^0,c
  1524   000E22  5E18               	subwf	??___fldiv^0,f,c
  1525   000E24  0E00               	movlw	0
  1526   000E26  5A19               	subwfb	(??___fldiv+1)^0,f,c
  1527   000E28  0E7F               	movlw	127
  1528   000E2A  2418               	addwf	??___fldiv^0,w,c
  1529   000E2C  6E21               	movwf	___fldiv@new_exp^0,c
  1530   000E2E  0E00               	movlw	0
  1531   000E30  2019               	addwfc	(??___fldiv+1)^0,w,c
  1532   000E32  6E22               	movwf	(___fldiv@new_exp+1)^0,c
  1533   000E34  C010  F01C         	movff	___fldiv@b,___fldiv@rem
  1534   000E38  C011  F01D         	movff	___fldiv@b+1,___fldiv@rem+1
  1535   000E3C  C012  F01E         	movff	___fldiv@b+2,___fldiv@rem+2
  1536   000E40  C013  F01F         	movff	___fldiv@b+3,___fldiv@rem+3
  1537   000E44  0E00               	movlw	0
  1538   000E46  6E10               	movwf	___fldiv@b^0,c
  1539   000E48  0E00               	movlw	0
  1540   000E4A  6E11               	movwf	(___fldiv@b+1)^0,c
  1541   000E4C  0E00               	movlw	0
  1542   000E4E  6E12               	movwf	(___fldiv@b+2)^0,c
  1543   000E50  0E00               	movlw	0
  1544   000E52  6E13               	movwf	(___fldiv@b+3)^0,c
  1545   000E54  0E00               	movlw	0
  1546   000E56  6E23               	movwf	___fldiv@grs^0,c
  1547   000E58  0E00               	movlw	0
  1548   000E5A  6E24               	movwf	(___fldiv@grs+1)^0,c
  1549   000E5C  0E00               	movlw	0
  1550   000E5E  6E25               	movwf	(___fldiv@grs+2)^0,c
  1551   000E60  0E00               	movlw	0
  1552   000E62  6E26               	movwf	(___fldiv@grs+3)^0,c
  1553   000E64  0E00               	movlw	0
  1554   000E66  6E28               	movwf	___fldiv@aexp^0,c
  1555   000E68  EF6E  F007         	goto	l764
  1556   000E6C                     l1937:
  1557   000E6C  5028               	movf	___fldiv@aexp^0,w,c
  1558   000E6E  B4D8               	btfsc	status,2,c
  1559   000E70  EF3C  F007         	goto	u1481
  1560   000E74  EF3E  F007         	goto	u1480
  1561   000E78                     u1481:
  1562   000E78  EF55  F007         	goto	l1945
  1563   000E7C                     u1480:
  1564   000E7C  90D8               	bcf	status,0,c
  1565   000E7E  361C               	rlcf	___fldiv@rem^0,f,c
  1566   000E80  361D               	rlcf	(___fldiv@rem+1)^0,f,c
  1567   000E82  361E               	rlcf	(___fldiv@rem+2)^0,f,c
  1568   000E84  361F               	rlcf	(___fldiv@rem+3)^0,f,c
  1569   000E86  90D8               	bcf	status,0,c
  1570   000E88  3610               	rlcf	___fldiv@b^0,f,c
  1571   000E8A  3611               	rlcf	(___fldiv@b+1)^0,f,c
  1572   000E8C  3612               	rlcf	(___fldiv@b+2)^0,f,c
  1573   000E8E  3613               	rlcf	(___fldiv@b+3)^0,f,c
  1574   000E90  AE26               	btfss	(___fldiv@grs+3)^0,7,c
  1575   000E92  EF4D  F007         	goto	u1491
  1576   000E96  EF4F  F007         	goto	u1490
  1577   000E9A                     u1491:
  1578   000E9A  EF50  F007         	goto	l767
  1579   000E9E                     u1490:
  1580   000E9E  8010               	bsf	___fldiv@b^0,0,c
  1581   000EA0                     l767:
  1582   000EA0  90D8               	bcf	status,0,c
  1583   000EA2  3623               	rlcf	___fldiv@grs^0,f,c
  1584   000EA4  3624               	rlcf	(___fldiv@grs+1)^0,f,c
  1585   000EA6  3625               	rlcf	(___fldiv@grs+2)^0,f,c
  1586   000EA8  3626               	rlcf	(___fldiv@grs+3)^0,f,c
  1587   000EAA                     l1945:
  1588   000EAA  5014               	movf	___fldiv@a^0,w,c
  1589   000EAC  5C1C               	subwf	___fldiv@rem^0,w,c
  1590   000EAE  5015               	movf	(___fldiv@a+1)^0,w,c
  1591   000EB0  581D               	subwfb	(___fldiv@rem+1)^0,w,c
  1592   000EB2  5016               	movf	(___fldiv@a+2)^0,w,c
  1593   000EB4  581E               	subwfb	(___fldiv@rem+2)^0,w,c
  1594   000EB6  5017               	movf	(___fldiv@a+3)^0,w,c
  1595   000EB8  581F               	subwfb	(___fldiv@rem+3)^0,w,c
  1596   000EBA  A0D8               	btfss	status,0,c
  1597   000EBC  EF62  F007         	goto	u1501
  1598   000EC0  EF64  F007         	goto	u1500
  1599   000EC4                     u1501:
  1600   000EC4  EF6D  F007         	goto	l1951
  1601   000EC8                     u1500:
  1602   000EC8  8C26               	bsf	(___fldiv@grs+3)^0,6,c
  1603   000ECA  5014               	movf	___fldiv@a^0,w,c
  1604   000ECC  5E1C               	subwf	___fldiv@rem^0,f,c
  1605   000ECE  5015               	movf	(___fldiv@a+1)^0,w,c
  1606   000ED0  5A1D               	subwfb	(___fldiv@rem+1)^0,f,c
  1607   000ED2  5016               	movf	(___fldiv@a+2)^0,w,c
  1608   000ED4  5A1E               	subwfb	(___fldiv@rem+2)^0,f,c
  1609   000ED6  5017               	movf	(___fldiv@a+3)^0,w,c
  1610   000ED8  5A1F               	subwfb	(___fldiv@rem+3)^0,f,c
  1611   000EDA                     l1951:
  1612   000EDA  2A28               	incf	___fldiv@aexp^0,f,c
  1613   000EDC                     l764:
  1614   000EDC  0E19               	movlw	25
  1615   000EDE  6428               	cpfsgt	___fldiv@aexp^0,c
  1616   000EE0  EF74  F007         	goto	u1511
  1617   000EE4  EF76  F007         	goto	u1510
  1618   000EE8                     u1511:
  1619   000EE8  EF36  F007         	goto	l1937
  1620   000EEC                     u1510:
  1621   000EEC  501C               	movf	___fldiv@rem^0,w,c
  1622   000EEE  101D               	iorwf	(___fldiv@rem+1)^0,w,c
  1623   000EF0  101E               	iorwf	(___fldiv@rem+2)^0,w,c
  1624   000EF2  101F               	iorwf	(___fldiv@rem+3)^0,w,c
  1625   000EF4  B4D8               	btfsc	status,2,c
  1626   000EF6  EF7F  F007         	goto	u1521
  1627   000EFA  EF81  F007         	goto	u1520
  1628   000EFE                     u1521:
  1629   000EFE  EF99  F007         	goto	l1963
  1630   000F02                     u1520:
  1631   000F02  8023               	bsf	___fldiv@grs^0,0,c
  1632   000F04  EF99  F007         	goto	l1963
  1633   000F08                     l1957:
  1634   000F08  90D8               	bcf	status,0,c
  1635   000F0A  3610               	rlcf	___fldiv@b^0,f,c
  1636   000F0C  3611               	rlcf	(___fldiv@b+1)^0,f,c
  1637   000F0E  3612               	rlcf	(___fldiv@b+2)^0,f,c
  1638   000F10  3613               	rlcf	(___fldiv@b+3)^0,f,c
  1639   000F12  AE26               	btfss	(___fldiv@grs+3)^0,7,c
  1640   000F14  EF8E  F007         	goto	u1531
  1641   000F18  EF90  F007         	goto	u1530
  1642   000F1C                     u1531:
  1643   000F1C  EF91  F007         	goto	l773
  1644   000F20                     u1530:
  1645   000F20  8010               	bsf	___fldiv@b^0,0,c
  1646   000F22                     l773:
  1647   000F22  90D8               	bcf	status,0,c
  1648   000F24  3623               	rlcf	___fldiv@grs^0,f,c
  1649   000F26  3624               	rlcf	(___fldiv@grs+1)^0,f,c
  1650   000F28  3625               	rlcf	(___fldiv@grs+2)^0,f,c
  1651   000F2A  3626               	rlcf	(___fldiv@grs+3)^0,f,c
  1652   000F2C  0621               	decf	___fldiv@new_exp^0,f,c
  1653   000F2E  A0D8               	btfss	status,0,c
  1654   000F30  0622               	decf	(___fldiv@new_exp+1)^0,f,c
  1655   000F32                     l1963:
  1656   000F32  AE12               	btfss	(___fldiv@b+2)^0,7,c
  1657   000F34  EF9E  F007         	goto	u1541
  1658   000F38  EFA0  F007         	goto	u1540
  1659   000F3C                     u1541:
  1660   000F3C  EF84  F007         	goto	l1957
  1661   000F40                     u1540:
  1662   000F40  0E00               	movlw	0
  1663   000F42  6E28               	movwf	___fldiv@aexp^0,c
  1664   000F44  AE26               	btfss	(___fldiv@grs+3)^0,7,c
  1665   000F46  EFA7  F007         	goto	u1551
  1666   000F4A  EFA9  F007         	goto	u1550
  1667   000F4E                     u1551:
  1668   000F4E  EFCD  F007         	goto	l775
  1669   000F52                     u1550:
  1670   000F52  0EFF               	movlw	255
  1671   000F54  1423               	andwf	___fldiv@grs^0,w,c
  1672   000F56  6E18               	movwf	??___fldiv^0,c
  1673   000F58  0EFF               	movlw	255
  1674   000F5A  1424               	andwf	(___fldiv@grs+1)^0,w,c
  1675   000F5C  6E19               	movwf	(??___fldiv+1)^0,c
  1676   000F5E  0EFF               	movlw	255
  1677   000F60  1425               	andwf	(___fldiv@grs+2)^0,w,c
  1678   000F62  6E1A               	movwf	(??___fldiv+2)^0,c
  1679   000F64  0E7F               	movlw	127
  1680   000F66  1426               	andwf	(___fldiv@grs+3)^0,w,c
  1681   000F68  6E1B               	movwf	(??___fldiv+3)^0,c
  1682   000F6A  5018               	movf	??___fldiv^0,w,c
  1683   000F6C  1019               	iorwf	(??___fldiv+1)^0,w,c
  1684   000F6E  101A               	iorwf	(??___fldiv+2)^0,w,c
  1685   000F70  101B               	iorwf	(??___fldiv+3)^0,w,c
  1686   000F72  B4D8               	btfsc	status,2,c
  1687   000F74  EFBE  F007         	goto	u1561
  1688   000F78  EFC0  F007         	goto	u1560
  1689   000F7C                     u1561:
  1690   000F7C  EFC4  F007         	goto	l776
  1691   000F80                     u1560:
  1692   000F80                     l1971:
  1693   000F80  0E01               	movlw	1
  1694   000F82  6E28               	movwf	___fldiv@aexp^0,c
  1695   000F84  EFCD  F007         	goto	l775
  1696   000F88                     l776:
  1697   000F88  A010               	btfss	___fldiv@b^0,0,c
  1698   000F8A  EFC9  F007         	goto	u1571
  1699   000F8E  EFCB  F007         	goto	u1570
  1700   000F92                     u1571:
  1701   000F92  EFCD  F007         	goto	l775
  1702   000F96                     u1570:
  1703   000F96  EFC0  F007         	goto	l1971
  1704   000F9A                     l775:
  1705   000F9A  5028               	movf	___fldiv@aexp^0,w,c
  1706   000F9C  B4D8               	btfsc	status,2,c
  1707   000F9E  EFD3  F007         	goto	u1581
  1708   000FA2  EFD5  F007         	goto	u1580
  1709   000FA6                     u1581:
  1710   000FA6  EFF9  F007         	goto	l1983
  1711   000FAA                     u1580:
  1712   000FAA  0E01               	movlw	1
  1713   000FAC  2610               	addwf	___fldiv@b^0,f,c
  1714   000FAE  0E00               	movlw	0
  1715   000FB0  2211               	addwfc	(___fldiv@b+1)^0,f,c
  1716   000FB2  2212               	addwfc	(___fldiv@b+2)^0,f,c
  1717   000FB4  2213               	addwfc	(___fldiv@b+3)^0,f,c
  1718   000FB6  A013               	btfss	(___fldiv@b+3)^0,0,c
  1719   000FB8  EFE0  F007         	goto	u1591
  1720   000FBC  EFE2  F007         	goto	u1590
  1721   000FC0                     u1591:
  1722   000FC0  EFF9  F007         	goto	l1983
  1723   000FC4                     u1590:
  1724   000FC4  C010  F018         	movff	___fldiv@b,??___fldiv
  1725   000FC8  C011  F019         	movff	___fldiv@b+1,??___fldiv+1
  1726   000FCC  C012  F01A         	movff	___fldiv@b+2,??___fldiv+2
  1727   000FD0  C013  F01B         	movff	___fldiv@b+3,??___fldiv+3
  1728   000FD4  341B               	rlcf	(??___fldiv+3)^0,w,c
  1729   000FD6  321B               	rrcf	(??___fldiv+3)^0,f,c
  1730   000FD8  321A               	rrcf	(??___fldiv+2)^0,f,c
  1731   000FDA  3219               	rrcf	(??___fldiv+1)^0,f,c
  1732   000FDC  3218               	rrcf	??___fldiv^0,f,c
  1733   000FDE  C018  F010         	movff	??___fldiv,___fldiv@b
  1734   000FE2  C019  F011         	movff	??___fldiv+1,___fldiv@b+1
  1735   000FE6  C01A  F012         	movff	??___fldiv+2,___fldiv@b+2
  1736   000FEA  C01B  F013         	movff	??___fldiv+3,___fldiv@b+3
  1737   000FEE  4A21               	infsnz	___fldiv@new_exp^0,f,c
  1738   000FF0  2A22               	incf	(___fldiv@new_exp+1)^0,f,c
  1739   000FF2                     l1983:
  1740   000FF2  BE22               	btfsc	(___fldiv@new_exp+1)^0,7,c
  1741   000FF4  EF04  F008         	goto	u1601
  1742   000FF8  5022               	movf	(___fldiv@new_exp+1)^0,w,c
  1743   000FFA  E108               	bnz	u1600
  1744   000FFC  2821               	incf	___fldiv@new_exp^0,w,c
  1745   000FFE  A0D8               	btfss	status,0,c
  1746   001000  EF04  F008         	goto	u1601
  1747   001004  EF06  F008         	goto	u1600
  1748   001008                     u1601:
  1749   001008  EF11  F008         	goto	l1987
  1750   00100C                     u1600:
  1751   00100C  0E00               	movlw	0
  1752   00100E  6E22               	movwf	(___fldiv@new_exp+1)^0,c
  1753   001010  6821               	setf	___fldiv@new_exp^0,c
  1754   001012  0E00               	movlw	0
  1755   001014  6E10               	movwf	___fldiv@b^0,c
  1756   001016  0E00               	movlw	0
  1757   001018  6E11               	movwf	(___fldiv@b+1)^0,c
  1758   00101A  0E00               	movlw	0
  1759   00101C  6E12               	movwf	(___fldiv@b+2)^0,c
  1760   00101E  0E00               	movlw	0
  1761   001020  6E13               	movwf	(___fldiv@b+3)^0,c
  1762   001022                     l1987:
  1763   001022  BE22               	btfsc	(___fldiv@new_exp+1)^0,7,c
  1764   001024  EF1E  F008         	goto	u1610
  1765   001028  5022               	movf	(___fldiv@new_exp+1)^0,w,c
  1766   00102A  E106               	bnz	u1611
  1767   00102C  0421               	decf	___fldiv@new_exp^0,w,c
  1768   00102E  B0D8               	btfsc	status,0,c
  1769   001030  EF1C  F008         	goto	u1611
  1770   001034  EF1E  F008         	goto	u1610
  1771   001038                     u1611:
  1772   001038  EF2C  F008         	goto	l1991
  1773   00103C                     u1610:
  1774   00103C  0E00               	movlw	0
  1775   00103E  6E22               	movwf	(___fldiv@new_exp+1)^0,c
  1776   001040  0E00               	movlw	0
  1777   001042  6E21               	movwf	___fldiv@new_exp^0,c
  1778   001044  0E00               	movlw	0
  1779   001046  6E10               	movwf	___fldiv@b^0,c
  1780   001048  0E00               	movlw	0
  1781   00104A  6E11               	movwf	(___fldiv@b+1)^0,c
  1782   00104C  0E00               	movlw	0
  1783   00104E  6E12               	movwf	(___fldiv@b+2)^0,c
  1784   001050  0E00               	movlw	0
  1785   001052  6E13               	movwf	(___fldiv@b+3)^0,c
  1786   001054  0E00               	movlw	0
  1787   001056  6E20               	movwf	___fldiv@sign^0,c
  1788   001058                     l1991:
  1789   001058  C021  F027         	movff	___fldiv@new_exp,___fldiv@bexp
  1790   00105C  A027               	btfss	___fldiv@bexp^0,0,c
  1791   00105E  EF33  F008         	goto	u1621
  1792   001062  EF35  F008         	goto	u1620
  1793   001066                     u1621:
  1794   001066  EF38  F008         	goto	l1997
  1795   00106A                     u1620:
  1796   00106A  8E12               	bsf	(___fldiv@b+2)^0,7,c
  1797   00106C  EF39  F008         	goto	l1999
  1798   001070                     l1997:
  1799   001070  9E12               	bcf	(___fldiv@b+2)^0,7,c
  1800   001072                     l1999:
  1801   001072  90D8               	bcf	status,0,c
  1802   001074  3027               	rrcf	___fldiv@bexp^0,w,c
  1803   001076  6E13               	movwf	(___fldiv@b+3)^0,c
  1804   001078  EFEF  F006         	goto	l1913
  1805   00107C                     l762:
  1806   00107C  0012               	return		;funcret
  1807   00107E                     __end_of___fldiv:
  1808                           	callstack 0
  1809                           
  1810 ;; *************** function ___fladd *****************
  1811 ;; Defined at:
  1812 ;;		line 10 in file "C:\Program Files\Microchip\xc8\v2.45\pic\sources\c99\common\sprcadd.c"
  1813 ;; Parameters:    Size  Location     Type
  1814 ;;  b               4   40[COMRAM] unsigned char 
  1815 ;;  a               4   44[COMRAM] unsigned char 
  1816 ;; Auto vars:     Size  Location     Type
  1817 ;;  grs             1   55[COMRAM] unsigned char 
  1818 ;;  bexp            1   54[COMRAM] unsigned char 
  1819 ;;  aexp            1   53[COMRAM] unsigned char 
  1820 ;;  signs           1   52[COMRAM] unsigned char 
  1821 ;; Return value:  Size  Location     Type
  1822 ;;                  4   40[COMRAM] unsigned char 
  1823 ;; Registers used:
  1824 ;;		wreg, status,2, status,0
  1825 ;; Tracked objects:
  1826 ;;		On entry : 0/0
  1827 ;;		On exit  : 0/0
  1828 ;;		Unchanged: 0/0
  1829 ;; Data sizes:     COMRAM   BANK0   BANK1   BANK2   BANK3   BANK4   BANK5   BANK6   BANK7
  1830 ;;      Params:         8       0       0       0       0       0       0       0       0
  1831 ;;      Locals:         4       0       0       0       0       0       0       0       0
  1832 ;;      Temps:          4       0       0       0       0       0       0       0       0
  1833 ;;      Totals:        16       0       0       0       0       0       0       0       0
  1834 ;;Total ram usage:       16 bytes
  1835 ;; Hardware stack levels used: 1
  1836 ;; Hardware stack levels required when called: 2
  1837 ;; This function calls:
  1838 ;;		Nothing
  1839 ;; This function is called by:
  1840 ;;		_UART_Initial
  1841 ;; This function uses a non-reentrant model
  1842 ;;
  1843                           
  1844                           	psect	text7
  1845   000824                     __ptext7:
  1846                           	callstack 0
  1847   000824                     ___fladd:
  1848                           	callstack 27
  1849   000824  502C               	movf	(___fladd@b+3)^0,w,c
  1850   000826  0B80               	andlw	128
  1851   000828  6E35               	movwf	___fladd@signs^0,c
  1852   00082A  502C               	movf	(___fladd@b+3)^0,w,c
  1853   00082C  242C               	addwf	(___fladd@b+3)^0,w,c
  1854   00082E  6E37               	movwf	___fladd@bexp^0,c
  1855   000830  AE2B               	btfss	(___fladd@b+2)^0,7,c
  1856   000832  EF1D  F004         	goto	u1011
  1857   000836  EF1F  F004         	goto	u1010
  1858   00083A                     u1011:
  1859   00083A  EF20  F004         	goto	l1673
  1860   00083E                     u1010:
  1861   00083E  8037               	bsf	___fladd@bexp^0,0,c
  1862   000840                     l1673:
  1863   000840  5037               	movf	___fladd@bexp^0,w,c
  1864   000842  B4D8               	btfsc	status,2,c
  1865   000844  EF26  F004         	goto	u1021
  1866   000848  EF28  F004         	goto	u1020
  1867   00084C                     u1021:
  1868   00084C  EF3D  F004         	goto	l1683
  1869   000850                     u1020:
  1870   000850  2837               	incf	___fladd@bexp^0,w,c
  1871   000852  A4D8               	btfss	status,2,c
  1872   000854  EF2E  F004         	goto	u1031
  1873   000858  EF30  F004         	goto	u1030
  1874   00085C                     u1031:
  1875   00085C  EF38  F004         	goto	l1679
  1876   000860                     u1030:
  1877   000860  0E00               	movlw	0
  1878   000862  6E29               	movwf	___fladd@b^0,c
  1879   000864  0E00               	movlw	0
  1880   000866  6E2A               	movwf	(___fladd@b+1)^0,c
  1881   000868  0E00               	movlw	0
  1882   00086A  6E2B               	movwf	(___fladd@b+2)^0,c
  1883   00086C  0E00               	movlw	0
  1884   00086E  6E2C               	movwf	(___fladd@b+3)^0,c
  1885   000870                     l1679:
  1886   000870  8E2B               	bsf	(___fladd@b+2)^0,7,c
  1887   000872  0E00               	movlw	0
  1888   000874  6E2C               	movwf	(___fladd@b+3)^0,c
  1889   000876  EF45  F004         	goto	l1685
  1890   00087A                     l1683:
  1891   00087A  0E00               	movlw	0
  1892   00087C  6E29               	movwf	___fladd@b^0,c
  1893   00087E  0E00               	movlw	0
  1894   000880  6E2A               	movwf	(___fladd@b+1)^0,c
  1895   000882  0E00               	movlw	0
  1896   000884  6E2B               	movwf	(___fladd@b+2)^0,c
  1897   000886  0E00               	movlw	0
  1898   000888  6E2C               	movwf	(___fladd@b+3)^0,c
  1899   00088A                     l1685:
  1900   00088A  5030               	movf	(___fladd@a+3)^0,w,c
  1901   00088C  0B80               	andlw	128
  1902   00088E  6E36               	movwf	___fladd@aexp^0,c
  1903   000890  5035               	movf	___fladd@signs^0,w,c
  1904   000892  1836               	xorwf	___fladd@aexp^0,w,c
  1905   000894  B4D8               	btfsc	status,2,c
  1906   000896  EF4F  F004         	goto	u1041
  1907   00089A  EF51  F004         	goto	u1040
  1908   00089E                     u1041:
  1909   00089E  EF52  F004         	goto	l1691
  1910   0008A2                     u1040:
  1911   0008A2  8C35               	bsf	___fladd@signs^0,6,c
  1912   0008A4                     l1691:
  1913   0008A4  5030               	movf	(___fladd@a+3)^0,w,c
  1914   0008A6  2430               	addwf	(___fladd@a+3)^0,w,c
  1915   0008A8  6E36               	movwf	___fladd@aexp^0,c
  1916   0008AA  AE2F               	btfss	(___fladd@a+2)^0,7,c
  1917   0008AC  EF5A  F004         	goto	u1051
  1918   0008B0  EF5C  F004         	goto	u1050
  1919   0008B4                     u1051:
  1920   0008B4  EF5D  F004         	goto	l1697
  1921   0008B8                     u1050:
  1922   0008B8  8036               	bsf	___fladd@aexp^0,0,c
  1923   0008BA                     l1697:
  1924   0008BA  5036               	movf	___fladd@aexp^0,w,c
  1925   0008BC  B4D8               	btfsc	status,2,c
  1926   0008BE  EF63  F004         	goto	u1061
  1927   0008C2  EF65  F004         	goto	u1060
  1928   0008C6                     u1061:
  1929   0008C6  EF7A  F004         	goto	l1707
  1930   0008CA                     u1060:
  1931   0008CA  2836               	incf	___fladd@aexp^0,w,c
  1932   0008CC  A4D8               	btfss	status,2,c
  1933   0008CE  EF6B  F004         	goto	u1071
  1934   0008D2  EF6D  F004         	goto	u1070
  1935   0008D6                     u1071:
  1936   0008D6  EF75  F004         	goto	l1703
  1937   0008DA                     u1070:
  1938   0008DA  0E00               	movlw	0
  1939   0008DC  6E2D               	movwf	___fladd@a^0,c
  1940   0008DE  0E00               	movlw	0
  1941   0008E0  6E2E               	movwf	(___fladd@a+1)^0,c
  1942   0008E2  0E00               	movlw	0
  1943   0008E4  6E2F               	movwf	(___fladd@a+2)^0,c
  1944   0008E6  0E00               	movlw	0
  1945   0008E8  6E30               	movwf	(___fladd@a+3)^0,c
  1946   0008EA                     l1703:
  1947   0008EA  8E2F               	bsf	(___fladd@a+2)^0,7,c
  1948   0008EC  0E00               	movlw	0
  1949   0008EE  6E30               	movwf	(___fladd@a+3)^0,c
  1950   0008F0  EF82  F004         	goto	l1709
  1951   0008F4                     l1707:
  1952   0008F4  0E00               	movlw	0
  1953   0008F6  6E2D               	movwf	___fladd@a^0,c
  1954   0008F8  0E00               	movlw	0
  1955   0008FA  6E2E               	movwf	(___fladd@a+1)^0,c
  1956   0008FC  0E00               	movlw	0
  1957   0008FE  6E2F               	movwf	(___fladd@a+2)^0,c
  1958   000900  0E00               	movlw	0
  1959   000902  6E30               	movwf	(___fladd@a+3)^0,c
  1960   000904                     l1709:
  1961   000904  5037               	movf	___fladd@bexp^0,w,c
  1962   000906  5C36               	subwf	___fladd@aexp^0,w,c
  1963   000908  B0D8               	btfsc	status,0,c
  1964   00090A  EF89  F004         	goto	u1081
  1965   00090E  EF8B  F004         	goto	u1080
  1966   000912                     u1081:
  1967   000912  EFB2  F004         	goto	l1745
  1968   000916                     u1080:
  1969   000916  AC35               	btfss	___fladd@signs^0,6,c
  1970   000918  EF90  F004         	goto	u1091
  1971   00091C  EF92  F004         	goto	u1090
  1972   000920                     u1091:
  1973   000920  EF94  F004         	goto	l1715
  1974   000924                     u1090:
  1975   000924  0E80               	movlw	128
  1976   000926  1A35               	xorwf	___fladd@signs^0,f,c
  1977   000928                     l1715:
  1978   000928  C037  F038         	movff	___fladd@bexp,___fladd@grs
  1979   00092C  C036  F037         	movff	___fladd@aexp,___fladd@bexp
  1980   000930  C038  F036         	movff	___fladd@grs,___fladd@aexp
  1981   000934  C029  F038         	movff	___fladd@b,___fladd@grs
  1982   000938  C02D  F029         	movff	___fladd@a,___fladd@b
  1983   00093C  C038  F02D         	movff	___fladd@grs,___fladd@a
  1984   000940  C02A  F038         	movff	___fladd@b+1,___fladd@grs
  1985   000944  C02E  F02A         	movff	___fladd@a+1,___fladd@b+1
  1986   000948  C038  F02E         	movff	___fladd@grs,___fladd@a+1
  1987   00094C  C02B  F038         	movff	___fladd@b+2,___fladd@grs
  1988   000950  C02F  F02B         	movff	___fladd@a+2,___fladd@b+2
  1989   000954  C038  F02F         	movff	___fladd@grs,___fladd@a+2
  1990   000958  C02C  F038         	movff	___fladd@b+3,___fladd@grs
  1991   00095C  C030  F02C         	movff	___fladd@a+3,___fladd@b+3
  1992   000960  C038  F030         	movff	___fladd@grs,___fladd@a+3
  1993   000964                     l1745:
  1994   000964  0E00               	movlw	0
  1995   000966  6E38               	movwf	___fladd@grs^0,c
  1996   000968  5037               	movf	___fladd@bexp^0,w,c
  1997   00096A  C036  F031         	movff	___fladd@aexp,??___fladd
  1998   00096E  6A32               	clrf	(??___fladd+1)^0,c
  1999   000970  5E31               	subwf	??___fladd^0,f,c
  2000   000972  0E00               	movlw	0
  2001   000974  5A32               	subwfb	(??___fladd+1)^0,f,c
  2002   000976  BE32               	btfsc	(??___fladd+1)^0,7,c
  2003   000978  EFC7  F004         	goto	u1101
  2004   00097C  5032               	movf	(??___fladd+1)^0,w,c
  2005   00097E  E109               	bnz	u1100
  2006   000980  0E1A               	movlw	26
  2007   000982  5C31               	subwf	??___fladd^0,w,c
  2008   000984  A0D8               	btfss	status,0,c
  2009   000986  EFC7  F004         	goto	u1101
  2010   00098A  EFC9  F004         	goto	u1100
  2011   00098E                     u1101:
  2012   00098E  EF00  F005         	goto	l709
  2013   000992                     u1100:
  2014   000992  5029               	movf	___fladd@b^0,w,c
  2015   000994  102A               	iorwf	(___fladd@b+1)^0,w,c
  2016   000996  102B               	iorwf	(___fladd@b+2)^0,w,c
  2017   000998  102C               	iorwf	(___fladd@b+3)^0,w,c
  2018   00099A  A4D8               	btfss	status,2,c
  2019   00099C  EFD2  F004         	goto	u1111
  2020   0009A0  EFD5  F004         	goto	u1110
  2021   0009A4                     u1111:
  2022   0009A4  0E01               	movlw	1
  2023   0009A6  EFD6  F004         	goto	u1120
  2024   0009AA                     u1110:
  2025   0009AA  0E00               	movlw	0
  2026   0009AC                     u1120:
  2027   0009AC  6E38               	movwf	___fladd@grs^0,c
  2028   0009AE  0E00               	movlw	0
  2029   0009B0  6E29               	movwf	___fladd@b^0,c
  2030   0009B2  0E00               	movlw	0
  2031   0009B4  6E2A               	movwf	(___fladd@b+1)^0,c
  2032   0009B6  0E00               	movlw	0
  2033   0009B8  6E2B               	movwf	(___fladd@b+2)^0,c
  2034   0009BA  0E00               	movlw	0
  2035   0009BC  6E2C               	movwf	(___fladd@b+3)^0,c
  2036   0009BE  C036  F037         	movff	___fladd@aexp,___fladd@bexp
  2037   0009C2  EF09  F005         	goto	l708
  2038   0009C6                     l710:
  2039   0009C6  A038               	btfss	___fladd@grs^0,0,c
  2040   0009C8  EFE8  F004         	goto	u1131
  2041   0009CC  EFEA  F004         	goto	u1130
  2042   0009D0                     u1131:
  2043   0009D0  EFF0  F004         	goto	l1757
  2044   0009D4                     u1130:
  2045   0009D4  90D8               	bcf	status,0,c
  2046   0009D6  3038               	rrcf	___fladd@grs^0,w,c
  2047   0009D8  0901               	iorlw	1
  2048   0009DA  6E38               	movwf	___fladd@grs^0,c
  2049   0009DC  EFF2  F004         	goto	l1759
  2050   0009E0                     l1757:
  2051   0009E0  90D8               	bcf	status,0,c
  2052   0009E2  3238               	rrcf	___fladd@grs^0,f,c
  2053   0009E4                     l1759:
  2054   0009E4  A029               	btfss	___fladd@b^0,0,c
  2055   0009E6  EFF7  F004         	goto	u1141
  2056   0009EA  EFF9  F004         	goto	u1140
  2057   0009EE                     u1141:
  2058   0009EE  EFFA  F004         	goto	l1763
  2059   0009F2                     u1140:
  2060   0009F2  8E38               	bsf	___fladd@grs^0,7,c
  2061   0009F4                     l1763:
  2062   0009F4  342C               	rlcf	(___fladd@b+3)^0,w,c
  2063   0009F6  322C               	rrcf	(___fladd@b+3)^0,f,c
  2064   0009F8  322B               	rrcf	(___fladd@b+2)^0,f,c
  2065   0009FA  322A               	rrcf	(___fladd@b+1)^0,f,c
  2066   0009FC  3229               	rrcf	___fladd@b^0,f,c
  2067   0009FE  2A37               	incf	___fladd@bexp^0,f,c
  2068   000A00                     l709:
  2069   000A00  5036               	movf	___fladd@aexp^0,w,c
  2070   000A02  5C37               	subwf	___fladd@bexp^0,w,c
  2071   000A04  A0D8               	btfss	status,0,c
  2072   000A06  EF07  F005         	goto	u1151
  2073   000A0A  EF09  F005         	goto	u1150
  2074   000A0E                     u1151:
  2075   000A0E  EFE3  F004         	goto	l710
  2076   000A12                     u1150:
  2077   000A12                     l708:
  2078   000A12  BC35               	btfsc	___fladd@signs^0,6,c
  2079   000A14  EF0E  F005         	goto	u1161
  2080   000A18  EF10  F005         	goto	u1160
  2081   000A1C                     u1161:
  2082   000A1C  EF50  F005         	goto	l1791
  2083   000A20                     u1160:
  2084   000A20  5037               	movf	___fladd@bexp^0,w,c
  2085   000A22  A4D8               	btfss	status,2,c
  2086   000A24  EF16  F005         	goto	u1171
  2087   000A28  EF18  F005         	goto	u1170
  2088   000A2C                     u1171:
  2089   000A2C  EF22  F005         	goto	l1773
  2090   000A30                     u1170:
  2091   000A30  0E00               	movlw	0
  2092   000A32  6E29               	movwf	?___fladd^0,c
  2093   000A34  0E00               	movlw	0
  2094   000A36  6E2A               	movwf	(?___fladd+1)^0,c
  2095   000A38  0E00               	movlw	0
  2096   000A3A  6E2B               	movwf	(?___fladd+2)^0,c
  2097   000A3C  0E00               	movlw	0
  2098   000A3E  6E2C               	movwf	(?___fladd+3)^0,c
  2099   000A40  EF71  F006         	goto	l717
  2100   000A44                     l1773:
  2101   000A44  502D               	movf	___fladd@a^0,w,c
  2102   000A46  2629               	addwf	___fladd@b^0,f,c
  2103   000A48  502E               	movf	(___fladd@a+1)^0,w,c
  2104   000A4A  222A               	addwfc	(___fladd@b+1)^0,f,c
  2105   000A4C  502F               	movf	(___fladd@a+2)^0,w,c
  2106   000A4E  222B               	addwfc	(___fladd@b+2)^0,f,c
  2107   000A50  5030               	movf	(___fladd@a+3)^0,w,c
  2108   000A52  222C               	addwfc	(___fladd@b+3)^0,f,c
  2109   000A54  A02C               	btfss	(___fladd@b+3)^0,0,c
  2110   000A56  EF2F  F005         	goto	u1181
  2111   000A5A  EF31  F005         	goto	u1180
  2112   000A5E                     u1181:
  2113   000A5E  EFDD  F005         	goto	l1827
  2114   000A62                     u1180:
  2115   000A62  A038               	btfss	___fladd@grs^0,0,c
  2116   000A64  EF36  F005         	goto	u1191
  2117   000A68  EF38  F005         	goto	u1190
  2118   000A6C                     u1191:
  2119   000A6C  EF3E  F005         	goto	l1781
  2120   000A70                     u1190:
  2121   000A70  90D8               	bcf	status,0,c
  2122   000A72  3038               	rrcf	___fladd@grs^0,w,c
  2123   000A74  0901               	iorlw	1
  2124   000A76  6E38               	movwf	___fladd@grs^0,c
  2125   000A78  EF40  F005         	goto	l1783
  2126   000A7C                     l1781:
  2127   000A7C  90D8               	bcf	status,0,c
  2128   000A7E  3238               	rrcf	___fladd@grs^0,f,c
  2129   000A80                     l1783:
  2130   000A80  A029               	btfss	___fladd@b^0,0,c
  2131   000A82  EF45  F005         	goto	u1201
  2132   000A86  EF47  F005         	goto	u1200
  2133   000A8A                     u1201:
  2134   000A8A  EF48  F005         	goto	l1787
  2135   000A8E                     u1200:
  2136   000A8E  8E38               	bsf	___fladd@grs^0,7,c
  2137   000A90                     l1787:
  2138   000A90  342C               	rlcf	(___fladd@b+3)^0,w,c
  2139   000A92  322C               	rrcf	(___fladd@b+3)^0,f,c
  2140   000A94  322B               	rrcf	(___fladd@b+2)^0,f,c
  2141   000A96  322A               	rrcf	(___fladd@b+1)^0,f,c
  2142   000A98  3229               	rrcf	___fladd@b^0,f,c
  2143   000A9A  2A37               	incf	___fladd@bexp^0,f,c
  2144   000A9C  EFDD  F005         	goto	l1827
  2145   000AA0                     l1791:
  2146   000AA0  502D               	movf	___fladd@a^0,w,c
  2147   000AA2  5C29               	subwf	___fladd@b^0,w,c
  2148   000AA4  502E               	movf	(___fladd@a+1)^0,w,c
  2149   000AA6  582A               	subwfb	(___fladd@b+1)^0,w,c
  2150   000AA8  502F               	movf	(___fladd@a+2)^0,w,c
  2151   000AAA  582B               	subwfb	(___fladd@b+2)^0,w,c
  2152   000AAC  502C               	movf	(___fladd@b+3)^0,w,c
  2153   000AAE  0A80               	xorlw	128
  2154   000AB0  6E31               	movwf	??___fladd^0,c
  2155   000AB2  5030               	movf	(___fladd@a+3)^0,w,c
  2156   000AB4  0A80               	xorlw	128
  2157   000AB6  5831               	subwfb	??___fladd^0,w,c
  2158   000AB8  B0D8               	btfsc	status,0,c
  2159   000ABA  EF61  F005         	goto	u1211
  2160   000ABE  EF63  F005         	goto	u1210
  2161   000AC2                     u1211:
  2162   000AC2  EF8E  F005         	goto	l1801
  2163   000AC6                     u1210:
  2164   000AC6  5029               	movf	___fladd@b^0,w,c
  2165   000AC8  5C2D               	subwf	___fladd@a^0,w,c
  2166   000ACA  6E31               	movwf	??___fladd^0,c
  2167   000ACC  502A               	movf	(___fladd@b+1)^0,w,c
  2168   000ACE  582E               	subwfb	(___fladd@a+1)^0,w,c
  2169   000AD0  6E32               	movwf	(??___fladd+1)^0,c
  2170   000AD2  502B               	movf	(___fladd@b+2)^0,w,c
  2171   000AD4  582F               	subwfb	(___fladd@a+2)^0,w,c
  2172   000AD6  6E33               	movwf	(??___fladd+2)^0,c
  2173   000AD8  502C               	movf	(___fladd@b+3)^0,w,c
  2174   000ADA  5830               	subwfb	(___fladd@a+3)^0,w,c
  2175   000ADC  6E34               	movwf	(??___fladd+3)^0,c
  2176   000ADE  0EFF               	movlw	255
  2177   000AE0  2431               	addwf	??___fladd^0,w,c
  2178   000AE2  6E29               	movwf	___fladd@b^0,c
  2179   000AE4  0EFF               	movlw	255
  2180   000AE6  2032               	addwfc	(??___fladd+1)^0,w,c
  2181   000AE8  6E2A               	movwf	(___fladd@b+1)^0,c
  2182   000AEA  0EFF               	movlw	255
  2183   000AEC  2033               	addwfc	(??___fladd+2)^0,w,c
  2184   000AEE  6E2B               	movwf	(___fladd@b+2)^0,c
  2185   000AF0  0EFF               	movlw	255
  2186   000AF2  2034               	addwfc	(??___fladd+3)^0,w,c
  2187   000AF4  6E2C               	movwf	(___fladd@b+3)^0,c
  2188   000AF6  0E80               	movlw	128
  2189   000AF8  1A35               	xorwf	___fladd@signs^0,f,c
  2190   000AFA  6C38               	negf	___fladd@grs^0,c
  2191   000AFC  5038               	movf	___fladd@grs^0,w,c
  2192   000AFE  A4D8               	btfss	status,2,c
  2193   000B00  EF84  F005         	goto	u1221
  2194   000B04  EF86  F005         	goto	u1220
  2195   000B08                     u1221:
  2196   000B08  EF96  F005         	goto	l725
  2197   000B0C                     u1220:
  2198   000B0C  0E01               	movlw	1
  2199   000B0E  2629               	addwf	___fladd@b^0,f,c
  2200   000B10  0E00               	movlw	0
  2201   000B12  222A               	addwfc	(___fladd@b+1)^0,f,c
  2202   000B14  222B               	addwfc	(___fladd@b+2)^0,f,c
  2203   000B16  222C               	addwfc	(___fladd@b+3)^0,f,c
  2204   000B18  EF96  F005         	goto	l725
  2205   000B1C                     l1801:
  2206   000B1C  502D               	movf	___fladd@a^0,w,c
  2207   000B1E  5E29               	subwf	___fladd@b^0,f,c
  2208   000B20  502E               	movf	(___fladd@a+1)^0,w,c
  2209   000B22  5A2A               	subwfb	(___fladd@b+1)^0,f,c
  2210   000B24  502F               	movf	(___fladd@a+2)^0,w,c
  2211   000B26  5A2B               	subwfb	(___fladd@b+2)^0,f,c
  2212   000B28  5030               	movf	(___fladd@a+3)^0,w,c
  2213   000B2A  5A2C               	subwfb	(___fladd@b+3)^0,f,c
  2214   000B2C                     l725:
  2215   000B2C  5029               	movf	___fladd@b^0,w,c
  2216   000B2E  102A               	iorwf	(___fladd@b+1)^0,w,c
  2217   000B30  102B               	iorwf	(___fladd@b+2)^0,w,c
  2218   000B32  102C               	iorwf	(___fladd@b+3)^0,w,c
  2219   000B34  A4D8               	btfss	status,2,c
  2220   000B36  EF9F  F005         	goto	u1231
  2221   000B3A  EFA1  F005         	goto	u1230
  2222   000B3E                     u1231:
  2223   000B3E  EFD6  F005         	goto	l1825
  2224   000B42                     u1230:
  2225   000B42  5038               	movf	___fladd@grs^0,w,c
  2226   000B44  A4D8               	btfss	status,2,c
  2227   000B46  EFA7  F005         	goto	u1241
  2228   000B4A  EFA9  F005         	goto	u1240
  2229   000B4E                     u1241:
  2230   000B4E  EFD6  F005         	goto	l1825
  2231   000B52                     u1240:
  2232   000B52  0E00               	movlw	0
  2233   000B54  6E29               	movwf	?___fladd^0,c
  2234   000B56  0E00               	movlw	0
  2235   000B58  6E2A               	movwf	(?___fladd+1)^0,c
  2236   000B5A  0E00               	movlw	0
  2237   000B5C  6E2B               	movwf	(?___fladd+2)^0,c
  2238   000B5E  0E00               	movlw	0
  2239   000B60  6E2C               	movwf	(?___fladd+3)^0,c
  2240   000B62  EF71  F006         	goto	l717
  2241   000B66                     l1809:
  2242   000B66  90D8               	bcf	status,0,c
  2243   000B68  3629               	rlcf	___fladd@b^0,f,c
  2244   000B6A  362A               	rlcf	(___fladd@b+1)^0,f,c
  2245   000B6C  362B               	rlcf	(___fladd@b+2)^0,f,c
  2246   000B6E  362C               	rlcf	(___fladd@b+3)^0,f,c
  2247   000B70  AE38               	btfss	___fladd@grs^0,7,c
  2248   000B72  EFBD  F005         	goto	u1251
  2249   000B76  EFBF  F005         	goto	u1250
  2250   000B7A                     u1251:
  2251   000B7A  EFC0  F005         	goto	l1815
  2252   000B7E                     u1250:
  2253   000B7E  8029               	bsf	___fladd@b^0,0,c
  2254   000B80                     l1815:
  2255   000B80  A038               	btfss	___fladd@grs^0,0,c
  2256   000B82  EFC5  F005         	goto	u1261
  2257   000B86  EFC7  F005         	goto	u1260
  2258   000B8A                     u1261:
  2259   000B8A  EFCB  F005         	goto	l1819
  2260   000B8E                     u1260:
  2261   000B8E  80D8               	bsf	status,0,c
  2262   000B90  3638               	rlcf	___fladd@grs^0,f,c
  2263   000B92  EFCD  F005         	goto	l1821
  2264   000B96                     l1819:
  2265   000B96  90D8               	bcf	status,0,c
  2266   000B98  3638               	rlcf	___fladd@grs^0,f,c
  2267   000B9A                     l1821:
  2268   000B9A  5037               	movf	___fladd@bexp^0,w,c
  2269   000B9C  B4D8               	btfsc	status,2,c
  2270   000B9E  EFD3  F005         	goto	u1271
  2271   000BA2  EFD5  F005         	goto	u1270
  2272   000BA6                     u1271:
  2273   000BA6  EFD6  F005         	goto	l1825
  2274   000BAA                     u1270:
  2275   000BAA  0637               	decf	___fladd@bexp^0,f,c
  2276   000BAC                     l1825:
  2277   000BAC  AE2B               	btfss	(___fladd@b+2)^0,7,c
  2278   000BAE  EFDB  F005         	goto	u1281
  2279   000BB2  EFDD  F005         	goto	u1280
  2280   000BB6                     u1281:
  2281   000BB6  EFB3  F005         	goto	l1809
  2282   000BBA                     u1280:
  2283   000BBA                     l1827:
  2284   000BBA  0E00               	movlw	0
  2285   000BBC  6E36               	movwf	___fladd@aexp^0,c
  2286   000BBE  AE38               	btfss	___fladd@grs^0,7,c
  2287   000BC0  EFE4  F005         	goto	u1291
  2288   000BC4  EFE6  F005         	goto	u1290
  2289   000BC8                     u1291:
  2290   000BC8  EFFE  F005         	goto	l734
  2291   000BCC                     u1290:
  2292   000BCC  C038  F031         	movff	___fladd@grs,??___fladd
  2293   000BD0  0E7F               	movlw	127
  2294   000BD2  1631               	andwf	??___fladd^0,f,c
  2295   000BD4  B4D8               	btfsc	status,2,c
  2296   000BD6  EFEF  F005         	goto	u1301
  2297   000BDA  EFF1  F005         	goto	u1300
  2298   000BDE                     u1301:
  2299   000BDE  EFF5  F005         	goto	l735
  2300   000BE2                     u1300:
  2301   000BE2                     l1833:
  2302   000BE2  0E01               	movlw	1
  2303   000BE4  6E36               	movwf	___fladd@aexp^0,c
  2304   000BE6  EFFE  F005         	goto	l734
  2305   000BEA                     l735:
  2306   000BEA  A029               	btfss	___fladd@b^0,0,c
  2307   000BEC  EFFA  F005         	goto	u1311
  2308   000BF0  EFFC  F005         	goto	u1310
  2309   000BF4                     u1311:
  2310   000BF4  EFFE  F005         	goto	l734
  2311   000BF8                     u1310:
  2312   000BF8  EFF1  F005         	goto	l1833
  2313   000BFC                     l734:
  2314   000BFC  5036               	movf	___fladd@aexp^0,w,c
  2315   000BFE  B4D8               	btfsc	status,2,c
  2316   000C00  EF04  F006         	goto	u1321
  2317   000C04  EF06  F006         	goto	u1320
  2318   000C08                     u1321:
  2319   000C08  EF31  F006         	goto	l1845
  2320   000C0C                     u1320:
  2321   000C0C  0E01               	movlw	1
  2322   000C0E  2629               	addwf	___fladd@b^0,f,c
  2323   000C10  0E00               	movlw	0
  2324   000C12  222A               	addwfc	(___fladd@b+1)^0,f,c
  2325   000C14  222B               	addwfc	(___fladd@b+2)^0,f,c
  2326   000C16  222C               	addwfc	(___fladd@b+3)^0,f,c
  2327   000C18  A02C               	btfss	(___fladd@b+3)^0,0,c
  2328   000C1A  EF11  F006         	goto	u1331
  2329   000C1E  EF13  F006         	goto	u1330
  2330   000C22                     u1331:
  2331   000C22  EF31  F006         	goto	l1845
  2332   000C26                     u1330:
  2333   000C26  C029  F031         	movff	___fladd@b,??___fladd
  2334   000C2A  C02A  F032         	movff	___fladd@b+1,??___fladd+1
  2335   000C2E  C02B  F033         	movff	___fladd@b+2,??___fladd+2
  2336   000C32  C02C  F034         	movff	___fladd@b+3,??___fladd+3
  2337   000C36  3434               	rlcf	(??___fladd+3)^0,w,c
  2338   000C38  3234               	rrcf	(??___fladd+3)^0,f,c
  2339   000C3A  3233               	rrcf	(??___fladd+2)^0,f,c
  2340   000C3C  3232               	rrcf	(??___fladd+1)^0,f,c
  2341   000C3E  3231               	rrcf	??___fladd^0,f,c
  2342   000C40  C031  F029         	movff	??___fladd,___fladd@b
  2343   000C44  C032  F02A         	movff	??___fladd+1,___fladd@b+1
  2344   000C48  C033  F02B         	movff	??___fladd+2,___fladd@b+2
  2345   000C4C  C034  F02C         	movff	??___fladd+3,___fladd@b+3
  2346   000C50  2837               	incf	___fladd@bexp^0,w,c
  2347   000C52  B4D8               	btfsc	status,2,c
  2348   000C54  EF2E  F006         	goto	u1341
  2349   000C58  EF30  F006         	goto	u1340
  2350   000C5C                     u1341:
  2351   000C5C  EF31  F006         	goto	l1845
  2352   000C60                     u1340:
  2353   000C60  2A37               	incf	___fladd@bexp^0,f,c
  2354   000C62                     l1845:
  2355   000C62  2837               	incf	___fladd@bexp^0,w,c
  2356   000C64  B4D8               	btfsc	status,2,c
  2357   000C66  EF37  F006         	goto	u1351
  2358   000C6A  EF39  F006         	goto	u1350
  2359   000C6E                     u1351:
  2360   000C6E  EF41  F006         	goto	l1849
  2361   000C72                     u1350:
  2362   000C72  5037               	movf	___fladd@bexp^0,w,c
  2363   000C74  A4D8               	btfss	status,2,c
  2364   000C76  EF3F  F006         	goto	u1361
  2365   000C7A  EF41  F006         	goto	u1360
  2366   000C7E                     u1361:
  2367   000C7E  EF53  F006         	goto	l1853
  2368   000C82                     u1360:
  2369   000C82                     l1849:
  2370   000C82  0E00               	movlw	0
  2371   000C84  6E29               	movwf	___fladd@b^0,c
  2372   000C86  0E00               	movlw	0
  2373   000C88  6E2A               	movwf	(___fladd@b+1)^0,c
  2374   000C8A  0E00               	movlw	0
  2375   000C8C  6E2B               	movwf	(___fladd@b+2)^0,c
  2376   000C8E  0E00               	movlw	0
  2377   000C90  6E2C               	movwf	(___fladd@b+3)^0,c
  2378   000C92  5037               	movf	___fladd@bexp^0,w,c
  2379   000C94  A4D8               	btfss	status,2,c
  2380   000C96  EF4F  F006         	goto	u1371
  2381   000C9A  EF51  F006         	goto	u1370
  2382   000C9E                     u1371:
  2383   000C9E  EF53  F006         	goto	l1853
  2384   000CA2                     u1370:
  2385   000CA2  0E00               	movlw	0
  2386   000CA4  6E35               	movwf	___fladd@signs^0,c
  2387   000CA6                     l1853:
  2388   000CA6  A037               	btfss	___fladd@bexp^0,0,c
  2389   000CA8  EF58  F006         	goto	u1381
  2390   000CAC  EF5A  F006         	goto	u1380
  2391   000CB0                     u1381:
  2392   000CB0  EF5D  F006         	goto	l1857
  2393   000CB4                     u1380:
  2394   000CB4  8E2B               	bsf	(___fladd@b+2)^0,7,c
  2395   000CB6  EF5E  F006         	goto	l1859
  2396   000CBA                     l1857:
  2397   000CBA  9E2B               	bcf	(___fladd@b+2)^0,7,c
  2398   000CBC                     l1859:
  2399   000CBC  90D8               	bcf	status,0,c
  2400   000CBE  3037               	rrcf	___fladd@bexp^0,w,c
  2401   000CC0  6E2C               	movwf	(___fladd@b+3)^0,c
  2402   000CC2  AE35               	btfss	___fladd@signs^0,7,c
  2403   000CC4  EF66  F006         	goto	u1391
  2404   000CC8  EF68  F006         	goto	u1390
  2405   000CCC                     u1391:
  2406   000CCC  EF69  F006         	goto	l1865
  2407   000CD0                     u1390:
  2408   000CD0  8E2C               	bsf	(___fladd@b+3)^0,7,c
  2409   000CD2                     l1865:
  2410   000CD2  C029  F029         	movff	___fladd@b,?___fladd
  2411   000CD6  C02A  F02A         	movff	___fladd@b+1,?___fladd+1
  2412   000CDA  C02B  F02B         	movff	___fladd@b+2,?___fladd+2
  2413   000CDE  C02C  F02C         	movff	___fladd@b+3,?___fladd+3
  2414   000CE2                     l717:
  2415   000CE2  0012               	return		;funcret
  2416   000CE4                     __end_of___fladd:
  2417                           	callstack 0
  2418                           
  2419 ;; *************** function _TeclaASCII *****************
  2420 ;; Defined at:
  2421 ;;		line 263 in file "Codigo_Practica6_Parte2.c"
  2422 ;; Parameters:    Size  Location     Type
  2423 ;;  tecla           1    wreg     unsigned char 
  2424 ;; Auto vars:     Size  Location     Type
  2425 ;;  tecla           1    3[COMRAM] unsigned char 
  2426 ;; Return value:  Size  Location     Type
  2427 ;;                  1    wreg      unsigned char 
  2428 ;; Registers used:
  2429 ;;		wreg, status,2, status,0
  2430 ;; Tracked objects:
  2431 ;;		On entry : 0/0
  2432 ;;		On exit  : 0/0
  2433 ;;		Unchanged: 0/0
  2434 ;; Data sizes:     COMRAM   BANK0   BANK1   BANK2   BANK3   BANK4   BANK5   BANK6   BANK7
  2435 ;;      Params:         0       0       0       0       0       0       0       0       0
  2436 ;;      Locals:         1       0       0       0       0       0       0       0       0
  2437 ;;      Temps:          2       0       0       0       0       0       0       0       0
  2438 ;;      Totals:         3       0       0       0       0       0       0       0       0
  2439 ;;Total ram usage:        3 bytes
  2440 ;; Hardware stack levels used: 1
  2441 ;; Hardware stack levels required when called: 2
  2442 ;; This function calls:
  2443 ;;		Nothing
  2444 ;; This function is called by:
  2445 ;;		_main
  2446 ;; This function uses a non-reentrant model
  2447 ;;
  2448                           
  2449                           	psect	text8
  2450   00169C                     __ptext8:
  2451                           	callstack 0
  2452   00169C                     _TeclaASCII:
  2453                           	callstack 28
  2454                           
  2455                           ;incstack = 0
  2456                           ;TeclaASCII@tecla stored from wreg
  2457   00169C  6E04               	movwf	TeclaASCII@tecla^0,c
  2458   00169E                     
  2459                           ;Codigo_Practica6_Parte2.c: 264:     switch(tecla){
  2460   00169E  EF81  F00B         	goto	l1525
  2461   0016A2                     l1459:
  2462   0016A2  0E30               	movlw	48
  2463   0016A4  EFCF  F00B         	goto	l116
  2464   0016A8                     l1463:
  2465   0016A8  0E31               	movlw	49
  2466   0016AA  EFCF  F00B         	goto	l116
  2467   0016AE                     l1467:
  2468   0016AE  0E32               	movlw	50
  2469   0016B0  EFCF  F00B         	goto	l116
  2470   0016B4                     l1471:
  2471   0016B4  0E33               	movlw	51
  2472   0016B6  EFCF  F00B         	goto	l116
  2473   0016BA                     l1475:
  2474   0016BA  0E34               	movlw	52
  2475   0016BC  EFCF  F00B         	goto	l116
  2476   0016C0                     l1479:
  2477   0016C0  0E35               	movlw	53
  2478   0016C2  EFCF  F00B         	goto	l116
  2479   0016C6                     l1483:
  2480   0016C6  0E36               	movlw	54
  2481   0016C8  EFCF  F00B         	goto	l116
  2482   0016CC                     l1487:
  2483   0016CC  0E37               	movlw	55
  2484   0016CE  EFCF  F00B         	goto	l116
  2485   0016D2                     l1491:
  2486   0016D2  0E38               	movlw	56
  2487   0016D4  EFCF  F00B         	goto	l116
  2488   0016D8                     l1495:
  2489   0016D8  0E39               	movlw	57
  2490   0016DA  EFCF  F00B         	goto	l116
  2491   0016DE                     l1499:
  2492   0016DE  0E41               	movlw	65
  2493   0016E0  EFCF  F00B         	goto	l116
  2494   0016E4                     l1503:
  2495   0016E4  0E42               	movlw	66
  2496   0016E6  EFCF  F00B         	goto	l116
  2497   0016EA                     l1507:
  2498   0016EA  0E43               	movlw	67
  2499   0016EC  EFCF  F00B         	goto	l116
  2500   0016F0                     l1511:
  2501   0016F0  0E44               	movlw	68
  2502   0016F2  EFCF  F00B         	goto	l116
  2503   0016F6                     l1515:
  2504   0016F6  0E2A               	movlw	42
  2505   0016F8  EFCF  F00B         	goto	l116
  2506   0016FC                     l1519:
  2507   0016FC  0E23               	movlw	35
  2508   0016FE  EFCF  F00B         	goto	l116
  2509   001702                     l1525:
  2510   001702  5004               	movf	TeclaASCII@tecla^0,w,c
  2511   001704  6E02               	movwf	??_TeclaASCII^0,c
  2512   001706  6A03               	clrf	(??_TeclaASCII+1)^0,c
  2513                           
  2514                           ; Switch on 2 bytes has been partitioned into a top level switch of size 1, and 1 sub-sw
      +                          itches
  2515                           ; Switch size 1, requested type "simple"
  2516                           ; Number of cases is 1, Range of values is 0 to 0
  2517                           ; switch strategies available:
  2518                           ; Name         Instructions Cycles
  2519                           ; simple_byte            4     3 (average)
  2520                           ;	Chosen strategy is simple_byte
  2521   001708  5003               	movf	(??_TeclaASCII+1)^0,w,c
  2522   00170A  0A00               	xorlw	0	; case 0
  2523   00170C  B4D8               	btfsc	status,2,c
  2524   00170E  EF8B  F00B         	goto	l2299
  2525   001712  EFCE  F00B         	goto	l1527
  2526   001716                     l2299:
  2527                           
  2528                           ; Switch size 1, requested type "simple"
  2529                           ; Number of cases is 16, Range of values is 0 to 15
  2530                           ; switch strategies available:
  2531                           ; Name         Instructions Cycles
  2532                           ; simple_byte           49    25 (average)
  2533                           ;	Chosen strategy is simple_byte
  2534   001716  5002               	movf	??_TeclaASCII^0,w,c
  2535   001718  0A00               	xorlw	0	; case 0
  2536   00171A  B4D8               	btfsc	status,2,c
  2537   00171C  EF51  F00B         	goto	l1459
  2538   001720  0A01               	xorlw	1	; case 1
  2539   001722  B4D8               	btfsc	status,2,c
  2540   001724  EF54  F00B         	goto	l1463
  2541   001728  0A03               	xorlw	3	; case 2
  2542   00172A  B4D8               	btfsc	status,2,c
  2543   00172C  EF57  F00B         	goto	l1467
  2544   001730  0A01               	xorlw	1	; case 3
  2545   001732  B4D8               	btfsc	status,2,c
  2546   001734  EF5A  F00B         	goto	l1471
  2547   001738  0A07               	xorlw	7	; case 4
  2548   00173A  B4D8               	btfsc	status,2,c
  2549   00173C  EF5D  F00B         	goto	l1475
  2550   001740  0A01               	xorlw	1	; case 5
  2551   001742  B4D8               	btfsc	status,2,c
  2552   001744  EF60  F00B         	goto	l1479
  2553   001748  0A03               	xorlw	3	; case 6
  2554   00174A  B4D8               	btfsc	status,2,c
  2555   00174C  EF63  F00B         	goto	l1483
  2556   001750  0A01               	xorlw	1	; case 7
  2557   001752  B4D8               	btfsc	status,2,c
  2558   001754  EF66  F00B         	goto	l1487
  2559   001758  0A0F               	xorlw	15	; case 8
  2560   00175A  B4D8               	btfsc	status,2,c
  2561   00175C  EF69  F00B         	goto	l1491
  2562   001760  0A01               	xorlw	1	; case 9
  2563   001762  B4D8               	btfsc	status,2,c
  2564   001764  EF6C  F00B         	goto	l1495
  2565   001768  0A03               	xorlw	3	; case 10
  2566   00176A  B4D8               	btfsc	status,2,c
  2567   00176C  EF6F  F00B         	goto	l1499
  2568   001770  0A01               	xorlw	1	; case 11
  2569   001772  B4D8               	btfsc	status,2,c
  2570   001774  EF72  F00B         	goto	l1503
  2571   001778  0A07               	xorlw	7	; case 12
  2572   00177A  B4D8               	btfsc	status,2,c
  2573   00177C  EF75  F00B         	goto	l1507
  2574   001780  0A01               	xorlw	1	; case 13
  2575   001782  B4D8               	btfsc	status,2,c
  2576   001784  EF78  F00B         	goto	l1511
  2577   001788  0A03               	xorlw	3	; case 14
  2578   00178A  B4D8               	btfsc	status,2,c
  2579   00178C  EF7B  F00B         	goto	l1515
  2580   001790  0A01               	xorlw	1	; case 15
  2581   001792  B4D8               	btfsc	status,2,c
  2582   001794  EF7E  F00B         	goto	l1519
  2583   001798  EFCE  F00B         	goto	l1527
  2584   00179C                     l1527:
  2585                           
  2586                           ;Codigo_Practica6_Parte2.c: 284:     return 0;
  2587   00179C  0E00               	movlw	0
  2588   00179E                     l116:
  2589   00179E  0012               	return		;funcret
  2590   0017A0                     __end_of_TeclaASCII:
  2591                           	callstack 0
  2592                           
  2593 ;; *************** function _LeerTeclado *****************
  2594 ;; Defined at:
  2595 ;;		line 210 in file "Codigo_Practica6_Parte2.c"
  2596 ;; Parameters:    Size  Location     Type
  2597 ;;		None
  2598 ;; Auto vars:     Size  Location     Type
  2599 ;;  tecla           1   10[COMRAM] unsigned char 
  2600 ;; Return value:  Size  Location     Type
  2601 ;;                  1    wreg      unsigned char 
  2602 ;; Registers used:
  2603 ;;		wreg, status,2, status,0, cstack
  2604 ;; Tracked objects:
  2605 ;;		On entry : 0/0
  2606 ;;		On exit  : 0/0
  2607 ;;		Unchanged: 0/0
  2608 ;; Data sizes:     COMRAM   BANK0   BANK1   BANK2   BANK3   BANK4   BANK5   BANK6   BANK7
  2609 ;;      Params:         0       0       0       0       0       0       0       0       0
  2610 ;;      Locals:         1       0       0       0       0       0       0       0       0
  2611 ;;      Temps:          2       0       0       0       0       0       0       0       0
  2612 ;;      Totals:         3       0       0       0       0       0       0       0       0
  2613 ;;Total ram usage:        3 bytes
  2614 ;; Hardware stack levels used: 1
  2615 ;; Hardware stack levels required when called: 4
  2616 ;; This function calls:
  2617 ;;		_DelayXms
  2618 ;; This function is called by:
  2619 ;;		_main
  2620 ;; This function uses a non-reentrant model
  2621 ;;
  2622                           
  2623                           	psect	text9
  2624   00107E                     __ptext9:
  2625                           	callstack 0
  2626   00107E                     _LeerTeclado:
  2627                           	callstack 26
  2628   00107E                     
  2629                           ;Codigo_Practica6_Parte2.c: 211:     char tecla = 0xFF;
  2630   00107E  680B               	setf	LeerTeclado@tecla^0,c
  2631   001080                     
  2632                           ;Codigo_Practica6_Parte2.c: 214:     LATB = 0b01110000;
  2633   001080  0E70               	movlw	112
  2634   001082  6E8A               	movwf	138,c	;volatile
  2635   001084                     
  2636                           ;Codigo_Practica6_Parte2.c: 215:     DelayXms(5);
  2637   001084  0E00               	movlw	0
  2638   001086  6E05               	movwf	(DelayXms@Milis+1)^0,c
  2639   001088  0E05               	movlw	5
  2640   00108A  6E04               	movwf	DelayXms@Milis^0,c
  2641   00108C  ECF0  F00C         	call	_DelayXms	;wreg free
  2642                           
  2643                           ;Codigo_Practica6_Parte2.c: 216:     switch (PORTB) {
  2644   001090  EF5A  F008         	goto	l2121
  2645   001094                     l2111:
  2646   001094  0E01               	movlw	1
  2647   001096  6E0B               	movwf	LeerTeclado@tecla^0,c
  2648   001098  EF77  F008         	goto	l2123
  2649   00109C                     l2113:
  2650   00109C  0E02               	movlw	2
  2651   00109E  6E0B               	movwf	LeerTeclado@tecla^0,c
  2652   0010A0  EF77  F008         	goto	l2123
  2653   0010A4                     l2115:
  2654   0010A4  0E03               	movlw	3
  2655   0010A6  6E0B               	movwf	LeerTeclado@tecla^0,c
  2656   0010A8  EF77  F008         	goto	l2123
  2657   0010AC                     l2117:
  2658   0010AC  0E0A               	movlw	10
  2659   0010AE  6E0B               	movwf	LeerTeclado@tecla^0,c
  2660   0010B0  EF77  F008         	goto	l2123
  2661   0010B4                     l2121:
  2662   0010B4  5081               	movf	129,w,c	;volatile
  2663   0010B6  6E09               	movwf	??_LeerTeclado^0,c
  2664   0010B8  6A0A               	clrf	(??_LeerTeclado+1)^0,c
  2665                           
  2666                           ; Switch on 2 bytes has been partitioned into a top level switch of size 1, and 1 sub-sw
      +                          itches
  2667                           ; Switch size 1, requested type "simple"
  2668                           ; Number of cases is 1, Range of values is 0 to 0
  2669                           ; switch strategies available:
  2670                           ; Name         Instructions Cycles
  2671                           ; simple_byte            4     3 (average)
  2672                           ;	Chosen strategy is simple_byte
  2673   0010BA  500A               	movf	(??_LeerTeclado+1)^0,w,c
  2674   0010BC  0A00               	xorlw	0	; case 0
  2675   0010BE  B4D8               	btfsc	status,2,c
  2676   0010C0  EF64  F008         	goto	l2301
  2677   0010C4  EF77  F008         	goto	l2123
  2678   0010C8                     l2301:
  2679                           
  2680                           ; Switch size 1, requested type "simple"
  2681                           ; Number of cases is 4, Range of values is 119 to 126
  2682                           ; switch strategies available:
  2683                           ; Name         Instructions Cycles
  2684                           ; simple_byte           13     7 (average)
  2685                           ;	Chosen strategy is simple_byte
  2686   0010C8  5009               	movf	??_LeerTeclado^0,w,c
  2687   0010CA  0A77               	xorlw	119	; case 119
  2688   0010CC  B4D8               	btfsc	status,2,c
  2689   0010CE  EF4A  F008         	goto	l2111
  2690   0010D2  0A0C               	xorlw	12	; case 123
  2691   0010D4  B4D8               	btfsc	status,2,c
  2692   0010D6  EF4E  F008         	goto	l2113
  2693   0010DA  0A06               	xorlw	6	; case 125
  2694   0010DC  B4D8               	btfsc	status,2,c
  2695   0010DE  EF52  F008         	goto	l2115
  2696   0010E2  0A03               	xorlw	3	; case 126
  2697   0010E4  B4D8               	btfsc	status,2,c
  2698   0010E6  EF56  F008         	goto	l2117
  2699   0010EA  EF77  F008         	goto	l2123
  2700   0010EE                     l2123:
  2701                           
  2702                           ;Codigo_Practica6_Parte2.c: 225:     LATB = 0b10110000;
  2703   0010EE  0EB0               	movlw	176
  2704   0010F0  6E8A               	movwf	138,c	;volatile
  2705   0010F2                     
  2706                           ;Codigo_Practica6_Parte2.c: 226:     DelayXms(5);
  2707   0010F2  0E00               	movlw	0
  2708   0010F4  6E05               	movwf	(DelayXms@Milis+1)^0,c
  2709   0010F6  0E05               	movlw	5
  2710   0010F8  6E04               	movwf	DelayXms@Milis^0,c
  2711   0010FA  ECF0  F00C         	call	_DelayXms	;wreg free
  2712                           
  2713                           ;Codigo_Practica6_Parte2.c: 227:     switch (PORTB) {
  2714   0010FE  EF91  F008         	goto	l2137
  2715   001102                     l2127:
  2716   001102  0E04               	movlw	4
  2717   001104  6E0B               	movwf	LeerTeclado@tecla^0,c
  2718   001106  EFAE  F008         	goto	l2139
  2719   00110A                     l2129:
  2720   00110A  0E05               	movlw	5
  2721   00110C  6E0B               	movwf	LeerTeclado@tecla^0,c
  2722   00110E  EFAE  F008         	goto	l2139
  2723   001112                     l2131:
  2724   001112  0E06               	movlw	6
  2725   001114  6E0B               	movwf	LeerTeclado@tecla^0,c
  2726   001116  EFAE  F008         	goto	l2139
  2727   00111A                     l2133:
  2728   00111A  0E0B               	movlw	11
  2729   00111C  6E0B               	movwf	LeerTeclado@tecla^0,c
  2730   00111E  EFAE  F008         	goto	l2139
  2731   001122                     l2137:
  2732   001122  5081               	movf	129,w,c	;volatile
  2733   001124  6E09               	movwf	??_LeerTeclado^0,c
  2734   001126  6A0A               	clrf	(??_LeerTeclado+1)^0,c
  2735                           
  2736                           ; Switch on 2 bytes has been partitioned into a top level switch of size 1, and 1 sub-sw
      +                          itches
  2737                           ; Switch size 1, requested type "simple"
  2738                           ; Number of cases is 1, Range of values is 0 to 0
  2739                           ; switch strategies available:
  2740                           ; Name         Instructions Cycles
  2741                           ; simple_byte            4     3 (average)
  2742                           ;	Chosen strategy is simple_byte
  2743   001128  500A               	movf	(??_LeerTeclado+1)^0,w,c
  2744   00112A  0A00               	xorlw	0	; case 0
  2745   00112C  B4D8               	btfsc	status,2,c
  2746   00112E  EF9B  F008         	goto	l2303
  2747   001132  EFAE  F008         	goto	l2139
  2748   001136                     l2303:
  2749                           
  2750                           ; Switch size 1, requested type "simple"
  2751                           ; Number of cases is 4, Range of values is 183 to 190
  2752                           ; switch strategies available:
  2753                           ; Name         Instructions Cycles
  2754                           ; simple_byte           13     7 (average)
  2755                           ;	Chosen strategy is simple_byte
  2756   001136  5009               	movf	??_LeerTeclado^0,w,c
  2757   001138  0AB7               	xorlw	183	; case 183
  2758   00113A  B4D8               	btfsc	status,2,c
  2759   00113C  EF81  F008         	goto	l2127
  2760   001140  0A0C               	xorlw	12	; case 187
  2761   001142  B4D8               	btfsc	status,2,c
  2762   001144  EF85  F008         	goto	l2129
  2763   001148  0A06               	xorlw	6	; case 189
  2764   00114A  B4D8               	btfsc	status,2,c
  2765   00114C  EF89  F008         	goto	l2131
  2766   001150  0A03               	xorlw	3	; case 190
  2767   001152  B4D8               	btfsc	status,2,c
  2768   001154  EF8D  F008         	goto	l2133
  2769   001158  EFAE  F008         	goto	l2139
  2770   00115C                     l2139:
  2771                           
  2772                           ;Codigo_Practica6_Parte2.c: 235:     LATB = 0b11010000;
  2773   00115C  0ED0               	movlw	208
  2774   00115E  6E8A               	movwf	138,c	;volatile
  2775   001160                     
  2776                           ;Codigo_Practica6_Parte2.c: 236:     DelayXms(5);
  2777   001160  0E00               	movlw	0
  2778   001162  6E05               	movwf	(DelayXms@Milis+1)^0,c
  2779   001164  0E05               	movlw	5
  2780   001166  6E04               	movwf	DelayXms@Milis^0,c
  2781   001168  ECF0  F00C         	call	_DelayXms	;wreg free
  2782                           
  2783                           ;Codigo_Practica6_Parte2.c: 237:     switch (PORTB) {
  2784   00116C  EFC8  F008         	goto	l2153
  2785   001170                     l2143:
  2786   001170  0E07               	movlw	7
  2787   001172  6E0B               	movwf	LeerTeclado@tecla^0,c
  2788   001174  EFE5  F008         	goto	l2155
  2789   001178                     l2145:
  2790   001178  0E08               	movlw	8
  2791   00117A  6E0B               	movwf	LeerTeclado@tecla^0,c
  2792   00117C  EFE5  F008         	goto	l2155
  2793   001180                     l2147:
  2794   001180  0E09               	movlw	9
  2795   001182  6E0B               	movwf	LeerTeclado@tecla^0,c
  2796   001184  EFE5  F008         	goto	l2155
  2797   001188                     l2149:
  2798   001188  0E0C               	movlw	12
  2799   00118A  6E0B               	movwf	LeerTeclado@tecla^0,c
  2800   00118C  EFE5  F008         	goto	l2155
  2801   001190                     l2153:
  2802   001190  5081               	movf	129,w,c	;volatile
  2803   001192  6E09               	movwf	??_LeerTeclado^0,c
  2804   001194  6A0A               	clrf	(??_LeerTeclado+1)^0,c
  2805                           
  2806                           ; Switch on 2 bytes has been partitioned into a top level switch of size 1, and 1 sub-sw
      +                          itches
  2807                           ; Switch size 1, requested type "simple"
  2808                           ; Number of cases is 1, Range of values is 0 to 0
  2809                           ; switch strategies available:
  2810                           ; Name         Instructions Cycles
  2811                           ; simple_byte            4     3 (average)
  2812                           ;	Chosen strategy is simple_byte
  2813   001196  500A               	movf	(??_LeerTeclado+1)^0,w,c
  2814   001198  0A00               	xorlw	0	; case 0
  2815   00119A  B4D8               	btfsc	status,2,c
  2816   00119C  EFD2  F008         	goto	l2305
  2817   0011A0  EFE5  F008         	goto	l2155
  2818   0011A4                     l2305:
  2819                           
  2820                           ; Switch size 1, requested type "simple"
  2821                           ; Number of cases is 4, Range of values is 215 to 222
  2822                           ; switch strategies available:
  2823                           ; Name         Instructions Cycles
  2824                           ; simple_byte           13     7 (average)
  2825                           ;	Chosen strategy is simple_byte
  2826   0011A4  5009               	movf	??_LeerTeclado^0,w,c
  2827   0011A6  0AD7               	xorlw	215	; case 215
  2828   0011A8  B4D8               	btfsc	status,2,c
  2829   0011AA  EFB8  F008         	goto	l2143
  2830   0011AE  0A0C               	xorlw	12	; case 219
  2831   0011B0  B4D8               	btfsc	status,2,c
  2832   0011B2  EFBC  F008         	goto	l2145
  2833   0011B6  0A06               	xorlw	6	; case 221
  2834   0011B8  B4D8               	btfsc	status,2,c
  2835   0011BA  EFC0  F008         	goto	l2147
  2836   0011BE  0A03               	xorlw	3	; case 222
  2837   0011C0  B4D8               	btfsc	status,2,c
  2838   0011C2  EFC4  F008         	goto	l2149
  2839   0011C6  EFE5  F008         	goto	l2155
  2840   0011CA                     l2155:
  2841                           
  2842                           ;Codigo_Practica6_Parte2.c: 245:     LATB = 0b11100000;
  2843   0011CA  0EE0               	movlw	224
  2844   0011CC  6E8A               	movwf	138,c	;volatile
  2845   0011CE                     
  2846                           ;Codigo_Practica6_Parte2.c: 246:     DelayXms(5);
  2847   0011CE  0E00               	movlw	0
  2848   0011D0  6E05               	movwf	(DelayXms@Milis+1)^0,c
  2849   0011D2  0E05               	movlw	5
  2850   0011D4  6E04               	movwf	DelayXms@Milis^0,c
  2851   0011D6  ECF0  F00C         	call	_DelayXms	;wreg free
  2852                           
  2853                           ;Codigo_Practica6_Parte2.c: 247:     switch (PORTB) {
  2854   0011DA  EFFF  F008         	goto	l2169
  2855   0011DE                     l2159:
  2856   0011DE  0E0E               	movlw	14
  2857   0011E0  6E0B               	movwf	LeerTeclado@tecla^0,c
  2858   0011E2  EF1C  F009         	goto	l2171
  2859   0011E6                     l2161:
  2860   0011E6  0E00               	movlw	0
  2861   0011E8  6E0B               	movwf	LeerTeclado@tecla^0,c
  2862   0011EA  EF1C  F009         	goto	l2171
  2863   0011EE                     l2163:
  2864   0011EE  0E0F               	movlw	15
  2865   0011F0  6E0B               	movwf	LeerTeclado@tecla^0,c
  2866   0011F2  EF1C  F009         	goto	l2171
  2867   0011F6                     l2165:
  2868   0011F6  0E0D               	movlw	13
  2869   0011F8  6E0B               	movwf	LeerTeclado@tecla^0,c
  2870   0011FA  EF1C  F009         	goto	l2171
  2871   0011FE                     l2169:
  2872   0011FE  5081               	movf	129,w,c	;volatile
  2873   001200  6E09               	movwf	??_LeerTeclado^0,c
  2874   001202  6A0A               	clrf	(??_LeerTeclado+1)^0,c
  2875                           
  2876                           ; Switch on 2 bytes has been partitioned into a top level switch of size 1, and 1 sub-sw
      +                          itches
  2877                           ; Switch size 1, requested type "simple"
  2878                           ; Number of cases is 1, Range of values is 0 to 0
  2879                           ; switch strategies available:
  2880                           ; Name         Instructions Cycles
  2881                           ; simple_byte            4     3 (average)
  2882                           ;	Chosen strategy is simple_byte
  2883   001204  500A               	movf	(??_LeerTeclado+1)^0,w,c
  2884   001206  0A00               	xorlw	0	; case 0
  2885   001208  B4D8               	btfsc	status,2,c
  2886   00120A  EF09  F009         	goto	l2307
  2887   00120E  EF1C  F009         	goto	l2171
  2888   001212                     l2307:
  2889                           
  2890                           ; Switch size 1, requested type "simple"
  2891                           ; Number of cases is 4, Range of values is 231 to 238
  2892                           ; switch strategies available:
  2893                           ; Name         Instructions Cycles
  2894                           ; simple_byte           13     7 (average)
  2895                           ;	Chosen strategy is simple_byte
  2896   001212  5009               	movf	??_LeerTeclado^0,w,c
  2897   001214  0AE7               	xorlw	231	; case 231
  2898   001216  B4D8               	btfsc	status,2,c
  2899   001218  EFEF  F008         	goto	l2159
  2900   00121C  0A0C               	xorlw	12	; case 235
  2901   00121E  B4D8               	btfsc	status,2,c
  2902   001220  EFF3  F008         	goto	l2161
  2903   001224  0A06               	xorlw	6	; case 237
  2904   001226  B4D8               	btfsc	status,2,c
  2905   001228  EFF7  F008         	goto	l2163
  2906   00122C  0A03               	xorlw	3	; case 238
  2907   00122E  B4D8               	btfsc	status,2,c
  2908   001230  EFFB  F008         	goto	l2165
  2909   001234  EF1C  F009         	goto	l2171
  2910   001238                     l2171:
  2911                           
  2912                           ;Codigo_Practica6_Parte2.c: 255:     if (tecla != 0xFF) {
  2913   001238  280B               	incf	LeerTeclado@tecla^0,w,c
  2914   00123A  B4D8               	btfsc	status,2,c
  2915   00123C  EF22  F009         	goto	u1801
  2916   001240  EF24  F009         	goto	u1800
  2917   001244                     u1801:
  2918   001244  EF2A  F009         	goto	l2175
  2919   001248                     u1800:
  2920   001248                     
  2921                           ;Codigo_Practica6_Parte2.c: 256:         DelayXms(50);
  2922   001248  0E00               	movlw	0
  2923   00124A  6E05               	movwf	(DelayXms@Milis+1)^0,c
  2924   00124C  0E32               	movlw	50
  2925   00124E  6E04               	movwf	DelayXms@Milis^0,c
  2926   001250  ECF0  F00C         	call	_DelayXms	;wreg free
  2927   001254                     l2175:
  2928                           
  2929                           ;Codigo_Practica6_Parte2.c: 258:     return tecla;
  2930   001254  500B               	movf	LeerTeclado@tecla^0,w,c
  2931   001256  0012               	return		;funcret
  2932   001258                     __end_of_LeerTeclado:
  2933                           	callstack 0
  2934                           
  2935 ;; *************** function _LCD_DosLineas *****************
  2936 ;; Defined at:
  2937 ;;		line 201 in file "Codigo_Practica6_Parte2.c"
  2938 ;; Parameters:    Size  Location     Type
  2939 ;;  Linea1          1   11[COMRAM] PTR unsigned char 
  2940 ;;		 -> STR_1(15), 
  2941 ;;  Linea2          1   12[COMRAM] PTR unsigned char 
  2942 ;;		 -> STR_2(7), 
  2943 ;; Auto vars:     Size  Location     Type
  2944 ;;		None
  2945 ;; Return value:  Size  Location     Type
  2946 ;;                  1    wreg      void 
  2947 ;; Registers used:
  2948 ;;		wreg, status,2, status,0, tblptrl, tblptrh, tblptru, cstack
  2949 ;; Tracked objects:
  2950 ;;		On entry : 0/0
  2951 ;;		On exit  : 0/0
  2952 ;;		Unchanged: 0/0
  2953 ;; Data sizes:     COMRAM   BANK0   BANK1   BANK2   BANK3   BANK4   BANK5   BANK6   BANK7
  2954 ;;      Params:         2       0       0       0       0       0       0       0       0
  2955 ;;      Locals:         0       0       0       0       0       0       0       0       0
  2956 ;;      Temps:          0       0       0       0       0       0       0       0       0
  2957 ;;      Totals:         2       0       0       0       0       0       0       0       0
  2958 ;;Total ram usage:        2 bytes
  2959 ;; Hardware stack levels used: 1
  2960 ;; Hardware stack levels required when called: 7
  2961 ;; This function calls:
  2962 ;;		_LCD_Comando
  2963 ;;		_LCD_Linea2
  2964 ;;		_LCD_Texto
  2965 ;; This function is called by:
  2966 ;;		_main
  2967 ;; This function uses a non-reentrant model
  2968 ;;
  2969                           
  2970                           	psect	text10
  2971   001A82                     __ptext10:
  2972                           	callstack 0
  2973   001A82                     _LCD_DosLineas:
  2974                           	callstack 23
  2975   001A82                     
  2976                           ;Codigo_Practica6_Parte2.c: 202:     LCD_Comando(0x01);
  2977   001A82  0E01               	movlw	1
  2978   001A84  EC6E  F00D         	call	_LCD_Comando
  2979   001A88                     
  2980                           ;Codigo_Practica6_Parte2.c: 203:     LCD_Texto(Linea1);
  2981   001A88  C00C  F008         	movff	LCD_DosLineas@Linea1,LCD_Texto@PALABRA
  2982   001A8C  ECAC  F00C         	call	_LCD_Texto	;wreg free
  2983   001A90                     
  2984                           ;Codigo_Practica6_Parte2.c: 204:     LCD_Linea2();
  2985   001A90  EC74  F00D         	call	_LCD_Linea2	;wreg free
  2986                           
  2987                           ;Codigo_Practica6_Parte2.c: 205:     LCD_Texto(Linea2);
  2988   001A94  C00D  F008         	movff	LCD_DosLineas@Linea2,LCD_Texto@PALABRA
  2989   001A98  ECAC  F00C         	call	_LCD_Texto	;wreg free
  2990   001A9C  0012               	return		;funcret
  2991   001A9E                     __end_of_LCD_DosLineas:
  2992                           	callstack 0
  2993                           
  2994 ;; *************** function _LCD_Texto *****************
  2995 ;; Defined at:
  2996 ;;		line 165 in file "Codigo_Practica6_Parte2.c"
  2997 ;; Parameters:    Size  Location     Type
  2998 ;;  PALABRA         1    7[COMRAM] PTR unsigned char 
  2999 ;;		 -> STR_3(11), STR_2(7), STR_1(15), 
  3000 ;; Auto vars:     Size  Location     Type
  3001 ;;  i               2    9[COMRAM] int 
  3002 ;; Return value:  Size  Location     Type
  3003 ;;                  1    wreg      void 
  3004 ;; Registers used:
  3005 ;;		wreg, status,2, status,0, tblptrl, tblptrh, tblptru, cstack
  3006 ;; Tracked objects:
  3007 ;;		On entry : 0/0
  3008 ;;		On exit  : 0/0
  3009 ;;		Unchanged: 0/0
  3010 ;; Data sizes:     COMRAM   BANK0   BANK1   BANK2   BANK3   BANK4   BANK5   BANK6   BANK7
  3011 ;;      Params:         1       0       0       0       0       0       0       0       0
  3012 ;;      Locals:         2       0       0       0       0       0       0       0       0
  3013 ;;      Temps:          1       0       0       0       0       0       0       0       0
  3014 ;;      Totals:         4       0       0       0       0       0       0       0       0
  3015 ;;Total ram usage:        4 bytes
  3016 ;; Hardware stack levels used: 1
  3017 ;; Hardware stack levels required when called: 6
  3018 ;; This function calls:
  3019 ;;		_LCD_Caracter
  3020 ;; This function is called by:
  3021 ;;		_LCD_DosLineas
  3022 ;;		_main
  3023 ;; This function uses a non-reentrant model
  3024 ;;
  3025                           
  3026                           	psect	text11
  3027   001958                     __ptext11:
  3028                           	callstack 0
  3029   001958                     _LCD_Texto:
  3030                           	callstack 24
  3031   001958                     
  3032                           ;Codigo_Practica6_Parte2.c: 168:      for(int i=0; PALABRA[i]; i++){
  3033   001958  0E00               	movlw	0
  3034   00195A  6E0B               	movwf	(LCD_Texto@i+1)^0,c
  3035   00195C  0E00               	movlw	0
  3036   00195E  6E0A               	movwf	LCD_Texto@i^0,c
  3037   001960  EFBF  F00C         	goto	l1665
  3038   001964                     l1661:
  3039                           
  3040                           ;Codigo_Practica6_Parte2.c: 169:         LCD_Caracter(PALABRA[i]);
  3041   001964  5008               	movf	LCD_Texto@PALABRA^0,w,c
  3042   001966  240A               	addwf	LCD_Texto@i^0,w,c
  3043   001968  6E09               	movwf	??_LCD_Texto^0,c
  3044   00196A  C009  FFF6         	movff	??_LCD_Texto,tblptrl
  3045   00196E                     	if	1	;There is more than 1 active tblptr byte
  3046   00196E  0E08               	movlw	high __smallconst
  3047   001970  6EF7               	movwf	tblptrh,c
  3048   001972                     	endif
  3049   001972                     	if	0	;tblptru may be non-zero
  3050   001972                     	endif
  3051   001972                     	if	0	;tblptru may be non-zero
  3052   001972                     	endif
  3053   001972  0008               	tblrd		*
  3054   001974  50F5               	movf	tablat,w,c
  3055   001976  EC68  F00D         	call	_LCD_Caracter
  3056   00197A                     
  3057                           ;Codigo_Practica6_Parte2.c: 170:     }
  3058   00197A  4A0A               	infsnz	LCD_Texto@i^0,f,c
  3059   00197C  2A0B               	incf	(LCD_Texto@i+1)^0,f,c
  3060   00197E                     l1665:
  3061   00197E  5008               	movf	LCD_Texto@PALABRA^0,w,c
  3062   001980  240A               	addwf	LCD_Texto@i^0,w,c
  3063   001982  6E09               	movwf	??_LCD_Texto^0,c
  3064   001984  C009  FFF6         	movff	??_LCD_Texto,tblptrl
  3065   001988                     	if	1	;There is more than 1 active tblptr byte
  3066   001988  0E08               	movlw	high __smallconst
  3067   00198A  6EF7               	movwf	tblptrh,c
  3068   00198C                     	endif
  3069   00198C                     	if	0	;tblptru may be non-zero
  3070   00198C                     	endif
  3071   00198C                     	if	0	;tblptru may be non-zero
  3072   00198C                     	endif
  3073   00198C  0008               	tblrd		*
  3074   00198E  50F5               	movf	tablat,w,c
  3075   001990  0900               	iorlw	0
  3076   001992  A4D8               	btfss	status,2,c
  3077   001994  EFCE  F00C         	goto	u1001
  3078   001998  EFD0  F00C         	goto	u1000
  3079   00199C                     u1001:
  3080   00199C  EFB2  F00C         	goto	l1661
  3081   0019A0                     u1000:
  3082   0019A0  0012               	return		;funcret
  3083   0019A2                     __end_of_LCD_Texto:
  3084                           	callstack 0
  3085                           
  3086 ;; *************** function _LCD_Caracter *****************
  3087 ;; Defined at:
  3088 ;;		line 160 in file "Codigo_Practica6_Parte2.c"
  3089 ;; Parameters:    Size  Location     Type
  3090 ;;  dato            1    wreg     unsigned char 
  3091 ;; Auto vars:     Size  Location     Type
  3092 ;;  dato            1    6[COMRAM] unsigned char 
  3093 ;; Return value:  Size  Location     Type
  3094 ;;                  1    wreg      void 
  3095 ;; Registers used:
  3096 ;;		wreg, status,2, status,0, cstack
  3097 ;; Tracked objects:
  3098 ;;		On entry : 0/0
  3099 ;;		On exit  : 0/0
  3100 ;;		Unchanged: 0/0
  3101 ;; Data sizes:     COMRAM   BANK0   BANK1   BANK2   BANK3   BANK4   BANK5   BANK6   BANK7
  3102 ;;      Params:         0       0       0       0       0       0       0       0       0
  3103 ;;      Locals:         1       0       0       0       0       0       0       0       0
  3104 ;;      Temps:          0       0       0       0       0       0       0       0       0
  3105 ;;      Totals:         1       0       0       0       0       0       0       0       0
  3106 ;;Total ram usage:        1 bytes
  3107 ;; Hardware stack levels used: 1
  3108 ;; Hardware stack levels required when called: 5
  3109 ;; This function calls:
  3110 ;;		_TxDato
  3111 ;; This function is called by:
  3112 ;;		_LCD_Texto
  3113 ;;		_main
  3114 ;; This function uses a non-reentrant model
  3115 ;;
  3116                           
  3117                           	psect	text12
  3118   001AD0                     __ptext12:
  3119                           	callstack 0
  3120   001AD0                     _LCD_Caracter:
  3121                           	callstack 24
  3122                           
  3123                           ;incstack = 0
  3124                           ;LCD_Caracter@dato stored from wreg
  3125   001AD0  6E07               	movwf	LCD_Caracter@dato^0,c
  3126   001AD2                     
  3127                           ;Codigo_Practica6_Parte2.c: 161:     LATDbits.LATD1 = 1;
  3128   001AD2  828C               	bsf	140,1,c	;volatile
  3129   001AD4                     
  3130                           ;Codigo_Practica6_Parte2.c: 162:     TxDato(dato);
  3131   001AD4  5007               	movf	LCD_Caracter@dato^0,w,c
  3132   001AD6  ECD0  F00B         	call	_TxDato
  3133   001ADA  0012               	return		;funcret
  3134   001ADC                     __end_of_LCD_Caracter:
  3135                           	callstack 0
  3136                           
  3137 ;; *************** function _LCD_Linea2 *****************
  3138 ;; Defined at:
  3139 ;;		line 195 in file "Codigo_Practica6_Parte2.c"
  3140 ;; Parameters:    Size  Location     Type
  3141 ;;		None
  3142 ;; Auto vars:     Size  Location     Type
  3143 ;;		None
  3144 ;; Return value:  Size  Location     Type
  3145 ;;                  1    wreg      void 
  3146 ;; Registers used:
  3147 ;;		wreg, status,2, status,0, cstack
  3148 ;; Tracked objects:
  3149 ;;		On entry : 0/0
  3150 ;;		On exit  : 0/0
  3151 ;;		Unchanged: 0/0
  3152 ;; Data sizes:     COMRAM   BANK0   BANK1   BANK2   BANK3   BANK4   BANK5   BANK6   BANK7
  3153 ;;      Params:         0       0       0       0       0       0       0       0       0
  3154 ;;      Locals:         0       0       0       0       0       0       0       0       0
  3155 ;;      Temps:          0       0       0       0       0       0       0       0       0
  3156 ;;      Totals:         0       0       0       0       0       0       0       0       0
  3157 ;;Total ram usage:        0 bytes
  3158 ;; Hardware stack levels used: 1
  3159 ;; Hardware stack levels required when called: 6
  3160 ;; This function calls:
  3161 ;;		_LCD_Comando
  3162 ;; This function is called by:
  3163 ;;		_LCD_DosLineas
  3164 ;;		_main
  3165 ;; This function uses a non-reentrant model
  3166 ;;
  3167                           
  3168                           	psect	text13
  3169   001AE8                     __ptext13:
  3170                           	callstack 0
  3171   001AE8                     _LCD_Linea2:
  3172                           	callstack 24
  3173   001AE8                     
  3174                           ;Codigo_Practica6_Parte2.c: 196:     LCD_Comando(0xC0);
  3175   001AE8  0EC0               	movlw	192
  3176   001AEA  EC6E  F00D         	call	_LCD_Comando
  3177   001AEE  0012               	return		;funcret
  3178   001AF0                     __end_of_LCD_Linea2:
  3179                           	callstack 0
  3180                           
  3181 ;; *************** function _InitLCD *****************
  3182 ;; Defined at:
  3183 ;;		line 175 in file "Codigo_Practica6_Parte2.c"
  3184 ;; Parameters:    Size  Location     Type
  3185 ;;		None
  3186 ;; Auto vars:     Size  Location     Type
  3187 ;;		None
  3188 ;; Return value:  Size  Location     Type
  3189 ;;                  1    wreg      void 
  3190 ;; Registers used:
  3191 ;;		wreg, status,2, status,0, cstack
  3192 ;; Tracked objects:
  3193 ;;		On entry : 0/0
  3194 ;;		On exit  : 0/0
  3195 ;;		Unchanged: 0/0
  3196 ;; Data sizes:     COMRAM   BANK0   BANK1   BANK2   BANK3   BANK4   BANK5   BANK6   BANK7
  3197 ;;      Params:         0       0       0       0       0       0       0       0       0
  3198 ;;      Locals:         0       0       0       0       0       0       0       0       0
  3199 ;;      Temps:          0       0       0       0       0       0       0       0       0
  3200 ;;      Totals:         0       0       0       0       0       0       0       0       0
  3201 ;;Total ram usage:        0 bytes
  3202 ;; Hardware stack levels used: 1
  3203 ;; Hardware stack levels required when called: 6
  3204 ;; This function calls:
  3205 ;;		_DelayXms
  3206 ;;		_LCD_Comando
  3207 ;; This function is called by:
  3208 ;;		_main
  3209 ;; This function uses a non-reentrant model
  3210 ;;
  3211                           
  3212                           	psect	text14
  3213   0019A2                     __ptext14:
  3214                           	callstack 0
  3215   0019A2                     _InitLCD:
  3216                           	callstack 24
  3217   0019A2                     
  3218                           ;Codigo_Practica6_Parte2.c: 177:     DelayXms(15);
  3219   0019A2  0E00               	movlw	0
  3220   0019A4  6E05               	movwf	(DelayXms@Milis+1)^0,c
  3221   0019A6  0E0F               	movlw	15
  3222   0019A8  6E04               	movwf	DelayXms@Milis^0,c
  3223   0019AA  ECF0  F00C         	call	_DelayXms	;wreg free
  3224                           
  3225                           ;Codigo_Practica6_Parte2.c: 180:     LCD_Comando(0x33);
  3226   0019AE  0E33               	movlw	51
  3227   0019B0  EC6E  F00D         	call	_LCD_Comando
  3228                           
  3229                           ;Codigo_Practica6_Parte2.c: 181:     LCD_Comando(0x32);
  3230   0019B4  0E32               	movlw	50
  3231   0019B6  EC6E  F00D         	call	_LCD_Comando
  3232                           
  3233                           ;Codigo_Practica6_Parte2.c: 183:     LCD_Comando(0x28);
  3234   0019BA  0E28               	movlw	40
  3235   0019BC  EC6E  F00D         	call	_LCD_Comando
  3236                           
  3237                           ;Codigo_Practica6_Parte2.c: 184:     LCD_Comando(0x0C);
  3238   0019C0  0E0C               	movlw	12
  3239   0019C2  EC6E  F00D         	call	_LCD_Comando
  3240                           
  3241                           ;Codigo_Practica6_Parte2.c: 185:     LCD_Comando(0x06);
  3242   0019C6  0E06               	movlw	6
  3243   0019C8  EC6E  F00D         	call	_LCD_Comando
  3244                           
  3245                           ;Codigo_Practica6_Parte2.c: 188:     LCD_Comando(0x01);
  3246   0019CC  0E01               	movlw	1
  3247   0019CE  EC6E  F00D         	call	_LCD_Comando
  3248                           
  3249                           ;Codigo_Practica6_Parte2.c: 190:     DelayXms(5);
  3250   0019D2  0E00               	movlw	0
  3251   0019D4  6E05               	movwf	(DelayXms@Milis+1)^0,c
  3252   0019D6  0E05               	movlw	5
  3253   0019D8  6E04               	movwf	DelayXms@Milis^0,c
  3254   0019DA  ECF0  F00C         	call	_DelayXms	;wreg free
  3255   0019DE  0012               	return		;funcret
  3256   0019E0                     __end_of_InitLCD:
  3257                           	callstack 0
  3258                           
  3259 ;; *************** function _LCD_Comando *****************
  3260 ;; Defined at:
  3261 ;;		line 152 in file "Codigo_Practica6_Parte2.c"
  3262 ;; Parameters:    Size  Location     Type
  3263 ;;  cmd             1    wreg     unsigned char 
  3264 ;; Auto vars:     Size  Location     Type
  3265 ;;  cmd             1    6[COMRAM] unsigned char 
  3266 ;; Return value:  Size  Location     Type
  3267 ;;                  1    wreg      void 
  3268 ;; Registers used:
  3269 ;;		wreg, status,2, status,0, cstack
  3270 ;; Tracked objects:
  3271 ;;		On entry : 0/0
  3272 ;;		On exit  : 0/0
  3273 ;;		Unchanged: 0/0
  3274 ;; Data sizes:     COMRAM   BANK0   BANK1   BANK2   BANK3   BANK4   BANK5   BANK6   BANK7
  3275 ;;      Params:         0       0       0       0       0       0       0       0       0
  3276 ;;      Locals:         1       0       0       0       0       0       0       0       0
  3277 ;;      Temps:          0       0       0       0       0       0       0       0       0
  3278 ;;      Totals:         1       0       0       0       0       0       0       0       0
  3279 ;;Total ram usage:        1 bytes
  3280 ;; Hardware stack levels used: 1
  3281 ;; Hardware stack levels required when called: 5
  3282 ;; This function calls:
  3283 ;;		_TxDato
  3284 ;; This function is called by:
  3285 ;;		_InitLCD
  3286 ;;		_LCD_Linea2
  3287 ;;		_LCD_DosLineas
  3288 ;;		_main
  3289 ;; This function uses a non-reentrant model
  3290 ;;
  3291                           
  3292                           	psect	text15
  3293   001ADC                     __ptext15:
  3294                           	callstack 0
  3295   001ADC                     _LCD_Comando:
  3296                           	callstack 24
  3297                           
  3298                           ;incstack = 0
  3299                           ;LCD_Comando@cmd stored from wreg
  3300   001ADC  6E07               	movwf	LCD_Comando@cmd^0,c
  3301   001ADE                     
  3302                           ;Codigo_Practica6_Parte2.c: 154:     LATDbits.LATD1 = 0;
  3303   001ADE  928C               	bcf	140,1,c	;volatile
  3304   001AE0                     
  3305                           ;Codigo_Practica6_Parte2.c: 155:     TxDato(cmd);
  3306   001AE0  5007               	movf	LCD_Comando@cmd^0,w,c
  3307   001AE2  ECD0  F00B         	call	_TxDato
  3308   001AE6  0012               	return		;funcret
  3309   001AE8                     __end_of_LCD_Comando:
  3310                           	callstack 0
  3311                           
  3312 ;; *************** function _TxDato *****************
  3313 ;; Defined at:
  3314 ;;		line 124 in file "Codigo_Practica6_Parte2.c"
  3315 ;; Parameters:    Size  Location     Type
  3316 ;;  dato            1    wreg     unsigned char 
  3317 ;; Auto vars:     Size  Location     Type
  3318 ;;  dato            1    5[COMRAM] unsigned char 
  3319 ;; Return value:  Size  Location     Type
  3320 ;;                  1    wreg      void 
  3321 ;; Registers used:
  3322 ;;		wreg, status,2, status,0, cstack
  3323 ;; Tracked objects:
  3324 ;;		On entry : 0/0
  3325 ;;		On exit  : 0/0
  3326 ;;		Unchanged: 0/0
  3327 ;; Data sizes:     COMRAM   BANK0   BANK1   BANK2   BANK3   BANK4   BANK5   BANK6   BANK7
  3328 ;;      Params:         0       0       0       0       0       0       0       0       0
  3329 ;;      Locals:         1       0       0       0       0       0       0       0       0
  3330 ;;      Temps:          2       0       0       0       0       0       0       0       0
  3331 ;;      Totals:         3       0       0       0       0       0       0       0       0
  3332 ;;Total ram usage:        3 bytes
  3333 ;; Hardware stack levels used: 1
  3334 ;; Hardware stack levels required when called: 4
  3335 ;; This function calls:
  3336 ;;		_BitEN
  3337 ;;		_Delay1ms
  3338 ;; This function is called by:
  3339 ;;		_LCD_Comando
  3340 ;;		_LCD_Caracter
  3341 ;; This function uses a non-reentrant model
  3342 ;;
  3343                           
  3344                           	psect	text16
  3345   0017A0                     __ptext16:
  3346                           	callstack 0
  3347   0017A0                     _TxDato:
  3348                           	callstack 24
  3349                           
  3350                           ;incstack = 0
  3351                           ;TxDato@dato stored from wreg
  3352   0017A0  6E06               	movwf	TxDato@dato^0,c
  3353   0017A2                     
  3354                           ;Codigo_Practica6_Parte2.c: 134:     LATAbits.LATA1 = (dato & 0x10)>>4;
  3355   0017A2  C006  F004         	movff	TxDato@dato,??_TxDato
  3356   0017A6  3A04               	swapf	??_TxDato^0,f,c
  3357   0017A8  0E0F               	movlw	15
  3358   0017AA  1604               	andwf	??_TxDato^0,f,c
  3359   0017AC  0E01               	movlw	1
  3360   0017AE  1604               	andwf	??_TxDato^0,f,c
  3361   0017B0  4604               	rlncf	??_TxDato^0,f,c
  3362   0017B2  5089               	movf	137,w,c	;volatile
  3363   0017B4  1804               	xorwf	??_TxDato^0,w,c
  3364   0017B6  0BFD               	andlw	-3
  3365   0017B8  1804               	xorwf	??_TxDato^0,w,c
  3366   0017BA  6E89               	movwf	137,c	;volatile
  3367                           
  3368                           ;Codigo_Practica6_Parte2.c: 135:     LATAbits.LATA2 = (dato & 0x20)>>5;
  3369   0017BC  C006  F004         	movff	TxDato@dato,??_TxDato
  3370   0017C0  0E05               	movlw	5
  3371   0017C2  6E05               	movwf	(??_TxDato+1)^0,c
  3372   0017C4                     u25:
  3373   0017C4  90D8               	bcf	status,0,c
  3374   0017C6  3204               	rrcf	??_TxDato^0,f,c
  3375   0017C8  2E05               	decfsz	(??_TxDato+1)^0,f,c
  3376   0017CA  EFE2  F00B         	goto	u25
  3377   0017CE  0E01               	movlw	1
  3378   0017D0  1604               	andwf	??_TxDato^0,f,c
  3379   0017D2  4604               	rlncf	??_TxDato^0,f,c
  3380   0017D4  4604               	rlncf	??_TxDato^0,f,c
  3381   0017D6  5089               	movf	137,w,c	;volatile
  3382   0017D8  1804               	xorwf	??_TxDato^0,w,c
  3383   0017DA  0BFB               	andlw	-5
  3384   0017DC  1804               	xorwf	??_TxDato^0,w,c
  3385   0017DE  6E89               	movwf	137,c	;volatile
  3386                           
  3387                           ;Codigo_Practica6_Parte2.c: 136:     LATAbits.LATA3 = (dato & 0x40)>>6;
  3388   0017E0  C006  F004         	movff	TxDato@dato,??_TxDato
  3389   0017E4  0E06               	movlw	6
  3390   0017E6  6E05               	movwf	(??_TxDato+1)^0,c
  3391   0017E8                     u35:
  3392   0017E8  90D8               	bcf	status,0,c
  3393   0017EA  3204               	rrcf	??_TxDato^0,f,c
  3394   0017EC  2E05               	decfsz	(??_TxDato+1)^0,f,c
  3395   0017EE  EFF4  F00B         	goto	u35
  3396   0017F2  0E01               	movlw	1
  3397   0017F4  1604               	andwf	??_TxDato^0,f,c
  3398   0017F6  4604               	rlncf	??_TxDato^0,f,c
  3399   0017F8  4604               	rlncf	??_TxDato^0,f,c
  3400   0017FA  4604               	rlncf	??_TxDato^0,f,c
  3401   0017FC  5089               	movf	137,w,c	;volatile
  3402   0017FE  1804               	xorwf	??_TxDato^0,w,c
  3403   001800  0BF7               	andlw	-9
  3404   001802  1804               	xorwf	??_TxDato^0,w,c
  3405   001804  6E89               	movwf	137,c	;volatile
  3406                           
  3407                           ;Codigo_Practica6_Parte2.c: 137:     LATAbits.LATA4 = (dato & 0x80)>>7;
  3408   001806  6A04               	clrf	??_TxDato^0,c
  3409   001808  AE06               	btfss	TxDato@dato^0,7,c
  3410   00180A  D001               	bra	u45
  3411   00180C  2A04               	incf	??_TxDato^0,f,c
  3412   00180E                     u45:
  3413   00180E  0E01               	movlw	1
  3414   001810  1604               	andwf	??_TxDato^0,f,c
  3415   001812  3A04               	swapf	??_TxDato^0,f,c
  3416   001814  5089               	movf	137,w,c	;volatile
  3417   001816  1804               	xorwf	??_TxDato^0,w,c
  3418   001818  0BEF               	andlw	-17
  3419   00181A  1804               	xorwf	??_TxDato^0,w,c
  3420   00181C  6E89               	movwf	137,c	;volatile
  3421   00181E                     
  3422                           ;Codigo_Practica6_Parte2.c: 139:     BitEN();
  3423   00181E  EC61  F00D         	call	_BitEN	;wreg free
  3424   001822                     
  3425                           ;Codigo_Practica6_Parte2.c: 141:     LATAbits.LATA1 = (dato & 0x01);
  3426   001822  C006  F004         	movff	TxDato@dato,??_TxDato
  3427   001826  0E01               	movlw	1
  3428   001828  1604               	andwf	??_TxDato^0,f,c
  3429   00182A  4604               	rlncf	??_TxDato^0,f,c
  3430   00182C  5089               	movf	137,w,c	;volatile
  3431   00182E  1804               	xorwf	??_TxDato^0,w,c
  3432   001830  0BFD               	andlw	-3
  3433   001832  1804               	xorwf	??_TxDato^0,w,c
  3434   001834  6E89               	movwf	137,c	;volatile
  3435   001836                     
  3436                           ;Codigo_Practica6_Parte2.c: 142:     LATAbits.LATA2 = (dato & 0x02)>>1;
  3437   001836  C006  F004         	movff	TxDato@dato,??_TxDato
  3438   00183A  90D8               	bcf	status,0,c
  3439   00183C  3204               	rrcf	??_TxDato^0,f,c
  3440   00183E  0E01               	movlw	1
  3441   001840  1604               	andwf	??_TxDato^0,f,c
  3442   001842  4604               	rlncf	??_TxDato^0,f,c
  3443   001844  4604               	rlncf	??_TxDato^0,f,c
  3444   001846  5089               	movf	137,w,c	;volatile
  3445   001848  1804               	xorwf	??_TxDato^0,w,c
  3446   00184A  0BFB               	andlw	-5
  3447   00184C  1804               	xorwf	??_TxDato^0,w,c
  3448   00184E  6E89               	movwf	137,c	;volatile
  3449   001850                     
  3450                           ;Codigo_Practica6_Parte2.c: 143:     LATAbits.LATA3 = (dato & 0x04)>>2;
  3451   001850  C006  F004         	movff	TxDato@dato,??_TxDato
  3452   001854  90D8               	bcf	status,0,c
  3453   001856  3204               	rrcf	??_TxDato^0,f,c
  3454   001858  90D8               	bcf	status,0,c
  3455   00185A  3204               	rrcf	??_TxDato^0,f,c
  3456   00185C  0E01               	movlw	1
  3457   00185E  1604               	andwf	??_TxDato^0,f,c
  3458   001860  4604               	rlncf	??_TxDato^0,f,c
  3459   001862  4604               	rlncf	??_TxDato^0,f,c
  3460   001864  4604               	rlncf	??_TxDato^0,f,c
  3461   001866  5089               	movf	137,w,c	;volatile
  3462   001868  1804               	xorwf	??_TxDato^0,w,c
  3463   00186A  0BF7               	andlw	-9
  3464   00186C  1804               	xorwf	??_TxDato^0,w,c
  3465   00186E  6E89               	movwf	137,c	;volatile
  3466   001870                     
  3467                           ;Codigo_Practica6_Parte2.c: 144:     LATAbits.LATA4 = (dato & 0x08)>>3;
  3468   001870  C006  F004         	movff	TxDato@dato,??_TxDato
  3469   001874  90D8               	bcf	status,0,c
  3470   001876  3204               	rrcf	??_TxDato^0,f,c
  3471   001878  90D8               	bcf	status,0,c
  3472   00187A  3204               	rrcf	??_TxDato^0,f,c
  3473   00187C  90D8               	bcf	status,0,c
  3474   00187E  3204               	rrcf	??_TxDato^0,f,c
  3475   001880  0E01               	movlw	1
  3476   001882  1604               	andwf	??_TxDato^0,f,c
  3477   001884  3A04               	swapf	??_TxDato^0,f,c
  3478   001886  5089               	movf	137,w,c	;volatile
  3479   001888  1804               	xorwf	??_TxDato^0,w,c
  3480   00188A  0BEF               	andlw	-17
  3481   00188C  1804               	xorwf	??_TxDato^0,w,c
  3482   00188E  6E89               	movwf	137,c	;volatile
  3483   001890                     
  3484                           ;Codigo_Practica6_Parte2.c: 146:     BitEN();
  3485   001890  EC61  F00D         	call	_BitEN	;wreg free
  3486   001894                     
  3487                           ;Codigo_Practica6_Parte2.c: 147:     Delay1ms();
  3488   001894  EC0A  F00D         	call	_Delay1ms	;wreg free
  3489   001898  0012               	return		;funcret
  3490   00189A                     __end_of_TxDato:
  3491                           	callstack 0
  3492                           
  3493 ;; *************** function _BitEN *****************
  3494 ;; Defined at:
  3495 ;;		line 114 in file "Codigo_Practica6_Parte2.c"
  3496 ;; Parameters:    Size  Location     Type
  3497 ;;		None
  3498 ;; Auto vars:     Size  Location     Type
  3499 ;;		None
  3500 ;; Return value:  Size  Location     Type
  3501 ;;                  1    wreg      void 
  3502 ;; Registers used:
  3503 ;;		wreg, status,2, status,0, cstack
  3504 ;; Tracked objects:
  3505 ;;		On entry : 0/0
  3506 ;;		On exit  : 0/0
  3507 ;;		Unchanged: 0/0
  3508 ;; Data sizes:     COMRAM   BANK0   BANK1   BANK2   BANK3   BANK4   BANK5   BANK6   BANK7
  3509 ;;      Params:         0       0       0       0       0       0       0       0       0
  3510 ;;      Locals:         0       0       0       0       0       0       0       0       0
  3511 ;;      Temps:          0       0       0       0       0       0       0       0       0
  3512 ;;      Totals:         0       0       0       0       0       0       0       0       0
  3513 ;;Total ram usage:        0 bytes
  3514 ;; Hardware stack levels used: 1
  3515 ;; Hardware stack levels required when called: 3
  3516 ;; This function calls:
  3517 ;;		_Delay1ms
  3518 ;; This function is called by:
  3519 ;;		_TxDato
  3520 ;; This function uses a non-reentrant model
  3521 ;;
  3522                           
  3523                           	psect	text17
  3524   001AC2                     __ptext17:
  3525                           	callstack 0
  3526   001AC2                     _BitEN:
  3527                           	callstack 24
  3528   001AC2                     
  3529                           ;Codigo_Practica6_Parte2.c: 116:     LATDbits.LATD2 = 1;
  3530   001AC2  848C               	bsf	140,2,c	;volatile
  3531   001AC4                     
  3532                           ;Codigo_Practica6_Parte2.c: 117:     Delay1ms();
  3533   001AC4  EC0A  F00D         	call	_Delay1ms	;wreg free
  3534   001AC8                     
  3535                           ;Codigo_Practica6_Parte2.c: 118:     LATDbits.LATD2 = 0;
  3536   001AC8  948C               	bcf	140,2,c	;volatile
  3537                           
  3538                           ;Codigo_Practica6_Parte2.c: 119:     Delay1ms();
  3539   001ACA  EC0A  F00D         	call	_Delay1ms	;wreg free
  3540   001ACE  0012               	return		;funcret
  3541   001AD0                     __end_of_BitEN:
  3542                           	callstack 0
  3543                           
  3544 ;; *************** function _DelayXms *****************
  3545 ;; Defined at:
  3546 ;;		line 84 in file "Codigo_Practica6_Parte2.c"
  3547 ;; Parameters:    Size  Location     Type
  3548 ;;  Milis           2    3[COMRAM] int 
  3549 ;; Auto vars:     Size  Location     Type
  3550 ;;  i               2    6[COMRAM] int 
  3551 ;; Return value:  Size  Location     Type
  3552 ;;                  1    wreg      void 
  3553 ;; Registers used:
  3554 ;;		wreg, status,2, status,0, cstack
  3555 ;; Tracked objects:
  3556 ;;		On entry : 0/0
  3557 ;;		On exit  : 0/0
  3558 ;;		Unchanged: 0/0
  3559 ;; Data sizes:     COMRAM   BANK0   BANK1   BANK2   BANK3   BANK4   BANK5   BANK6   BANK7
  3560 ;;      Params:         2       0       0       0       0       0       0       0       0
  3561 ;;      Locals:         2       0       0       0       0       0       0       0       0
  3562 ;;      Temps:          1       0       0       0       0       0       0       0       0
  3563 ;;      Totals:         5       0       0       0       0       0       0       0       0
  3564 ;;Total ram usage:        5 bytes
  3565 ;; Hardware stack levels used: 1
  3566 ;; Hardware stack levels required when called: 3
  3567 ;; This function calls:
  3568 ;;		_Delay1ms
  3569 ;; This function is called by:
  3570 ;;		_InitLCD
  3571 ;;		_LeerTeclado
  3572 ;;		_main
  3573 ;; This function uses a non-reentrant model
  3574 ;;
  3575                           
  3576                           	psect	text18
  3577   0019E0                     __ptext18:
  3578                           	callstack 0
  3579   0019E0                     _DelayXms:
  3580                           	callstack 26
  3581   0019E0                     
  3582                           ;Codigo_Practica6_Parte2.c: 85:     for (int i = 0; i <= Milis; i++) {
  3583   0019E0  0E00               	movlw	0
  3584   0019E2  6E08               	movwf	(DelayXms@i+1)^0,c
  3585   0019E4  0E00               	movlw	0
  3586   0019E6  6E07               	movwf	DelayXms@i^0,c
  3587   0019E8  EFFA  F00C         	goto	l1657
  3588   0019EC                     l1653:
  3589                           
  3590                           ;Codigo_Practica6_Parte2.c: 86:         Delay1ms();
  3591   0019EC  EC0A  F00D         	call	_Delay1ms	;wreg free
  3592   0019F0                     
  3593                           ;Codigo_Practica6_Parte2.c: 87:     }
  3594   0019F0  4A07               	infsnz	DelayXms@i^0,f,c
  3595   0019F2  2A08               	incf	(DelayXms@i+1)^0,f,c
  3596   0019F4                     l1657:
  3597   0019F4  5007               	movf	DelayXms@i^0,w,c
  3598   0019F6  5C04               	subwf	DelayXms@Milis^0,w,c
  3599   0019F8  5005               	movf	(DelayXms@Milis+1)^0,w,c
  3600   0019FA  0A80               	xorlw	128
  3601   0019FC  6E06               	movwf	??_DelayXms^0,c
  3602   0019FE  5008               	movf	(DelayXms@i+1)^0,w,c
  3603   001A00  0A80               	xorlw	128
  3604   001A02  5806               	subwfb	??_DelayXms^0,w,c
  3605   001A04  B0D8               	btfsc	status,0,c
  3606   001A06  EF07  F00D         	goto	u991
  3607   001A0A  EF09  F00D         	goto	u990
  3608   001A0E                     u991:
  3609   001A0E  EFF6  F00C         	goto	l1653
  3610   001A12                     u990:
  3611   001A12  0012               	return		;funcret
  3612   001A14                     __end_of_DelayXms:
  3613                           	callstack 0
  3614                           
  3615 ;; *************** function _Delay1ms *****************
  3616 ;; Defined at:
  3617 ;;		line 79 in file "Codigo_Practica6_Parte2.c"
  3618 ;; Parameters:    Size  Location     Type
  3619 ;;		None
  3620 ;; Auto vars:     Size  Location     Type
  3621 ;;  veces           2    1[COMRAM] int 
  3622 ;; Return value:  Size  Location     Type
  3623 ;;                  1    wreg      void 
  3624 ;; Registers used:
  3625 ;;		wreg, status,2, status,0
  3626 ;; Tracked objects:
  3627 ;;		On entry : 0/0
  3628 ;;		On exit  : 0/0
  3629 ;;		Unchanged: 0/0
  3630 ;; Data sizes:     COMRAM   BANK0   BANK1   BANK2   BANK3   BANK4   BANK5   BANK6   BANK7
  3631 ;;      Params:         0       0       0       0       0       0       0       0       0
  3632 ;;      Locals:         2       0       0       0       0       0       0       0       0
  3633 ;;      Temps:          0       0       0       0       0       0       0       0       0
  3634 ;;      Totals:         2       0       0       0       0       0       0       0       0
  3635 ;;Total ram usage:        2 bytes
  3636 ;; Hardware stack levels used: 1
  3637 ;; Hardware stack levels required when called: 2
  3638 ;; This function calls:
  3639 ;;		Nothing
  3640 ;; This function is called by:
  3641 ;;		_DelayXms
  3642 ;;		_BitEN
  3643 ;;		_TxDato
  3644 ;; This function uses a non-reentrant model
  3645 ;;
  3646                           
  3647                           	psect	text19
  3648   001A14                     __ptext19:
  3649                           	callstack 0
  3650   001A14                     _Delay1ms:
  3651                           	callstack 26
  3652   001A14                     
  3653                           ;Codigo_Practica6_Parte2.c: 80:     int veces;;Codigo_Practica6_Parte2.c: 81:     for (v
      +                          eces = 0; veces <= 860; veces++);
  3654   001A14  0E00               	movlw	0
  3655   001A16  6E03               	movwf	(Delay1ms@veces+1)^0,c
  3656   001A18  0E00               	movlw	0
  3657   001A1A  6E02               	movwf	Delay1ms@veces^0,c
  3658   001A1C                     l859:
  3659   001A1C  4A02               	infsnz	Delay1ms@veces^0,f,c
  3660   001A1E  2A03               	incf	(Delay1ms@veces+1)^0,f,c
  3661   001A20  BE03               	btfsc	(Delay1ms@veces+1)^0,7,c
  3662   001A22  EF1C  F00D         	goto	u11
  3663   001A26  0E5D               	movlw	93
  3664   001A28  5C02               	subwf	Delay1ms@veces^0,w,c
  3665   001A2A  0E03               	movlw	3
  3666   001A2C  5803               	subwfb	(Delay1ms@veces+1)^0,w,c
  3667   001A2E  A0D8               	btfss	status,0,c
  3668   001A30  EF1C  F00D         	goto	u11
  3669   001A34  EF1E  F00D         	goto	u10
  3670   001A38                     u11:
  3671   001A38  EF0E  F00D         	goto	l859
  3672   001A3C                     u10:
  3673   001A3C  0012               	return		;funcret
  3674   001A3E                     __end_of_Delay1ms:
  3675                           	callstack 0
  3676                           
  3677 ;; *************** function _Configuracion_inicialPIC *****************
  3678 ;; Defined at:
  3679 ;;		line 92 in file "Codigo_Practica6_Parte2.c"
  3680 ;; Parameters:    Size  Location     Type
  3681 ;;		None
  3682 ;; Auto vars:     Size  Location     Type
  3683 ;;		None
  3684 ;; Return value:  Size  Location     Type
  3685 ;;                  1    wreg      void 
  3686 ;; Registers used:
  3687 ;;		wreg, status,2
  3688 ;; Tracked objects:
  3689 ;;		On entry : 0/0
  3690 ;;		On exit  : 0/0
  3691 ;;		Unchanged: 0/0
  3692 ;; Data sizes:     COMRAM   BANK0   BANK1   BANK2   BANK3   BANK4   BANK5   BANK6   BANK7
  3693 ;;      Params:         0       0       0       0       0       0       0       0       0
  3694 ;;      Locals:         0       0       0       0       0       0       0       0       0
  3695 ;;      Temps:          0       0       0       0       0       0       0       0       0
  3696 ;;      Totals:         0       0       0       0       0       0       0       0       0
  3697 ;;Total ram usage:        0 bytes
  3698 ;; Hardware stack levels used: 1
  3699 ;; Hardware stack levels required when called: 2
  3700 ;; This function calls:
  3701 ;;		Nothing
  3702 ;; This function is called by:
  3703 ;;		_main
  3704 ;; This function uses a non-reentrant model
  3705 ;;
  3706                           
  3707                           	psect	text20
  3708   001A64                     __ptext20:
  3709                           	callstack 0
  3710   001A64                     _Configuracion_inicialPIC:
  3711                           	callstack 28
  3712   001A64                     
  3713                           ;Codigo_Practica6_Parte2.c: 94:     TRISB = 0b00001111;
  3714   001A64  0E0F               	movlw	15
  3715   001A66  6E93               	movwf	147,c	;volatile
  3716                           
  3717                           ;Codigo_Practica6_Parte2.c: 95:     LATB = 0b11110000;
  3718   001A68  0EF0               	movlw	240
  3719   001A6A  6E8A               	movwf	138,c	;volatile
  3720                           
  3721                           ;Codigo_Practica6_Parte2.c: 97:     ADCON1 = 0x0F;
  3722   001A6C  0E0F               	movlw	15
  3723   001A6E  6EC1               	movwf	193,c	;volatile
  3724   001A70                     
  3725                           ;Codigo_Practica6_Parte2.c: 100:     TRISDbits.RD0 = 0;
  3726   001A70  9095               	bcf	149,0,c	;volatile
  3727   001A72                     
  3728                           ;Codigo_Practica6_Parte2.c: 101:     LATDbits.LATD0 = 0;
  3729   001A72  908C               	bcf	140,0,c	;volatile
  3730   001A74                     
  3731                           ;Codigo_Practica6_Parte2.c: 103:     TRISAbits.TRISA1 = 0;
  3732   001A74  9292               	bcf	146,1,c	;volatile
  3733   001A76                     
  3734                           ;Codigo_Practica6_Parte2.c: 104:     TRISAbits.TRISA2 = 0;
  3735   001A76  9492               	bcf	146,2,c	;volatile
  3736   001A78                     
  3737                           ;Codigo_Practica6_Parte2.c: 105:     TRISAbits.TRISA3 = 0;
  3738   001A78  9692               	bcf	146,3,c	;volatile
  3739   001A7A                     
  3740                           ;Codigo_Practica6_Parte2.c: 106:     TRISAbits.TRISA4 = 0;
  3741   001A7A  9892               	bcf	146,4,c	;volatile
  3742   001A7C                     
  3743                           ;Codigo_Practica6_Parte2.c: 108:     TRISDbits.RD1 = 0;
  3744   001A7C  9295               	bcf	149,1,c	;volatile
  3745   001A7E                     
  3746                           ;Codigo_Practica6_Parte2.c: 109:     TRISDbits.RD2 = 0;
  3747   001A7E  9495               	bcf	149,2,c	;volatile
  3748   001A80  0012               	return		;funcret
  3749   001A82                     __end_of_Configuracion_inicialPIC:
  3750                           	callstack 0
  3751                           
  3752 ;; *************** function _MyLowPriorityIsr *****************
  3753 ;; Defined at:
  3754 ;;		line 394 in file "Codigo_Practica6_Parte2.c"
  3755 ;; Parameters:    Size  Location     Type
  3756 ;;		None
  3757 ;; Auto vars:     Size  Location     Type
  3758 ;;		None
  3759 ;; Return value:  Size  Location     Type
  3760 ;;                  1    wreg      void 
  3761 ;; Registers used:
  3762 ;;		None
  3763 ;; Tracked objects:
  3764 ;;		On entry : 0/0
  3765 ;;		On exit  : 0/0
  3766 ;;		Unchanged: 0/0
  3767 ;; Data sizes:     COMRAM   BANK0   BANK1   BANK2   BANK3   BANK4   BANK5   BANK6   BANK7
  3768 ;;      Params:         0       0       0       0       0       0       0       0       0
  3769 ;;      Locals:         0       0       0       0       0       0       0       0       0
  3770 ;;      Temps:          1       0       0       0       0       0       0       0       0
  3771 ;;      Totals:         1       0       0       0       0       0       0       0       0
  3772 ;;Total ram usage:        1 bytes
  3773 ;; Hardware stack levels used: 1
  3774 ;; Hardware stack levels required when called: 1
  3775 ;; This function calls:
  3776 ;;		Nothing
  3777 ;; This function is called by:
  3778 ;;		Interrupt level 1
  3779 ;; This function uses a non-reentrant model
  3780 ;;
  3781                           
  3782                           	psect	intcodelo
  3783   000018                     __pintcodelo:
  3784                           	callstack 0
  3785   000018                     _MyLowPriorityIsr:
  3786                           	callstack 23
  3787                           
  3788                           ;incstack = 0
  3789   000018  804D               	bsf	int$flags,0,c	;set compiler interrupt flag (level 1)
  3790   00001A  CFE0 F001          	movff	bsr,??_MyLowPriorityIsr
  3791   00001E  C001  FFE0         	movff	??_MyLowPriorityIsr,bsr
  3792   000022  904D               	bcf	int$flags,0,c	;clear compiler interrupt flag (level 1)
  3793   000024  0010               	retfie	
  3794   000026                     __end_of_MyLowPriorityIsr:
  3795                           	callstack 0
  3796                           
  3797 ;; *************** function _MyHighPriorityIsr *****************
  3798 ;; Defined at:
  3799 ;;		line 388 in file "Codigo_Practica6_Parte2.c"
  3800 ;; Parameters:    Size  Location     Type
  3801 ;;		None
  3802 ;; Auto vars:     Size  Location     Type
  3803 ;;		None
  3804 ;; Return value:  Size  Location     Type
  3805 ;;                  1    wreg      void 
  3806 ;; Registers used:
  3807 ;;		None
  3808 ;; Tracked objects:
  3809 ;;		On entry : 0/0
  3810 ;;		On exit  : 0/0
  3811 ;;		Unchanged: 0/0
  3812 ;; Data sizes:     COMRAM   BANK0   BANK1   BANK2   BANK3   BANK4   BANK5   BANK6   BANK7
  3813 ;;      Params:         0       0       0       0       0       0       0       0       0
  3814 ;;      Locals:         0       0       0       0       0       0       0       0       0
  3815 ;;      Temps:          0       0       0       0       0       0       0       0       0
  3816 ;;      Totals:         0       0       0       0       0       0       0       0       0
  3817 ;;Total ram usage:        0 bytes
  3818 ;; Hardware stack levels used: 1
  3819 ;; This function calls:
  3820 ;;		Nothing
  3821 ;; This function is called by:
  3822 ;;		Interrupt level 2
  3823 ;; This function uses a non-reentrant model
  3824 ;;
  3825                           
  3826                           	psect	intcode
  3827   000008                     __pintcode:
  3828                           	callstack 0
  3829   000008                     _MyHighPriorityIsr:
  3830                           	callstack 23
  3831                           
  3832                           ;incstack = 0
  3833   000008  824D               	bsf	int$flags,1,c	;set compiler interrupt flag (level 2)
  3834   00000A  ED78  F00D         	call	int_func,f	;refresh shadow registers
  3835                           
  3836                           	psect	intcode_body
  3837   001AF0                     __pintcode_body:
  3838                           	callstack 23
  3839   001AF0                     int_func:
  3840                           	callstack 23
  3841   001AF0  0006               	pop		; remove dummy address from shadow register refresh
  3842   001AF2                     
  3843                           ;Codigo_Practica6_Parte2.c: 390:     PIR1bits.TMR2IF = 0;
  3844   001AF2  929E               	bcf	158,1,c	;volatile
  3845   001AF4  924D               	bcf	int$flags,1,c	;clear compiler interrupt flag (level 2)
  3846   001AF6  0011               	retfie		f
  3847   001AF8                     __end_of_MyHighPriorityIsr:
  3848                           	callstack 0
  3849                           
  3850                           	psect	rparam
  3851   000000                     
  3852                           	psect	temp
  3853   00004D                     btemp:
  3854                           	callstack 0
  3855   00004D                     	ds	1
  3856   000000                     int$flags	set	btemp
  3857   000000                     wtemp8	set	btemp+1
  3858   000000                     ttemp5	set	btemp+1
  3859   000000                     ttemp6	set	btemp+4
  3860   000000                     ttemp7	set	btemp+8
  3861                           
  3862                           	psect	idloc
  3863                           
  3864                           ;Config register IDLOC0 @ 0x200000
  3865                           ;	unspecified, using default values
  3866   200000                     	org	2097152
  3867   200000  FF                 	db	255
  3868                           
  3869                           ;Config register IDLOC1 @ 0x200001
  3870                           ;	unspecified, using default values
  3871   200001                     	org	2097153
  3872   200001  FF                 	db	255
  3873                           
  3874                           ;Config register IDLOC2 @ 0x200002
  3875                           ;	unspecified, using default values
  3876   200002                     	org	2097154
  3877   200002  FF                 	db	255
  3878                           
  3879                           ;Config register IDLOC3 @ 0x200003
  3880                           ;	unspecified, using default values
  3881   200003                     	org	2097155
  3882   200003  FF                 	db	255
  3883                           
  3884                           ;Config register IDLOC4 @ 0x200004
  3885                           ;	unspecified, using default values
  3886   200004                     	org	2097156
  3887   200004  FF                 	db	255
  3888                           
  3889                           ;Config register IDLOC5 @ 0x200005
  3890                           ;	unspecified, using default values
  3891   200005                     	org	2097157
  3892   200005  FF                 	db	255
  3893                           
  3894                           ;Config register IDLOC6 @ 0x200006
  3895                           ;	unspecified, using default values
  3896   200006                     	org	2097158
  3897   200006  FF                 	db	255
  3898                           
  3899                           ;Config register IDLOC7 @ 0x200007
  3900                           ;	unspecified, using default values
  3901   200007                     	org	2097159
  3902   200007  FF                 	db	255
  3903                           
  3904                           	psect	config
  3905                           
  3906                           ;Config register CONFIG1L @ 0x300000
  3907                           ;	PLL Prescaler Selection bits
  3908                           ;	PLLDIV = 5, Divide by 5 (20 MHz oscillator input)
  3909                           ;	System Clock Postscaler Selection bits
  3910                           ;	CPUDIV = OSC1_PLL2, [Primary Oscillator Src: /1][96 MHz PLL Src: /2]
  3911                           ;	USB Clock Selection bit (used in Full-Speed USB mode only; UCFG:FSEN = 1)
  3912                           ;	USBDIV = 1, USB clock source comes directly from the primary oscillator block with no 
      +                          postscale
  3913   300000                     	org	3145728
  3914   300000  04                 	db	4
  3915                           
  3916                           ;Config register CONFIG1H @ 0x300001
  3917                           ;	Oscillator Selection bits
  3918                           ;	FOSC = HSPLL_HS, HS oscillator, PLL enabled (HSPLL)
  3919                           ;	Fail-Safe Clock Monitor Enable bit
  3920                           ;	FCMEN = OFF, Fail-Safe Clock Monitor disabled
  3921                           ;	Internal/External Oscillator Switchover bit
  3922                           ;	IESO = OFF, Oscillator Switchover mode disabled
  3923   300001                     	org	3145729
  3924   300001  0E                 	db	14
  3925                           
  3926                           ;Config register CONFIG2L @ 0x300002
  3927                           ;	Power-up Timer Enable bit
  3928                           ;	PWRT = ON, PWRT enabled
  3929                           ;	Brown-out Reset Enable bits
  3930                           ;	BOR = ON, Brown-out Reset enabled in hardware only (SBOREN is disabled)
  3931                           ;	Brown-out Reset Voltage bits
  3932                           ;	BORV = 3, Minimum setting 2.05V
  3933                           ;	USB Voltage Regulator Enable bit
  3934                           ;	VREGEN = OFF, USB voltage regulator disabled
  3935   300002                     	org	3145730
  3936   300002  1E                 	db	30
  3937                           
  3938                           ;Config register CONFIG2H @ 0x300003
  3939                           ;	Watchdog Timer Enable bit
  3940                           ;	WDT = OFF, WDT disabled (control is placed on the SWDTEN bit)
  3941                           ;	Watchdog Timer Postscale Select bits
  3942                           ;	WDTPS = 32768, 1:32768
  3943   300003                     	org	3145731
  3944   300003  1E                 	db	30
  3945                           
  3946                           ; Padding undefined space
  3947   300004                     	org	3145732
  3948   300004  FF                 	db	255
  3949                           
  3950                           ;Config register CONFIG3H @ 0x300005
  3951                           ;	CCP2 MUX bit
  3952                           ;	CCP2MX = ON, CCP2 input/output is multiplexed with RC1
  3953                           ;	PORTB A/D Enable bit
  3954                           ;	PBADEN = OFF, PORTB<4:0> pins are configured as digital I/O on Reset
  3955                           ;	Low-Power Timer 1 Oscillator Enable bit
  3956                           ;	LPT1OSC = OFF, Timer1 configured for higher power operation
  3957                           ;	MCLR Pin Enable bit
  3958                           ;	MCLRE = ON, MCLR pin enabled; RE3 input pin disabled
  3959   300005                     	org	3145733
  3960   300005  81                 	db	129
  3961                           
  3962                           ;Config register CONFIG4L @ 0x300006
  3963                           ;	Stack Full/Underflow Reset Enable bit
  3964                           ;	STVREN = ON, Stack full/underflow will cause Reset
  3965                           ;	Single-Supply ICSP Enable bit
  3966                           ;	LVP = OFF, Single-Supply ICSP disabled
  3967                           ;	Dedicated In-Circuit Debug/Programming Port (ICPORT) Enable bit
  3968                           ;	ICPRT = OFF, ICPORT disabled
  3969                           ;	Extended Instruction Set Enable bit
  3970                           ;	XINST = OFF, Instruction set extension and Indexed Addressing mode disabled (Legacy mo
      +                          de)
  3971                           ;	Background Debugger Enable bit
  3972                           ;	DEBUG = 0x1, unprogrammed default
  3973   300006                     	org	3145734
  3974   300006  81                 	db	129
  3975                           
  3976                           ; Padding undefined space
  3977   300007                     	org	3145735
  3978   300007  FF                 	db	255
  3979                           
  3980                           ;Config register CONFIG5L @ 0x300008
  3981                           ;	Code Protection bit
  3982                           ;	CP0 = OFF, Block 0 (000800-001FFFh) is not code-protected
  3983                           ;	Code Protection bit
  3984                           ;	CP1 = OFF, Block 1 (002000-003FFFh) is not code-protected
  3985                           ;	Code Protection bit
  3986                           ;	CP2 = OFF, Block 2 (004000-005FFFh) is not code-protected
  3987                           ;	Code Protection bit
  3988                           ;	CP3 = OFF, Block 3 (006000-007FFFh) is not code-protected
  3989   300008                     	org	3145736
  3990   300008  0F                 	db	15
  3991                           
  3992                           ;Config register CONFIG5H @ 0x300009
  3993                           ;	Boot Block Code Protection bit
  3994                           ;	CPB = OFF, Boot block (000000-0007FFh) is not code-protected
  3995                           ;	Data EEPROM Code Protection bit
  3996                           ;	CPD = OFF, Data EEPROM is not code-protected
  3997   300009                     	org	3145737
  3998   300009  C0                 	db	192
  3999                           
  4000                           ;Config register CONFIG6L @ 0x30000A
  4001                           ;	Write Protection bit
  4002                           ;	WRT0 = OFF, Block 0 (000800-001FFFh) is not write-protected
  4003                           ;	Write Protection bit
  4004                           ;	WRT1 = OFF, Block 1 (002000-003FFFh) is not write-protected
  4005                           ;	Write Protection bit
  4006                           ;	WRT2 = OFF, Block 2 (004000-005FFFh) is not write-protected
  4007                           ;	Write Protection bit
  4008                           ;	WRT3 = OFF, Block 3 (006000-007FFFh) is not write-protected
  4009   30000A                     	org	3145738
  4010   30000A  0F                 	db	15
  4011                           
  4012                           ;Config register CONFIG6H @ 0x30000B
  4013                           ;	Configuration Register Write Protection bit
  4014                           ;	WRTC = OFF, Configuration registers (300000-3000FFh) are not write-protected
  4015                           ;	Boot Block Write Protection bit
  4016                           ;	WRTB = OFF, Boot block (000000-0007FFh) is not write-protected
  4017                           ;	Data EEPROM Write Protection bit
  4018                           ;	WRTD = OFF, Data EEPROM is not write-protected
  4019   30000B                     	org	3145739
  4020   30000B  E0                 	db	224
  4021                           
  4022                           ;Config register CONFIG7L @ 0x30000C
  4023                           ;	Table Read Protection bit
  4024                           ;	EBTR0 = OFF, Block 0 (000800-001FFFh) is not protected from table reads executed in ot
      +                          her blocks
  4025                           ;	Table Read Protection bit
  4026                           ;	EBTR1 = OFF, Block 1 (002000-003FFFh) is not protected from table reads executed in ot
      +                          her blocks
  4027                           ;	Table Read Protection bit
  4028                           ;	EBTR2 = OFF, Block 2 (004000-005FFFh) is not protected from table reads executed in ot
      +                          her blocks
  4029                           ;	Table Read Protection bit
  4030                           ;	EBTR3 = OFF, Block 3 (006000-007FFFh) is not protected from table reads executed in ot
      +                          her blocks
  4031   30000C                     	org	3145740
  4032   30000C  0F                 	db	15
  4033                           
  4034                           ;Config register CONFIG7H @ 0x30000D
  4035                           ;	Boot Block Table Read Protection bit
  4036                           ;	EBTRB = OFF, Boot block (000000-0007FFh) is not protected from table reads executed in
      +                           other blocks
  4037   30000D                     	org	3145741
  4038   30000D  40                 	db	64
  4039                           tosu	equ	0xFFF
  4040                           tosh	equ	0xFFE
  4041                           tosl	equ	0xFFD
  4042                           stkptr	equ	0xFFC
  4043                           pclatu	equ	0xFFB
  4044                           pclath	equ	0xFFA
  4045                           pcl	equ	0xFF9
  4046                           tblptru	equ	0xFF8
  4047                           tblptrh	equ	0xFF7
  4048                           tblptrl	equ	0xFF6
  4049                           tablat	equ	0xFF5
  4050                           prodh	equ	0xFF4
  4051                           prodl	equ	0xFF3
  4052                           indf0	equ	0xFEF
  4053                           postinc0	equ	0xFEE
  4054                           postdec0	equ	0xFED
  4055                           preinc0	equ	0xFEC
  4056                           plusw0	equ	0xFEB
  4057                           fsr0h	equ	0xFEA
  4058                           fsr0l	equ	0xFE9
  4059                           wreg	equ	0xFE8
  4060                           indf1	equ	0xFE7
  4061                           postinc1	equ	0xFE6
  4062                           postdec1	equ	0xFE5
  4063                           preinc1	equ	0xFE4
  4064                           plusw1	equ	0xFE3
  4065                           fsr1h	equ	0xFE2
  4066                           fsr1l	equ	0xFE1
  4067                           bsr	equ	0xFE0
  4068                           indf2	equ	0xFDF
  4069                           postinc2	equ	0xFDE
  4070                           postdec2	equ	0xFDD
  4071                           preinc2	equ	0xFDC
  4072                           plusw2	equ	0xFDB
  4073                           fsr2h	equ	0xFDA
  4074                           fsr2l	equ	0xFD9
  4075                           status	equ	0xFD8

Data Sizes:
    Strings     33
    Constant    0
    Data        0
    BSS         0
    Persistent  0
    Stack       0

Auto Spaces:
    Space          Size  Autos    Used
    COMRAM           94     76      76
    BANK0           160      0       0
    BANK1           256      0       0
    BANK2           256      0       0
    BANK3           256      0       0
    BANK4           256      0       0
    BANK5           256      0       0
    BANK6           256      0       0
    BANK7           256      0       0

Pointer List with Targets:

    LCD_DosLineas@Linea1	PTR unsigned char  size(1) Largest target is 15
		 -> STR_1(CODE[15]), 

    LCD_DosLineas@Linea2	PTR unsigned char  size(1) Largest target is 7
		 -> STR_2(CODE[7]), 

    LCD_Texto@PALABRA	PTR unsigned char  size(1) Largest target is 15
		 -> STR_1(CODE[15]), STR_2(CODE[7]), STR_3(CODE[11]), 


Critical Paths under _main in COMRAM

    _main->_UART_Initial
    _UART_Initial->___fladd
    ___fldiv->___xxtofl
    ___fladd->___fldiv
    _LeerTeclado->_DelayXms
    _LCD_DosLineas->_LCD_Texto
    _LCD_Texto->_LCD_Caracter
    _LCD_Caracter->_TxDato
    _LCD_Linea2->_LCD_Comando
    _InitLCD->_DelayXms
    _LCD_Comando->_TxDato
    _TxDato->_Delay1ms
    _BitEN->_Delay1ms
    _DelayXms->_Delay1ms

Critical Paths under _MyLowPriorityIsr in COMRAM

    None.

Critical Paths under _MyHighPriorityIsr in COMRAM

    None.

Critical Paths under _main in BANK0

    None.

Critical Paths under _MyLowPriorityIsr in BANK0

    None.

Critical Paths under _MyHighPriorityIsr in BANK0

    None.

Critical Paths under _main in BANK1

    None.

Critical Paths under _MyLowPriorityIsr in BANK1

    None.

Critical Paths under _MyHighPriorityIsr in BANK1

    None.

Critical Paths under _main in BANK2

    None.

Critical Paths under _MyLowPriorityIsr in BANK2

    None.

Critical Paths under _MyHighPriorityIsr in BANK2

    None.

Critical Paths under _main in BANK3

    None.

Critical Paths under _MyLowPriorityIsr in BANK3

    None.

Critical Paths under _MyHighPriorityIsr in BANK3

    None.

Critical Paths under _main in BANK4

    None.

Critical Paths under _MyLowPriorityIsr in BANK4

    None.

Critical Paths under _MyHighPriorityIsr in BANK4

    None.

Critical Paths under _main in BANK5

    None.

Critical Paths under _MyLowPriorityIsr in BANK5

    None.

Critical Paths under _MyHighPriorityIsr in BANK5

    None.

Critical Paths under _main in BANK6

    None.

Critical Paths under _MyLowPriorityIsr in BANK6

    None.

Critical Paths under _MyHighPriorityIsr in BANK6

    None.

Critical Paths under _main in BANK7

    None.

Critical Paths under _MyLowPriorityIsr in BANK7

    None.

Critical Paths under _MyHighPriorityIsr in BANK7

    None.

Call Graph Tables:

 ---------------------------------------------------------------------------------
 (Depth) Function   	        Calls       Base Space   Used Autos Params    Refs
 ---------------------------------------------------------------------------------
 (0) _main                                                 8     8      0   10538
                                             68 COMRAM     8     8      0
           _Configuracion_inicialPIC
                           _DelayXms
                            _InitLCD
                       _LCD_Caracter
                        _LCD_Comando
                      _LCD_DosLineas
                         _LCD_Linea2
                          _LCD_Texto
                        _LeerTeclado
                         _TeclaASCII
                       _UART_Initial
                         _UART_Write
                         _USART_Read
 ---------------------------------------------------------------------------------
 (1) _USART_Read                                           0     0      0       0
 ---------------------------------------------------------------------------------
 (1) _UART_Write                                           1     1      0      15
                                              1 COMRAM     1     1      0
 ---------------------------------------------------------------------------------
 (1) _UART_Initial                                        12     8      4    4611
                                             56 COMRAM    12     8      4
                            ___fladd
                            ___fldiv
                            ___fltol
                           ___xxtofl
 ---------------------------------------------------------------------------------
 (2) ___xxtofl                                            14    10      4     398
                                              1 COMRAM    14    10      4
 ---------------------------------------------------------------------------------
 (2) ___fltol                                             10     6      4     305
                                              1 COMRAM    10     6      4
 ---------------------------------------------------------------------------------
 (2) ___fldiv                                             25    17      8    1399
                                             15 COMRAM    25    17      8
                           ___xxtofl (ARG)
 ---------------------------------------------------------------------------------
 (2) ___fladd                                             16     8      8    2388
                                             40 COMRAM    16     8      8
                            ___fldiv (ARG)
                           ___xxtofl (ARG)
 ---------------------------------------------------------------------------------
 (1) _TeclaASCII                                           3     3      0      15
                                              1 COMRAM     3     3      0
 ---------------------------------------------------------------------------------
 (1) _LeerTeclado                                          3     3      0    1125
                                              8 COMRAM     3     3      0
                           _DelayXms
 ---------------------------------------------------------------------------------
 (1) _LCD_DosLineas                                        2     0      2    1099
                                             11 COMRAM     2     0      2
                        _LCD_Comando
                         _LCD_Linea2
                          _LCD_Texto
 ---------------------------------------------------------------------------------
 (1) _LCD_Texto                                            4     3      1     513
                                              7 COMRAM     4     3      1
                       _LCD_Caracter
 ---------------------------------------------------------------------------------
 (2) _LCD_Caracter                                         1     1      0     195
                                              6 COMRAM     1     1      0
                             _TxDato
 ---------------------------------------------------------------------------------
 (1) _LCD_Linea2                                           0     0      0     195
                        _LCD_Comando
 ---------------------------------------------------------------------------------
 (1) _InitLCD                                              0     0      0    1259
                           _DelayXms
                        _LCD_Comando
 ---------------------------------------------------------------------------------
 (2) _LCD_Comando                                          1     1      0     195
                                              6 COMRAM     1     1      0
                             _TxDato
 ---------------------------------------------------------------------------------
 (3) _TxDato                                               3     3      0     180
                                              3 COMRAM     3     3      0
                              _BitEN
                           _Delay1ms
 ---------------------------------------------------------------------------------
 (4) _BitEN                                                0     0      0      30
                           _Delay1ms
 ---------------------------------------------------------------------------------
 (2) _DelayXms                                             5     3      2    1064
                                              3 COMRAM     5     3      2
                           _Delay1ms
 ---------------------------------------------------------------------------------
 (3) _Delay1ms                                             2     2      0      30
                                              1 COMRAM     2     2      0
 ---------------------------------------------------------------------------------
 (1) _Configuracion_inicialPIC                             0     0      0       0
 ---------------------------------------------------------------------------------
 Estimated maximum stack depth 4
 ---------------------------------------------------------------------------------
 (Depth) Function   	        Calls       Base Space   Used Autos Params    Refs
 ---------------------------------------------------------------------------------
 (7) _MyLowPriorityIsr                                     1     1      0       0
                                              0 COMRAM     1     1      0
 ---------------------------------------------------------------------------------
 Estimated maximum stack depth 7
 ---------------------------------------------------------------------------------
 (Depth) Function   	        Calls       Base Space   Used Autos Params    Refs
 ---------------------------------------------------------------------------------
 (8) _MyHighPriorityIsr                                    0     0      0       0
 ---------------------------------------------------------------------------------
 Estimated maximum stack depth 8
 ---------------------------------------------------------------------------------

 Call Graph Graphs:

 _main (ROOT)
   _Configuracion_inicialPIC
   _DelayXms
     _Delay1ms
   _InitLCD
     _DelayXms
     _LCD_Comando
       _TxDato
         _BitEN
           _Delay1ms
         _Delay1ms
   _LCD_Caracter
     _TxDato
   _LCD_Comando
   _LCD_DosLineas
     _LCD_Comando
     _LCD_Linea2
       _LCD_Comando
     _LCD_Texto
       _LCD_Caracter
   _LCD_Linea2
   _LCD_Texto
   _LeerTeclado
     _DelayXms
   _TeclaASCII
   _UART_Initial
     ___fladd
       ___fldiv (ARG)
         ___xxtofl (ARG)
       ___xxtofl (ARG)
     ___fldiv
     ___fltol
     ___xxtofl
   _UART_Write
   _USART_Read

 _MyLowPriorityIsr (ROOT)

 _MyHighPriorityIsr (ROOT)

 Address spaces:
Name               Size   Autos  Total    Cost      Usage
BITCOMRAM           5E      0       0       0        0.0%
EEDATA             100      0       0       0        0.0%
NULL                 0      0       0       0        0.0%
CODE                 0      0       0       0        0.0%
COMRAM              5E     4C      4C       1       80.9%
STACK                0      0       0       2        0.0%
DATA                 0      0       0       3        0.0%
BITBANK0            A0      0       0       4        0.0%
BANK0               A0      0       0       5        0.0%
BITBANK1           100      0       0       6        0.0%
BANK1              100      0       0       7        0.0%
BITBANK2           100      0       0       8        0.0%
BANK2              100      0       0       9        0.0%
BITBANK3           100      0       0      10        0.0%
BANK3              100      0       0      11        0.0%
BITBANK4           100      0       0      12        0.0%
BANK4              100      0       0      13        0.0%
BITBANK5           100      0       0      14        0.0%
BANK5              100      0       0      15        0.0%
BITBANK6           100      0       0      16        0.0%
BANK6              100      0       0      17        0.0%
BITBANK7           100      0       0      18        0.0%
BANK7              100      0       0      19        0.0%
BITBIGSFRhh         3E      0       0      20        0.0%
BITBIGSFRhlhhh       8      0       0      21        0.0%
BITBIGSFRhlhhl       8      0       0      22        0.0%
BITBIGSFRhlhllh      C      0       0      23        0.0%
BITBIGSFRhlhlll      8      0       0      24        0.0%
BITBIGSFRlhh         5      0       0      25        0.0%
BITBIGSFRlhl         1      0       0      26        0.0%
BITBIGSFRllh         7      0       0      27        0.0%
BITBIGSFRlll        21      0       0      28        0.0%
ABS                  0      0       0      29        0.0%
BIGRAM             7FF      0       0      30        0.0%
BIGSFR               0      0       0     200        0.0%
BITSFR               0      0       0     200        0.0%
SFR                  0      0       0     200        0.0%


Microchip Technology PIC18 Macro Assembler V2.45 build 20230818022343 
Symbol Table                                                                                   Sat Jun 27 00:43:14 2026

                    ___fldiv@aexp 0028                      ___fldiv@bexp 0027                     ?_LCD_Caracter 0001  
                     ?_LCD_Linea2 0001                      ___fldiv@sign 0020                      ?_LCD_Comando 0001  
                              l53 1A12                                l62 1898                                l47 1A3C  
                              l56 1A80                                l80 1AEE                                l65 1AE6  
                              l74 19A0                                l59 1ACE                                l83 1A9C  
                              l68 1ADA                                l77 19DE                                u10 1A3C  
                              u11 1A38                                u25 17C4                                u35 17E8  
                              u45 180E                                bsr 0FE0                     ??_LeerTeclado 0009  
                   Delay1ms@veces 0002                               l111 1256                               l116 179E  
                             l141 1AB2                               l135 1956                               l144 1A3E  
                             l138 1AA4                               l146 1A4C                               l154 146C  
                             l163 158C                               l155 14DA                               l148 1A62  
                             l710 09C6                               l708 0A12                               l725 0B2C  
                             l717 0CE2                               l709 0A00                               l477 169A  
                             l734 0BFC                               l735 0BEA                               l762 107C  
                             l842 1346                               l835 12AE                               l764 0EDC  
                             l861 1A20                               l853 1A14                               l909 1AE8  
                             l773 0F22                               l838 140A                               l863 1AC2  
                             l871 181E                               l775 0F9A                               l767 0EA0  
                             l776 0F88                               l865 1AC4                               l881 1890  
                             l873 1822                               l849 13A2                               l859 1A1C  
                             l867 1AC8                               l883 1894                               l875 1836  
                             l891 1AD4                               l877 1850                               l869 17A2  
                             l885 1ADE                               l879 1870                               l887 1AE0  
                             l889 1AD2                               u900 1A5A                               u901 1A56  
                             u880 1AB2                               u881 1AAE                               u890 1A4C  
                             u891 1A48                               u990 1A12                               u991 1A0E  
                             wreg 0FE8                    ?_LCD_DosLineas 000C                      ___fltol@exp1 000B  
                            l2101 1A88                              l2021 1600                              l2013 15C0  
                            l2103 1A90                              l2111 1094                              l2031 1630  
                            l2023 160E                              l2015 15EA                              l2007 1596  
                            l2113 109C                              l2121 10B4                              l2105 107E  
                            l2041 165A                              l2033 163A                              l2017 15EC  
                            l2009 15AC                              l2201 1948                              l2131 1112  
                            l2115 10A4                              l2123 10EE                              l2107 1080  
                            l2043 166A                              l2019 15FC                              l2051 125A  
                            l2211 1952                              l2203 194A                              l1341 1A64  
                            l2141 1160                              l2133 111A                              l2125 10F2  
                            l2301 10C8                              l2117 10AC                              l2109 1084  
                            l2045 167A                              l2029 1626                              l2053 126A  
                            l2205 194C                              l2213 140C                              l1351 1A78  
                            l1343 1A70                              l2143 1170                              l2303 1136  
                            l2127 1102                              l1511 16F0                              l1503 16E4  
                            l2047 168A                              l2039 164E                              l2071 1330  
                            l2063 12E8                              l2055 1278                              l2207 194E  
                            l2231 146E                              l2223 1420                              l2215 1414  
                            l1353 1A7A                              l1345 1A72                              l2161 11E6  
                            l2305 11A4                              l2145 1178                              l2153 1190  
                            l2129 110A                              l2137 1122                              l2081 13B0  
                            l2073 133C                              l2065 12F0                              l2057 12BE  
                            l2209 1950                              l2241 14B0                              l2233 1486  
                            l2225 1440                              l2217 1418                              l1355 1A7C  
                            l1347 1A74                              l2307 1212                              l2163 11EE  
                            l2171 1238                              l2147 1180                              l2155 11CA  
                            l2139 115C                              l1515 16F6                              l1507 16EA  
                            l2091 13F8                              l2083 13B2                              l2075 1378  
                            l2067 12FC                              l2059 12D4                              l2251 1504  
                            l2243 14B4                              l2235 1492                              l2227 144C  
                            l1357 1A7E                              l1349 1A76                              l2173 1248  
                            l2165 11F6                              l2157 11CE                              l2149 1188  
                            l1525 1702                              l1701 08DA                              l2093 13FA  
                            l2085 13B6                              l2077 1384                              l2069 132E  
                            l2261 153A                              l2253 1518                              l2245 14E0  
                            l2237 149E                              l2229 1450                              l2175 1254  
                            l2159 11DE                              l1527 179C                              l1519 16FC  
                            l1471 16B4                              l1463 16A8                              l1711 0916  
                            l1703 08EA                              l2087 13DA                              l2079 1392  
                            l2271 155E                              l2263 153E                              l2255 151E  
                            l2239 14A4                              l2097 19A2                              l2169 11FE  
                            l1457 169E                              l1801 0B1C                              l1721 0934  
                            l1713 0924                              l1705 08EC                              l2089 13EA  
                            l1553 1AA0                              l2273 1570                              l2265 154E  
                            l2257 1524                              l2249 14F0                              l1651 19E0  
                            l2099 1A82                              l1491 16D2                              l1483 16C6  
                            l1475 16BA                              l1467 16AE                              l1459 16A2  
                            l1811 0B70                              l1803 0B42                              l1731 0948  
                            l1723 0938                              l1715 0928                              l1707 08F4  
                            l2195 189A                              l1555 1A3E                              l2267 1554  
                            l2259 1534                              l2275 1574                              l1653 19EC  
                            l1661 1964                              l1821 0B9A                              l1813 0B7E  
                            l1805 0B52                              l1741 095C                              l1733 094C  
                            l1725 093C                              l1717 092C                              l1709 0904  
                            l1901 0D96                              l2197 189E                              l1557 1A5A  
                            l2277 1586                              l2269 1556                              l1655 19F0  
                            l1663 197A                              l1495 16D8                              l1487 16CC  
                            l1479 16C0                              l1831 0BCC                              l1823 0BAA  
                            l1815 0B80                              l1751 09AE                              l1743 0960  
                            l1735 0950                              l1727 0940                              l1719 0930  
                            l1671 083E                              l1911 0DD6                              l1903 0D98  
                            l2199 1946                              l1559 1A60                              l1657 19F4  
                            l1665 197E                              l1841 0C26                              l1833 0BE2  
                            l1817 0B8E                              l1809 0B66                              l1825 0BAC  
                            l1761 09F2                              l1753 09BE                              l1737 0954  
                            l1729 0944                              l1745 0964                              l1681 0872  
                            l1673 0840                              l1921 0E06                              l1913 0DDE  
                            l1905 0DA0                              l1659 1958                              l2299 1716  
                            l1499 16DE                              l1851 0CA2                              l1843 0C60  
                            l1819 0B96                              l1827 0BBA                              l1763 09F4  
                            l1755 09D4                              l1747 0968                              l1739 0958  
                            l1691 08A4                              l1675 0850                              l1683 087A  
                            l1667 0824                              l1931 0E44                              l1923 0E06  
                            l1915 0DE2                              l1907 0DB0                              l1861 0CC2  
                            l1853 0CA6                              l1837 0C0C                              l1845 0C62  
                            l1829 0BBE                              l1781 0A7C                              l1773 0A44  
                            l1765 09FE                              l1757 09E0                              l1749 0992  
                            l1693 08AA                              l1685 088A                              l1677 0860  
                            l1669 0830                              l1941 0E90                              l1933 0E54  
                            l1909 0DC6                              l1863 0CD0                              l1855 0CB4  
                            l1847 0C72                              l1839 0C18                              l1783 0A80  
                            l1775 0A54                              l1767 0A20                              l1791 0AA0  
                            l1759 09E4                              l1695 08B8                              l1687 0890  
                            l1679 0870                              l1951 0EDA                              l1943 0E9E  
                            l1935 0E64                              l1927 0E1A                              l1919 0DF6  
                            l1871 0CF0                              l1865 0CD2                              l1857 0CBA  
                            l1849 0C82                              l1793 0AC6                              l1785 0A8E  
                            l1777 0A62                              l1769 0A30                              l1697 08BA  
                            l1689 08A2                              l1961 0F20                              l1953 0EEC  
                            l1945 0EAA                              l1937 0E6C                              l1929 0E34  
                            l1881 0D30                              l1873 0CFE                              l1859 0CBC  
                            l1795 0AFA                              l1787 0A90                              l1779 0A70  
                            l1699 08CA                              l1971 0F80                              l1955 0F02  
                            l1963 0F32                              l1947 0EC8                              l1939 0E7C  
                            l1891 0D56                              l1883 0D32                              l1875 0D00  
                            l1797 0AFC                              l1789 0A9A                              l1981 0FEE  
                            l1965 0F40                              l1957 0F08                              l1949 0ECA  
                            l1893 0D64                              l1877 0D10                              l1885 0D3A  
                            l1869 0CE4                              l1799 0B0C                              l1991 1058  
                            l1975 0FAA                              l1983 0FF2                              l1967 0F44  
                            l1959 0F12                              l1895 0D66                              l1887 0D4A  
                            l1879 0D20                              l1993 105C                              l1985 100C  
                            l1977 0FB6                              l1969 0F52                              l1897 0D76  
                            l1889 0D50                              l1995 106A                              l1987 1022  
                            l1979 0FC4                              l1899 0D86                              l1997 1070  
                            l1989 103C                              l1999 1072                              STR_1 0801  
                            STR_2 081B                              STR_3 0810                              u1000 19A0  
                            _CREN 7D5C                              u1001 199C                              u1010 083E  
                            u1011 083A                              u1100 0992                              u1020 0850  
                            u1101 098E                              u1021 084C                              u1110 09AA  
                            u1030 0860                              u1111 09A4                              u1031 085C  
                            u1200 0A8E                              u1120 09AC                              u1040 08A2  
                            u1201 0A8A                              u1041 089E                              u1210 0AC6  
                            u1130 09D4                              u1050 08B8                              u1211 0AC2  
                            u1131 09D0                              u1051 08B4                              u1300 0BE2  
                            u1220 0B0C                              u1140 09F2                              u1060 08CA  
                            u1301 0BDE                              u1221 0B08                              u1141 09EE  
                            u1061 08C6                              u1310 0BF8                              u1230 0B42  
                            u1150 0A12                              u1070 08DA                              u1311 0BF4  
                            u1231 0B3E                              u1151 0A0E                              u1071 08D6  
                            u1320 0C0C                              u1240 0B52                              u1160 0A20  
                            u1080 0916                              u1400 0CFE                              u1321 0C08  
                            u1241 0B4E                              u1161 0A1C                              u1081 0912  
                            u1401 0CFA                              u1330 0C26                              u1250 0B7E  
                            u1170 0A30                              u1090 0924                              u1410 0D10  
                            u1331 0C22                              u1251 0B7A                              u1171 0A2C  
                            u1091 0920                              u1411 0D0C                              u1340 0C60  
                            u1260 0B8E                              u1180 0A62                              u1500 0EC8  
                            u1420 0D20                              u1341 0C5C                              u1261 0B8A  
                            u1181 0A5E                              u1501 0EC4                              u1421 0D1C  
                            u1350 0C72                              u1270 0BAA                              u1190 0A70  
                            u1510 0EEC                              u1430 0D64                              _LATB 0F8A  
                            u1351 0C6E                              u1271 0BA6                              u1191 0A6C  
                            u1511 0EE8                              u1431 0D60                              u1360 0C82  
                            u1280 0BBA                              u1600 100C                              u1520 0F02  
                            u1440 0D76                              u1361 0C7E                              u1281 0BB6  
                            u1601 1008                              u1521 0EFE                              u1441 0D72  
                            u1370 0CA2                              u1290 0BCC                              u1610 103C  
                            u1530 0F20                              u1450 0D86                              u1371 0C9E  
                            u1291 0BC8                              u1611 1038                              u1531 0F1C  
                            u1451 0D82                              u1380 0CB4                              u1620 106A  
                            u1540 0F40                              u1460 0DC6                              u1700 126A  
                            u1381 0CB0                              u1621 1066                              u1541 0F3C  
                            u1461 0DC2                              u1701 1266                              u1390 0CD0  
                            u1550 0F52                              u1470 0E06                              u1630 15AC  
                            u1710 1278                              u1391 0CCC                              u1551 0F4E  
                            u1471 0E02                              u1631 15A8                              u1711 1274  
                            u1800 1248                              u1560 0F80                              u1480 0E7C  
                            u1640 15E0                              u1720 12D4                              u1801 1244  
                            u1561 0F7C                              u1481 0E78                              u1721 12D0  
                            u1570 0F96                              u1490 0E9E                              u1650 160E  
                            u1730 132A                              u1571 0F92                              u1491 0E9A  
                            u1651 160A                              u1731 1326                              u1580 0FAA  
                            u1660 1622                              u1740 1374                              u1820 1430  
                            u1581 0FA6                              u1661 161E                              u1645 15D6  
                            u1741 1370                              u1821 142A                              u1590 0FC4  
                            u1670 164A                              u1750 1392                              u1830 146C  
                            u1591 0FC0                              u1671 1646                              u1751 138E  
                            u1815 18B0                              u1831 1468                              u1680 166A  
                            u1760 13A2                              u1840 14F0                              u1681 1666  
                            u1761 139E                              u1841 14EC                              u1690 167A  
                            u1770 13B0                              u1850 1504                              u1826 1432  
                            u1691 1676                              u1771 13AC                              u1851 1500  
                            u1780 13EA                              u1860 1534                              u1781 13E6  
                            u1861 1530                              u1790 13F8                              u1870 154E  
                            u1791 13F4                              u1871 154A                              u1880 1570  
                            u1881 156C                              u1890 1586                              u1891 1582  
                            _RCIF 7CF5                              _TRMT 7D61                              _main 140C  
                            btemp 004D                              start 0026                   ___fldiv@new_exp 0021  
                    ___param_bank 0000                    ??_LCD_Caracter 0007                   __end_of_InitLCD 19E0  
                   ___fltol@sign1 000A                   __end_of___fladd 0CE4                             ?_main 0001  
                 __end_of___fldiv 107E                   __end_of___fltol 169C                             i1l177 001E  
                           i2l172 1AF4                             _RCREG 0FAE                             _RCSTA 0FAB  
                           _SPBRG 0FAF                             _PORTB 0F81                             _TRISB 0F93  
                           _BitEN 1AC2                             _TXREG 0FAD                       ?_UART_Write 0001  
             __end_of_LeerTeclado 1258                             main@i 0047                             tablat 0FF5  
                           ttemp5 004E                             ttemp6 0051                             ttemp7 0055  
                           status 0FD8                             wtemp8 004E                  __end_of_Delay1ms 1A3E  
                __end_of_DelayXms 1A14                       ?_USART_Read 0001                   __initialization 1AB4  
                    __end_of_main 1596                            ??_main 0045                        TxDato@dato 0006  
                   __activetblptr 0002                        _TeclaASCII 169C                 __end_of_LCD_Texto 19A2  
                          ?_BitEN 0001                   ??_LCD_DosLineas 000E                            _ADCON1 0FC1  
                   DelayXms@Milis 0004                            i2l1629 1AF2                  __end_of___xxtofl 140C  
                       ??_InitLCD 0009                            _TxDato 17A0                         ??___fladd 0031  
                       ??___fldiv 0018                         ??___fltol 0006                            isa$std 0001  
                          main@rx 004B                            main@tx 004A                       _LeerTeclado 107E  
                    __mediumconst 0000                            tblptrh 0FF7                            tblptrl 0FF6  
                          tblptru 0FF8              __end_of_LCD_Caracter 1ADC                      ___xxtofl@arg 000C  
                    ___xxtofl@exp 000B                      ___xxtofl@val 0002                 _MyHighPriorityIsr 0008  
                      __accesstop 0060           __end_of__initialization 1AB4                ?_MyHighPriorityIsr 0001  
                   ___rparam_used 0001                        ___fltol@f1 0002                     __end_of_BitEN 1AD0  
                  __pcstackCOMRAM 0001                   TeclaASCII@tecla 0004                      ??_LCD_Linea2 0008  
             ??_MyHighPriorityIsr 0001                       ?_TeclaASCII 0001                           ??_BitEN 0004  
                       ?_Delay1ms 0001                         ?_DelayXms 0004         ?_Configuracion_inicialPIC 0001  
       __end_of_MyHighPriorityIsr 1AF8                __end_of_LCD_Linea2 1AF0                           ?_TxDato 0001  
                LCD_Caracter@dato 0007                         ?___xxtofl 0002                        ??_Delay1ms 0002  
                      ??_DelayXms 0006                      ??_UART_Write 0002                  LeerTeclado@tecla 000B  
                   ?_UART_Initial 0039                           _InitLCD 19A2                      ??_USART_Read 0002  
                         __Hparam 0000                           __Lparam 0000                           ___fladd 0824  
                         ___fldiv 0CE4                           ___fltol 1596                __end_of_UART_Write 1AB4  
                    __psmallconst 0800                           __pcinit 1AB4                           __ramtop 0800  
                         __ptext0 140C                           __ptext1 1A3E                           __ptext2 1A9E  
                         __ptext3 189A                           __ptext4 1258                           __ptext5 1596  
                         __ptext6 0CE4                           __ptext7 0824                           __ptext8 169C  
                         __ptext9 107E             UART_Initial@baud_rate 0039                        ??___xxtofl 0006  
              __end_of_USART_Read 1A64                    LCD_Comando@cmd 0007                         _LCD_Texto 1958  
                         main@pos 004C                    __pintcode_body 1AF0              end_of_initialization 1AB4  
                  ??_UART_Initial 003D                         DelayXms@i 0007                     __Lmediumconst 0000  
                         int_func 1AF0                         _RCSTAbits 0FAB                  _MyLowPriorityIsr 0018  
                    _LCD_Caracter 1AD0                      ?_LeerTeclado 0001                    UART_Write@data 0002  
                     ___fladd@grs 0038                     ___xxtofl@sign 000A                         _TRISAbits 0F92  
                       _TRISCbits 0F94                         _TRISDbits 0F95                       ___fldiv@grs 0023  
           __end_of_LCD_DosLineas 1A9E                       ___fldiv@rem 001C                        ?_LCD_Texto 0008  
                       _TXSTAbits 0FAC                    __end_of_TxDato 189A                     ??_LCD_Comando 0007  
__end_of_Configuracion_inicialPIC 1A82                        LCD_Texto@i 000A                       _BAUDCONbits 0FB8  
                    ??_TeclaASCII 0002               start_initialization 1AB4                          ??_TxDato 0004  
              __end_of_TeclaASCII 17A0              __end_of_UART_Initial 1958                         ___fladd@a 002D  
                       ___fladd@b 0029                         ___fldiv@a 0014                         ___fldiv@b 0010  
             __end_of_LCD_Comando 1AE8                       ??_LCD_Texto 0009                          ?_InitLCD 0001  
                       __pintcode 0008                          ?___fladd 0029                          ?___fldiv 0010  
                        ?___fltol 0002                       __pintcodelo 0018                       __smallconst 0800  
        _Configuracion_inicialPIC 1A64          __end_of_MyLowPriorityIsr 0026                          _LATAbits 0F89  
                        _LATDbits 0F8C                   UART_Initial@bps 0041                          _PIR1bits 0F9E  
                     _LCD_Comando 1ADC                          _Delay1ms 1A14                         main@tecla 0049  
                        _DelayXms 19E0                  LCD_Texto@PALABRA 0008                          __Hrparam 0000  
                        __Lrparam 0000                          ___xxtofl 1258                          __ptext10 1A82  
                        __ptext11 1958                          __ptext20 1A64                          __ptext12 1AD0  
                        __ptext13 1AE8                          __ptext14 19A2                          __ptext15 1ADC  
                        __ptext16 17A0                          __ptext17 1AC2                          __ptext18 19E0  
                        __ptext19 1A14                      _UART_Initial 189A                          isa$xinst 0000  
                        int$flags 004D                        _LCD_Linea2 1AE8                          main@echo 0046  
                        intlevel1 0000                          intlevel2 0000        ??_Configuracion_inicialPIC 0002  
                      _UART_Write 1A9E                     ___fladd@signs 0035                     _LCD_DosLineas 1A82  
               ?_MyLowPriorityIsr 0001                ??_MyLowPriorityIsr 0001                      ___fladd@aexp 0036  
                    ___fladd@bexp 0037               LCD_DosLineas@Linea1 000C               LCD_DosLineas@Linea2 000D  
                      _USART_Read 1A3E  
