

Microchip MPLAB XC8 Assembler V2.45 build 20230818022343 
                                                                                               Tue Jun 30 15:55:48 2026

Microchip MPLAB XC8 C Compiler v2.45 (Free license) build 20230818022343 Og1 
     1                           	processor	18F4550
     2                           	fnconf	rparam,??,?,0
     3                           	pagewidth 120
     4                           	opt	flic
     5                           	psect	smallconst,global,reloc=2,class=SMALLCONST,delta=1,noexec
     6                           	psect	cinit,global,reloc=2,class=CODE,delta=1
     7                           	psect	cstackCOMRAM,global,class=COMRAM,space=1,delta=1,lowdata,noexec
     8                           	psect	text0,global,reloc=2,class=CODE,delta=1
     9                           	psect	text1,global,reloc=2,class=CODE,delta=1
    10                           	psect	text2,global,reloc=2,class=CODE,delta=1
    11                           	psect	text3,global,reloc=2,class=CODE,delta=1
    12                           	psect	text4,global,reloc=2,class=CODE,delta=1
    13                           	psect	text5,global,reloc=2,class=CODE,delta=1
    14                           	psect	text6,global,reloc=2,class=CODE,delta=1,group=1
    15                           	psect	text7,global,reloc=2,class=CODE,delta=1,group=1
    16                           	psect	text8,global,reloc=2,class=CODE,delta=1,group=1
    17                           	psect	text9,global,reloc=2,class=CODE,delta=1,group=1
    18                           	psect	text10,global,reloc=2,class=CODE,delta=1
    19                           	psect	text11,global,reloc=2,class=CODE,delta=1
    20                           	psect	text12,global,reloc=2,class=CODE,delta=1
    21                           	psect	text13,global,reloc=2,class=CODE,delta=1
    22                           	psect	text14,global,reloc=2,class=CODE,delta=1
    23                           	psect	text15,global,reloc=2,class=CODE,delta=1
    24                           	psect	text16,global,reloc=2,class=CODE,delta=1
    25                           	psect	text17,global,reloc=2,class=CODE,delta=1
    26                           	psect	text18,global,reloc=2,class=CODE,delta=1
    27                           	psect	intsave_regs,global,class=BIGRAM,space=1,delta=1,noexec
    28                           	psect	rparam,global,class=COMRAM,space=1,delta=1,noexec
    29                           	psect	idloc,global,abs,ovrld,class=IDLOC,space=5,delta=1,noexec
    30                           	psect	config,global,abs,ovrld,class=CONFIG,space=4,delta=1,noexec
    31   000000                     
    32                           ; Version 2.20
    33                           ; Generated 12/02/2020 GMT
    34                           ; 
    35                           ; Copyright © 2020, Microchip Technology Inc. and its subsidiaries ("Microchip")
    36                           ; All rights reserved.
    37                           ; 
    38                           ; This software is developed by Microchip Technology Inc. and its subsidiaries ("Microch
      +                          ip").
    39                           ; 
    40                           ; Redistribution and use in source and binary forms, with or without modification, are
    41                           ; permitted provided that the following conditions are met:
    42                           ; 
    43                           ;     1. Redistributions of source code must retain the above copyright notice, this lis
      +                          t of
    44                           ;        conditions and the following disclaimer.
    45                           ; 
    46                           ;     2. Redistributions in binary form must reproduce the above copyright notice, this 
      +                          list
    47                           ;        of conditions and the following disclaimer in the documentation and/or other
    48                           ;        materials provided with the distribution.
    49                           ; 
    50                           ;     3. Microchip's name may not be used to endorse or promote products derived from th
      +                          is
    51                           ;        software without specific prior written permission.
    52                           ; 
    53                           ; THIS SOFTWARE IS PROVIDED BY MICROCHIP "AS IS" AND ANY EXPRESS OR IMPLIED WARRANTIES,
    54                           ; INCLUDING, BUT NOT LIMITED TO, THE IMPLIED WARRANTIES OF MERCHANTABILITY AND FITNESS F
      +                          OR
    55                           ; PURPOSE ARE DISCLAIMED.  IN NO EVENT SHALL MICROCHIP BE LIABLE FOR ANY DIRECT, INDIREC
      +                          T,
    56                           ; INCIDENTAL, SPECIAL, EXEMPLARY, OR CONSEQUENTIAL DAMAGES (INCLUDING BUT NOT LIMITED TO
    57                           ; PROCUREMENT OF SUBSTITUTE GOODS OR SERVICES; LOSS OF USE, DATA OR PROFITS; OR BUSINESS
    58                           ; INTERRUPTION) HOWSOEVER CAUSED AND ON ANY THEORY OF LIABILITY, WHETHER IN CONTRACT, ST
      +                          RICT
    59                           ; LIABILITY, OR TORT (INCLUDING NEGLIGENCE OR OTHERWISE) ARISING IN ANY WAY OUT OF THE U
      +                          SE OF
    60                           ; THIS SOFTWARE, EVEN IF ADVISED OF THE POSSIBILITY OF SUCH DAMAGE.
    61                           ; 
    62                           ; 
    63                           ; Code-generator required, PIC18F4550 Definitions
    64                           ; 
    65                           ; SFR Addresses
    66   000000                     _RCREG	set	4014
    67   000000                     _TXREG	set	4013
    68   000000                     _EECON2	set	4007
    69   000000                     _EEDATA	set	4008
    70   000000                     _LATD	set	3980
    71   000000                     _RCSTAbits	set	4011
    72   000000                     _CREN	set	32092
    73   000000                     _TRMT	set	32097
    74   000000                     _PORTB	set	3969
    75   000000                     _LATB	set	3978
    76   000000                     _LATDbits	set	3980
    77   000000                     _TRISCbits	set	3988
    78   000000                     _EECON1bits	set	4006
    79   000000                     _EEADR	set	4009
    80   000000                     _RCSTA	set	4011
    81   000000                     _TXSTAbits	set	4012
    82   000000                     _SPBRG	set	4015
    83   000000                     _INTCONbits	set	4082
    84   000000                     _TRISD	set	3989
    85   000000                     _RCIF	set	31989
    86   000000                     _CMCON	set	4020
    87   000000                     _BAUDCONbits	set	4024
    88   000000                     _ADCON1	set	4033
    89   000000                     _TRISB	set	3987
    90                           
    91                           	psect	smallconst
    92   000800                     __psmallconst:
    93                           	callstack 0
    94   000800  00                 	db	0
    95   000801                     STR_5:
    96   000801  4F                 	db	79	;'O'
    97   000802  4B                 	db	75	;'K'
    98   000803  21                 	db	33
    99   000804  20                 	db	32
   100   000805  4E                 	db	78	;'N'
   101   000806  65                 	db	101	;'e'
   102   000807  77                 	db	119	;'w'
   103   000808  20                 	db	32
   104   000809  50                 	db	80	;'P'
   105   00080A  61                 	db	97	;'a'
   106   00080B  73                 	db	115	;'s'
   107   00080C  73                 	db	115	;'s'
   108   00080D  77                 	db	119	;'w'
   109   00080E  6F                 	db	111	;'o'
   110   00080F  72                 	db	114	;'r'
   111   000810  64                 	db	100	;'d'
   112   000811  3F                 	db	63	;'?'
   113   000812  00                 	db	0
   114   000813                     STR_4:
   115   000813  52                 	db	82	;'R'
   116   000814  65                 	db	101	;'e'
   117   000815  6D                 	db	109	;'m'
   118   000816  6F                 	db	111	;'o'
   119   000817  74                 	db	116	;'t'
   120   000818  65                 	db	101	;'e'
   121   000819  20                 	db	32
   122   00081A  50                 	db	80	;'P'
   123   00081B  61                 	db	97	;'a'
   124   00081C  73                 	db	115	;'s'
   125   00081D  73                 	db	115	;'s'
   126   00081E  77                 	db	119	;'w'
   127   00081F  6F                 	db	111	;'o'
   128   000820  72                 	db	114	;'r'
   129   000821  64                 	db	100	;'d'
   130   000822  3A                 	db	58	;':'
   131   000823  00                 	db	0
   132   000824                     STR_6:
   133   000824  57                 	db	87	;'W'
   134   000825  72                 	db	114	;'r'
   135   000826  6F                 	db	111	;'o'
   136   000827  6E                 	db	110	;'n'
   137   000828  67                 	db	103	;'g'
   138   000829  20                 	db	32
   139   00082A  50                 	db	80	;'P'
   140   00082B  61                 	db	97	;'a'
   141   00082C  73                 	db	115	;'s'
   142   00082D  73                 	db	115	;'s'
   143   00082E  77                 	db	119	;'w'
   144   00082F  6F                 	db	111	;'o'
   145   000830  72                 	db	114	;'r'
   146   000831  64                 	db	100	;'d'
   147   000832  21                 	db	33
   148   000833  00                 	db	0
   149   000834                     STR_1:
   150   000834  55                 	db	85	;'U'
   151   000835  6E                 	db	110	;'n'
   152   000836  69                 	db	105	;'i'
   153   000837  76                 	db	118	;'v'
   154   000838  65                 	db	101	;'e'
   155   000839  72                 	db	114	;'r'
   156   00083A  73                 	db	115	;'s'
   157   00083B  69                 	db	105	;'i'
   158   00083C  64                 	db	100	;'d'
   159   00083D  61                 	db	97	;'a'
   160   00083E  64                 	db	100	;'d'
   161   00083F  20                 	db	32
   162   000840  64                 	db	100	;'d'
   163   000841  65                 	db	101	;'e'
   164   000842  00                 	db	0
   165   000843                     STR_8:
   166   000843  4E                 	db	78	;'N'
   167   000844  65                 	db	101	;'e'
   168   000845  77                 	db	119	;'w'
   169   000846  20                 	db	32
   170   000847  50                 	db	80	;'P'
   171   000848  61                 	db	97	;'a'
   172   000849  73                 	db	115	;'s'
   173   00084A  73                 	db	115	;'s'
   174   00084B  77                 	db	119	;'w'
   175   00084C  6F                 	db	111	;'o'
   176   00084D  72                 	db	114	;'r'
   177   00084E  64                 	db	100	;'d'
   178   00084F  00                 	db	0
   179   000850                     STR_3:
   180   000850  55                 	db	85	;'U'
   181   000851  53                 	db	83	;'S'
   182   000852  41                 	db	65	;'A'
   183   000853  52                 	db	82	;'R'
   184   000854  54                 	db	84	;'T'
   185   000855  20                 	db	32
   186   000856  76                 	db	118	;'v'
   187   000857  31                 	db	49	;'1'
   188   000858  2E                 	db	46
   189   000859  30                 	db	48	;'0'
   190   00085A  00                 	db	0
   191   00085B                     STR_2:
   192   00085B  43                 	db	67	;'C'
   193   00085C  75                 	db	117	;'u'
   194   00085D  65                 	db	101	;'e'
   195   00085E  6E                 	db	110	;'n'
   196   00085F  63                 	db	99	;'c'
   197   000860  61                 	db	97	;'a'
   198   000861  00                 	db	0
   199   000862                     STR_9:
   200   000862  73                 	db	115	;'s'
   201   000863  65                 	db	101	;'e'
   202   000864  74                 	db	116	;'t'
   203   000865  21                 	db	33
   204   000866  00                 	db	0
   205   000867  00                 	db	0	; dummy byte at the end
   206   000000                     
   207                           ; #config settings
   208                           
   209                           	psect	cinit
   210   001E5A                     __pcinit:
   211                           	callstack 0
   212   001E5A                     start_initialization:
   213                           	callstack 0
   214   001E5A                     __initialization:
   215                           	callstack 0
   216   001E5A                     end_of_initialization:
   217                           	callstack 0
   218   001E5A                     __end_of__initialization:
   219                           	callstack 0
   220   001E5A  0E00               	movlw	low (__Lmediumconst shr (0+16))
   221   001E5C  6EF8               	movwf	tblptru,c
   222   001E5E  0100               	movlb	0
   223   001E60  EF34  F004         	goto	_main	;jump to C main() function
   224                           
   225                           	psect	cstackCOMRAM
   226   000001                     __pcstackCOMRAM:
   227                           	callstack 0
   228   000001                     ??_teclado:
   229   000001                     ?___fltol:
   230                           	callstack 0
   231   000001                     ?___xxtofl:
   232                           	callstack 0
   233   000001                     EEPROM_Read@address:
   234                           	callstack 0
   235   000001                     EEPROM_Write@data:
   236                           	callstack 0
   237   000001                     UART_Write@data:
   238                           	callstack 0
   239   000001                     Tx_DATO@is_char:
   240                           	callstack 0
   241   000001                     mapear_tecla@valor:
   242                           	callstack 0
   243   000001                     ___fltol@f1:
   244                           	callstack 0
   245   000001                     ___xxtofl@val:
   246                           	callstack 0
   247                           
   248                           ; 4 bytes @ 0x0
   249   000001                     	ds	1
   250   000002                     ??_Tx_DATO:
   251   000002                     EEPROM_Write@address:
   252                           	callstack 0
   253                           
   254                           ; 1 bytes @ 0x1
   255   000002                     	ds	1
   256   000003                     Tx_DATO@DATO:
   257                           	callstack 0
   258                           
   259                           ; 1 bytes @ 0x2
   260   000003                     	ds	1
   261   000004                     Tx_DATO@led_state:
   262                           	callstack 0
   263                           
   264                           ; 1 bytes @ 0x3
   265   000004                     	ds	1
   266   000005                     ??_LCD_init:
   267   000005                     ??_LCD_clear:
   268   000005                     ??___fltol:
   269   000005                     ??___xxtofl:
   270   000005                     LCD_set_cursor@col:
   271                           	callstack 0
   272   000005                     LCD_print@str:
   273                           	callstack 0
   274   000005                     LCD_cursor_blink@enable:
   275                           	callstack 0
   276                           
   277                           ; 1 bytes @ 0x4
   278   000005                     	ds	1
   279   000006                     LCD_set_cursor@row:
   280                           	callstack 0
   281                           
   282                           ; 1 bytes @ 0x5
   283   000006                     	ds	1
   284   000007                     _LCD_set_cursor$430:
   285                           	callstack 0
   286                           
   287                           ; 2 bytes @ 0x6
   288   000007                     	ds	2
   289   000009                     LCD_set_cursor@cmd:
   290                           	callstack 0
   291   000009                     ___fltol@sign1:
   292                           	callstack 0
   293   000009                     ___xxtofl@sign:
   294                           	callstack 0
   295                           
   296                           ; 1 bytes @ 0x8
   297   000009                     	ds	1
   298   00000A                     ___fltol@exp1:
   299                           	callstack 0
   300   00000A                     ___xxtofl@exp:
   301                           	callstack 0
   302                           
   303                           ; 1 bytes @ 0x9
   304   00000A                     	ds	1
   305   00000B                     ___xxtofl@arg:
   306                           	callstack 0
   307                           
   308                           ; 4 bytes @ 0xA
   309   00000B                     	ds	4
   310   00000F                     ?___fldiv:
   311                           	callstack 0
   312   00000F                     ___fldiv@b:
   313                           	callstack 0
   314                           
   315                           ; 4 bytes @ 0xE
   316   00000F                     	ds	4
   317   000013                     ___fldiv@a:
   318                           	callstack 0
   319                           
   320                           ; 4 bytes @ 0x12
   321   000013                     	ds	4
   322   000017                     ??___fldiv:
   323                           
   324                           ; 1 bytes @ 0x16
   325   000017                     	ds	4
   326   00001B                     ___fldiv@rem:
   327                           	callstack 0
   328                           
   329                           ; 4 bytes @ 0x1A
   330   00001B                     	ds	4
   331   00001F                     ___fldiv@sign:
   332                           	callstack 0
   333                           
   334                           ; 1 bytes @ 0x1E
   335   00001F                     	ds	1
   336   000020                     ___fldiv@new_exp:
   337                           	callstack 0
   338                           
   339                           ; 2 bytes @ 0x1F
   340   000020                     	ds	2
   341   000022                     ___fldiv@grs:
   342                           	callstack 0
   343                           
   344                           ; 4 bytes @ 0x21
   345   000022                     	ds	4
   346   000026                     ___fldiv@bexp:
   347                           	callstack 0
   348                           
   349                           ; 1 bytes @ 0x25
   350   000026                     	ds	1
   351   000027                     ___fldiv@aexp:
   352                           	callstack 0
   353                           
   354                           ; 1 bytes @ 0x26
   355   000027                     	ds	1
   356   000028                     ?___fladd:
   357                           	callstack 0
   358   000028                     ___fladd@b:
   359                           	callstack 0
   360                           
   361                           ; 4 bytes @ 0x27
   362   000028                     	ds	4
   363   00002C                     ___fladd@a:
   364                           	callstack 0
   365                           
   366                           ; 4 bytes @ 0x2B
   367   00002C                     	ds	4
   368   000030                     ??___fladd:
   369                           
   370                           ; 1 bytes @ 0x2F
   371   000030                     	ds	4
   372   000034                     ___fladd@signs:
   373                           	callstack 0
   374                           
   375                           ; 1 bytes @ 0x33
   376   000034                     	ds	1
   377   000035                     ___fladd@aexp:
   378                           	callstack 0
   379                           
   380                           ; 1 bytes @ 0x34
   381   000035                     	ds	1
   382   000036                     ___fladd@bexp:
   383                           	callstack 0
   384                           
   385                           ; 1 bytes @ 0x35
   386   000036                     	ds	1
   387   000037                     ___fladd@grs:
   388                           	callstack 0
   389                           
   390                           ; 1 bytes @ 0x36
   391   000037                     	ds	1
   392   000038                     UART_Initial@baud_rate:
   393                           	callstack 0
   394                           
   395                           ; 4 bytes @ 0x37
   396   000038                     	ds	4
   397   00003C                     ??_UART_Initial:
   398                           
   399                           ; 1 bytes @ 0x3B
   400   00003C                     	ds	4
   401   000040                     UART_Initial@bps:
   402                           	callstack 0
   403                           
   404                           ; 4 bytes @ 0x3F
   405   000040                     	ds	4
   406   000044                     ??_main:
   407                           
   408                           ; 1 bytes @ 0x43
   409   000044                     	ds	2
   410   000046                     main@pass_buffer:
   411                           	callstack 0
   412                           
   413                           ; 3 bytes @ 0x45
   414   000046                     	ds	3
   415   000049                     main@comando_pendiente:
   416                           	callstack 0
   417                           
   418                           ; 1 bytes @ 0x48
   419   000049                     	ds	1
   420   00004A                     main@v1:
   421                           	callstack 0
   422                           
   423                           ; 1 bytes @ 0x49
   424   00004A                     	ds	1
   425   00004B                     main@v2:
   426                           	callstack 0
   427                           
   428                           ; 1 bytes @ 0x4A
   429   00004B                     	ds	1
   430   00004C                     main@v3:
   431                           	callstack 0
   432                           
   433                           ; 1 bytes @ 0x4B
   434   00004C                     	ds	1
   435   00004D                     main@rx_buffer:
   436                           	callstack 0
   437                           
   438                           ; 3 bytes @ 0x4C
   439   00004D                     	ds	3
   440   000050                     main@i:
   441                           	callstack 0
   442                           
   443                           ; 1 bytes @ 0x4F
   444   000050                     	ds	1
   445   000051                     main@i_474:
   446                           	callstack 0
   447                           
   448                           ; 1 bytes @ 0x50
   449   000051                     	ds	1
   450   000052                     main@server_state:
   451                           	callstack 0
   452                           
   453                           ; 1 bytes @ 0x51
   454   000052                     	ds	1
   455   000053                     main@tx_index:
   456                           	callstack 0
   457                           
   458                           ; 1 bytes @ 0x52
   459   000053                     	ds	1
   460   000054                     main@rx_index:
   461                           	callstack 0
   462                           
   463                           ; 1 bytes @ 0x53
   464   000054                     	ds	1
   465   000055                     main@tecla_actual:
   466                           	callstack 0
   467                           
   468                           ; 1 bytes @ 0x54
   469   000055                     	ds	1
   470   000056                     main@client_state:
   471                           	callstack 0
   472                           
   473                           ; 1 bytes @ 0x55
   474   000056                     	ds	1
   475   000057                     main@tecla_ascii:
   476                           	callstack 0
   477                           
   478                           ; 1 bytes @ 0x56
   479   000057                     	ds	1
   480   000058                     main@data:
   481                           	callstack 0
   482                           
   483                           ; 1 bytes @ 0x57
   484   000058                     	ds	1
   485   000059                     main@pass_index:
   486                           	callstack 0
   487                           
   488                           ; 1 bytes @ 0x58
   489   000059                     	ds	1
   490                           
   491 ;;
   492 ;;Main: autosize = 0, tempsize = 2, incstack = 0, save=0
   493 ;;
   494 ;; *************** function _main *****************
   495 ;; Defined at:
   496 ;;		line 187 in file "Codigo_Practica6_Parte4.c"
   497 ;; Parameters:    Size  Location     Type
   498 ;;		None
   499 ;; Auto vars:     Size  Location     Type
   500 ;;  i               1   80[COMRAM] unsigned char 
   501 ;;  tecla_ascii     1   86[COMRAM] unsigned char 
   502 ;;  data            1   87[COMRAM] unsigned char 
   503 ;;  tecla_actual    1   84[COMRAM] unsigned char 
   504 ;;  i               1   79[COMRAM] unsigned char 
   505 ;;  rx_buffer       3   76[COMRAM] unsigned char [3]
   506 ;;  pass_buffer     3   69[COMRAM] unsigned char [3]
   507 ;;  pass_index      1   88[COMRAM] unsigned char 
   508 ;;  client_state    1   85[COMRAM] unsigned char 
   509 ;;  rx_index        1   83[COMRAM] unsigned char 
   510 ;;  tx_index        1   82[COMRAM] unsigned char 
   511 ;;  server_state    1   81[COMRAM] unsigned char 
   512 ;;  v3              1   75[COMRAM] unsigned char 
   513 ;;  v2              1   74[COMRAM] unsigned char 
   514 ;;  v1              1   73[COMRAM] unsigned char 
   515 ;;  comando_pend    1   72[COMRAM] unsigned char 
   516 ;; Return value:  Size  Location     Type
   517 ;;                  1    wreg      void 
   518 ;; Registers used:
   519 ;;		wreg, fsr2l, fsr2h, status,2, status,0, tblptrl, tblptrh, tblptru, cstack
   520 ;; Tracked objects:
   521 ;;		On entry : 0/0
   522 ;;		On exit  : 0/0
   523 ;;		Unchanged: 0/0
   524 ;; Data sizes:     COMRAM   BANK0   BANK1   BANK2   BANK3   BANK4   BANK5   BANK6   BANK7
   525 ;;      Params:         0       0       0       0       0       0       0       0       0
   526 ;;      Locals:        20       0       0       0       0       0       0       0       0
   527 ;;      Temps:          2       0       0       0       0       0       0       0       0
   528 ;;      Totals:        22       0       0       0       0       0       0       0       0
   529 ;;Total ram usage:       22 bytes
   530 ;; Hardware stack levels required when called: 3
   531 ;; This function calls:
   532 ;;		_EEPROM_Read
   533 ;;		_EEPROM_Write
   534 ;;		_LCD_clear
   535 ;;		_LCD_cursor_blink
   536 ;;		_LCD_init
   537 ;;		_LCD_print
   538 ;;		_LCD_set_cursor
   539 ;;		_Tx_DATO
   540 ;;		_UART_Initial
   541 ;;		_UART_Write
   542 ;;		_USART_Read
   543 ;;		_mapear_tecla
   544 ;;		_teclado
   545 ;; This function is called by:
   546 ;;		Startup code after reset
   547 ;; This function uses a non-reentrant model
   548 ;;
   549                           
   550                           	psect	text0
   551   000868                     __ptext0:
   552                           	callstack 0
   553   000868                     _main:
   554                           	callstack 28
   555   000868                     
   556                           ;Codigo_Practica6_Parte4.c: 189:     ADCON1 = 0x0F; CMCON = 0x07;
   557   000868  0E0F               	movlw	15
   558   00086A  6EC1               	movwf	193,c	;volatile
   559   00086C  0E07               	movlw	7
   560   00086E  6EB4               	movwf	180,c	;volatile
   561                           
   562                           ;Codigo_Practica6_Parte4.c: 190:     TRISD = 0x00; LATD = 0x00;
   563   000870  0E00               	movlw	0
   564   000872  6E95               	movwf	149,c	;volatile
   565   000874  0E00               	movlw	0
   566   000876  6E8C               	movwf	140,c	;volatile
   567                           
   568                           ;Codigo_Practica6_Parte4.c: 191:     TRISB = 0x0F;
   569   000878  0E0F               	movlw	15
   570   00087A  6E93               	movwf	147,c	;volatile
   571   00087C                     
   572                           ;Codigo_Practica6_Parte4.c: 193:     LCD_init();
   573   00087C  EC2A  F00E         	call	_LCD_init	;wreg free
   574   000880                     
   575                           ;Codigo_Practica6_Parte4.c: 194:     UART_Initial(9600);
   576   000880  0E80               	movlw	128
   577   000882  6E38               	movwf	UART_Initial@baud_rate^0,c
   578   000884  0E25               	movlw	37
   579   000886  6E39               	movwf	(UART_Initial@baud_rate+1)^0,c
   580   000888  0E00               	movlw	0
   581   00088A  6E3A               	movwf	(UART_Initial@baud_rate+2)^0,c
   582   00088C  0E00               	movlw	0
   583   00088E  6E3B               	movwf	(UART_Initial@baud_rate+3)^0,c
   584   000890  EC74  F00D         	call	_UART_Initial	;wreg free
   585   000894                     
   586                           ;Codigo_Practica6_Parte4.c: 196:     unsigned char v1 = EEPROM_Read(0);
   587   000894  0E00               	movlw	0
   588   000896  EC25  F00F         	call	_EEPROM_Read
   589   00089A  6E4A               	movwf	main@v1^0,c
   590   00089C                     
   591                           ;Codigo_Practica6_Parte4.c: 197:     unsigned char v2 = EEPROM_Read(1);
   592   00089C  0E01               	movlw	1
   593   00089E  EC25  F00F         	call	_EEPROM_Read
   594   0008A2  6E4B               	movwf	main@v2^0,c
   595   0008A4                     
   596                           ;Codigo_Practica6_Parte4.c: 198:     unsigned char v3 = EEPROM_Read(2);
   597   0008A4  0E02               	movlw	2
   598   0008A6  EC25  F00F         	call	_EEPROM_Read
   599   0008AA  6E4C               	movwf	main@v3^0,c
   600   0008AC                     
   601                           ;Codigo_Practica6_Parte4.c: 200:     if (v1 < '0' || v1 > '9' || v2 < '0' || v2 > '9' ||
      +                           v3 < '0' || v3 > '9') {
   602   0008AC  0E2F               	movlw	47
   603   0008AE  644A               	cpfsgt	main@v1^0,c
   604   0008B0  EF5C  F004         	goto	u2221
   605   0008B4  EF5E  F004         	goto	u2220
   606   0008B8                     u2221:
   607   0008B8  EF86  F004         	goto	l2391
   608   0008BC                     u2220:
   609   0008BC  0E3A               	movlw	58
   610   0008BE  604A               	cpfslt	main@v1^0,c
   611   0008C0  EF64  F004         	goto	u2231
   612   0008C4  EF66  F004         	goto	u2230
   613   0008C8                     u2231:
   614   0008C8  EF86  F004         	goto	l2391
   615   0008CC                     u2230:
   616   0008CC  0E2F               	movlw	47
   617   0008CE  644B               	cpfsgt	main@v2^0,c
   618   0008D0  EF6C  F004         	goto	u2241
   619   0008D4  EF6E  F004         	goto	u2240
   620   0008D8                     u2241:
   621   0008D8  EF86  F004         	goto	l2391
   622   0008DC                     u2240:
   623   0008DC  0E3A               	movlw	58
   624   0008DE  604B               	cpfslt	main@v2^0,c
   625   0008E0  EF74  F004         	goto	u2251
   626   0008E4  EF76  F004         	goto	u2250
   627   0008E8                     u2251:
   628   0008E8  EF86  F004         	goto	l2391
   629   0008EC                     u2250:
   630   0008EC  0E2F               	movlw	47
   631   0008EE  644C               	cpfsgt	main@v3^0,c
   632   0008F0  EF7C  F004         	goto	u2261
   633   0008F4  EF7E  F004         	goto	u2260
   634   0008F8                     u2261:
   635   0008F8  EF86  F004         	goto	l2391
   636   0008FC                     u2260:
   637   0008FC  0E39               	movlw	57
   638   0008FE  644C               	cpfsgt	main@v3^0,c
   639   000900  EF84  F004         	goto	u2271
   640   000904  EF86  F004         	goto	u2270
   641   000908                     u2271:
   642   000908  EF95  F004         	goto	l2393
   643   00090C                     u2270:
   644   00090C                     l2391:
   645                           
   646                           ;Codigo_Practica6_Parte4.c: 201:         EEPROM_Write(0, '1'); EEPROM_Write(1, '2'); EEP
      +                          ROM_Write(2, '3');
   647   00090C  0E31               	movlw	49
   648   00090E  6E01               	movwf	EEPROM_Write@data^0,c
   649   000910  0E00               	movlw	0
   650   000912  ECC0  F00E         	call	_EEPROM_Write
   651   000916  0E32               	movlw	50
   652   000918  6E01               	movwf	EEPROM_Write@data^0,c
   653   00091A  0E01               	movlw	1
   654   00091C  ECC0  F00E         	call	_EEPROM_Write
   655   000920  0E33               	movlw	51
   656   000922  6E01               	movwf	EEPROM_Write@data^0,c
   657   000924  0E02               	movlw	2
   658   000926  ECC0  F00E         	call	_EEPROM_Write
   659   00092A                     l2393:
   660                           
   661                           ;Codigo_Practica6_Parte4.c: 204:     for (char i = 0; i < 10; i++) { LATDbits.LATD0 = 1;
      +                           _delay((unsigned long)((50)*(48000000/4000.0))); LATDbits.LATD0 = 0; _delay((unsigned l
      +                          ong)((50)*(48000000/4000.0))); }
   662   00092A  0E00               	movlw	0
   663   00092C  6E50               	movwf	main@i^0,c
   664   00092E                     l152:
   665   00092E  808C               	bsf	140,0,c	;volatile
   666   000930  0E04               	movlw	4
   667   000932  6E45               	movwf	(??_main+1)^0,c
   668   000934  0E0C               	movlw	12
   669   000936  6E44               	movwf	??_main^0,c
   670   000938  0E34               	movlw	52
   671   00093A                     u2597:
   672   00093A  2EE8               	decfsz	wreg,f,c
   673   00093C  D7FE               	bra	u2597
   674   00093E  2E44               	decfsz	??_main^0,f,c
   675   000940  D7FC               	bra	u2597
   676   000942  2E45               	decfsz	(??_main+1)^0,f,c
   677   000944  D7FA               	bra	u2597
   678   000946  908C               	bcf	140,0,c	;volatile
   679   000948  0E04               	movlw	4
   680   00094A  6E45               	movwf	(??_main+1)^0,c
   681   00094C  0E0C               	movlw	12
   682   00094E  6E44               	movwf	??_main^0,c
   683   000950  0E34               	movlw	52
   684   000952                     u2607:
   685   000952  2EE8               	decfsz	wreg,f,c
   686   000954  D7FE               	bra	u2607
   687   000956  2E44               	decfsz	??_main^0,f,c
   688   000958  D7FC               	bra	u2607
   689   00095A  2E45               	decfsz	(??_main+1)^0,f,c
   690   00095C  D7FA               	bra	u2607
   691   00095E  2A50               	incf	main@i^0,f,c
   692   000960  0E09               	movlw	9
   693   000962  6450               	cpfsgt	main@i^0,c
   694   000964  EFB6  F004         	goto	u2281
   695   000968  EFB8  F004         	goto	u2280
   696   00096C                     u2281:
   697   00096C  EF97  F004         	goto	l152
   698   000970                     u2280:
   699   000970                     
   700                           ;Codigo_Practica6_Parte4.c: 205:     LATDbits.LATD0 = 0;
   701   000970  908C               	bcf	140,0,c	;volatile
   702   000972                     
   703                           ;Codigo_Practica6_Parte4.c: 207:     LCD_set_cursor(1, 2); LCD_print("Universidad de"); 
      +                          LCD_set_cursor(2, 6); LCD_print("Cuenca");
   704   000972  0E02               	movlw	2
   705   000974  6E05               	movwf	LCD_set_cursor@col^0,c
   706   000976  0E01               	movlw	1
   707   000978  EC85  F00E         	call	_LCD_set_cursor
   708   00097C  0E34               	movlw	low STR_1
   709   00097E  6E05               	movwf	LCD_print@str^0,c
   710   000980  ECA4  F00E         	call	_LCD_print	;wreg free
   711   000984  0E06               	movlw	6
   712   000986  6E05               	movwf	LCD_set_cursor@col^0,c
   713   000988  0E02               	movlw	2
   714   00098A  EC85  F00E         	call	_LCD_set_cursor
   715   00098E  0E5B               	movlw	low STR_2
   716   000990  6E05               	movwf	LCD_print@str^0,c
   717   000992  ECA4  F00E         	call	_LCD_print	;wreg free
   718   000996                     
   719                           ;Codigo_Practica6_Parte4.c: 208:     _delay((unsigned long)((2000)*(48000000/4000.0))); 
      +                          LCD_clear(); _delay((unsigned long)((1000)*(48000000/4000.0)));
   720   000996  0E7A               	movlw	122
   721   000998  6E45               	movwf	(??_main+1)^0,c
   722   00099A  0EC1               	movlw	193
   723   00099C  6E44               	movwf	??_main^0,c
   724   00099E  0E82               	movlw	130
   725   0009A0                     u2617:
   726   0009A0  2EE8               	decfsz	wreg,f,c
   727   0009A2  D7FE               	bra	u2617
   728   0009A4  2E44               	decfsz	??_main^0,f,c
   729   0009A6  D7FC               	bra	u2617
   730   0009A8  2E45               	decfsz	(??_main+1)^0,f,c
   731   0009AA  D7FA               	bra	u2617
   732   0009AC  EC04  F00F         	call	_LCD_clear	;wreg free
   733   0009B0  0E3D               	movlw	61
   734   0009B2  6E45               	movwf	(??_main+1)^0,c
   735   0009B4  0EE1               	movlw	225
   736   0009B6  6E44               	movwf	??_main^0,c
   737   0009B8  0E40               	movlw	64
   738   0009BA                     u2627:
   739   0009BA  2EE8               	decfsz	wreg,f,c
   740   0009BC  D7FE               	bra	u2627
   741   0009BE  2E44               	decfsz	??_main^0,f,c
   742   0009C0  D7FC               	bra	u2627
   743   0009C2  2E45               	decfsz	(??_main+1)^0,f,c
   744   0009C4  D7FA               	bra	u2627
   745   0009C6                     
   746                           ;Codigo_Practica6_Parte4.c: 210:     LCD_set_cursor(1, 4); LCD_print("USART v1.0");
   747   0009C6  0E04               	movlw	4
   748   0009C8  6E05               	movwf	LCD_set_cursor@col^0,c
   749   0009CA  0E01               	movlw	1
   750   0009CC  EC85  F00E         	call	_LCD_set_cursor
   751   0009D0  0E50               	movlw	low STR_3
   752   0009D2  6E05               	movwf	LCD_print@str^0,c
   753   0009D4  ECA4  F00E         	call	_LCD_print	;wreg free
   754   0009D8                     
   755                           ;Codigo_Practica6_Parte4.c: 211:     _delay((unsigned long)((2000)*(48000000/4000.0))); 
      +                          LCD_clear(); _delay((unsigned long)((2000)*(48000000/4000.0)));
   756   0009D8  0E7A               	movlw	122
   757   0009DA  6E45               	movwf	(??_main+1)^0,c
   758   0009DC  0EC1               	movlw	193
   759   0009DE  6E44               	movwf	??_main^0,c
   760   0009E0  0E82               	movlw	130
   761   0009E2                     u2637:
   762   0009E2  2EE8               	decfsz	wreg,f,c
   763   0009E4  D7FE               	bra	u2637
   764   0009E6  2E44               	decfsz	??_main^0,f,c
   765   0009E8  D7FC               	bra	u2637
   766   0009EA  2E45               	decfsz	(??_main+1)^0,f,c
   767   0009EC  D7FA               	bra	u2637
   768   0009EE  EC04  F00F         	call	_LCD_clear	;wreg free
   769   0009F2  0E7A               	movlw	122
   770   0009F4  6E45               	movwf	(??_main+1)^0,c
   771   0009F6  0EC1               	movlw	193
   772   0009F8  6E44               	movwf	??_main^0,c
   773   0009FA  0E82               	movlw	130
   774   0009FC                     u2647:
   775   0009FC  2EE8               	decfsz	wreg,f,c
   776   0009FE  D7FE               	bra	u2647
   777   000A00  2E44               	decfsz	??_main^0,f,c
   778   000A02  D7FC               	bra	u2647
   779   000A04  2E45               	decfsz	(??_main+1)^0,f,c
   780   000A06  D7FA               	bra	u2647
   781   000A08                     
   782                           ;Codigo_Practica6_Parte4.c: 213:     char client_state = 0;
   783   000A08  0E00               	movlw	0
   784   000A0A  6E56               	movwf	main@client_state^0,c
   785   000A0C                     
   786                           ;Codigo_Practica6_Parte4.c: 214:     char server_state = 0;
   787   000A0C  0E00               	movlw	0
   788   000A0E  6E52               	movwf	main@server_state^0,c
   789   000A10                     
   790                           ;Codigo_Practica6_Parte4.c: 216:     char pass_buffer[3];;Codigo_Practica6_Parte4.c: 217
      +                          :     char pass_index = 0;
   791   000A10  0E00               	movlw	0
   792   000A12  6E59               	movwf	main@pass_index^0,c
   793   000A14                     
   794                           ;Codigo_Practica6_Parte4.c: 219:     char rx_buffer[3];;Codigo_Practica6_Parte4.c: 220: 
      +                              char rx_index = 0;
   795   000A14  0E00               	movlw	0
   796   000A16  6E54               	movwf	main@rx_index^0,c
   797   000A18                     
   798                           ;Codigo_Practica6_Parte4.c: 222:     char comando_pendiente = 0;
   799   000A18  0E00               	movlw	0
   800   000A1A  6E49               	movwf	main@comando_pendiente^0,c
   801   000A1C                     
   802                           ;Codigo_Practica6_Parte4.c: 223:     char tx_index = 0;
   803   000A1C  0E00               	movlw	0
   804   000A1E  6E53               	movwf	main@tx_index^0,c
   805   000A20                     
   806                           ;Codigo_Practica6_Parte4.c: 225:     LCD_set_cursor(1, 1); LCD_print("Remote Password:")
      +                          ;
   807   000A20  0E01               	movlw	1
   808   000A22  6E05               	movwf	LCD_set_cursor@col^0,c
   809   000A24  0E01               	movlw	1
   810   000A26  EC85  F00E         	call	_LCD_set_cursor
   811   000A2A  0E13               	movlw	low STR_4
   812   000A2C  6E05               	movwf	LCD_print@str^0,c
   813   000A2E  ECA4  F00E         	call	_LCD_print	;wreg free
   814   000A32                     
   815                           ;Codigo_Practica6_Parte4.c: 226:     LCD_set_cursor(2, 1); LCD_cursor_blink(1);
   816   000A32  0E01               	movlw	1
   817   000A34  6E05               	movwf	LCD_set_cursor@col^0,c
   818   000A36  0E02               	movlw	2
   819   000A38  EC85  F00E         	call	_LCD_set_cursor
   820   000A3C  0E01               	movlw	1
   821   000A3E  ECEE  F00E         	call	_LCD_cursor_blink
   822   000A42                     l2443:
   823                           
   824                           ;Codigo_Practica6_Parte4.c: 231:         if (RCIF == 1) {
   825   000A42  AA9E               	btfss	3998,5,c	;volatile
   826   000A44  EF26  F005         	goto	u2291
   827   000A48  EF28  F005         	goto	u2290
   828   000A4C                     u2291:
   829   000A4C  EF75  F006         	goto	l2553
   830   000A50                     u2290:
   831   000A50                     
   832                           ;Codigo_Practica6_Parte4.c: 232:             char data = USART_Read();
   833   000A50  ECD8  F00E         	call	_USART_Read	;wreg free
   834   000A54  6E58               	movwf	main@data^0,c
   835   000A56                     
   836                           ;Codigo_Practica6_Parte4.c: 234:             if (data == 255) {
   837   000A56  2858               	incf	main@data^0,w,c
   838   000A58  A4D8               	btfss	status,2,c
   839   000A5A  EF31  F005         	goto	u2301
   840   000A5E  EF33  F005         	goto	u2300
   841   000A62                     u2301:
   842   000A62  EF37  F005         	goto	l2451
   843   000A66                     u2300:
   844   000A66                     
   845                           ;Codigo_Practica6_Parte4.c: 235:                 rx_index = 0;
   846   000A66  0E00               	movlw	0
   847   000A68  6E54               	movwf	main@rx_index^0,c
   848                           
   849                           ;Codigo_Practica6_Parte4.c: 236:                 continue;
   850   000A6A  EF21  F005         	goto	l2443
   851   000A6E                     l2451:
   852                           
   853                           ;Codigo_Practica6_Parte4.c: 239:             if (data == 'O' && client_state == 0) {
   854   000A6E  0E4F               	movlw	79
   855   000A70  1858               	xorwf	main@data^0,w,c
   856   000A72  A4D8               	btfss	status,2,c
   857   000A74  EF3E  F005         	goto	u2311
   858   000A78  EF40  F005         	goto	u2310
   859   000A7C                     u2311:
   860   000A7C  EF5E  F005         	goto	l2465
   861   000A80                     u2310:
   862   000A80  5056               	movf	main@client_state^0,w,c
   863   000A82  A4D8               	btfss	status,2,c
   864   000A84  EF46  F005         	goto	u2321
   865   000A88  EF48  F005         	goto	u2320
   866   000A8C                     u2321:
   867   000A8C  EF5E  F005         	goto	l2465
   868   000A90                     u2320:
   869   000A90                     
   870                           ;Codigo_Practica6_Parte4.c: 240:                 client_state = 1; pass_index = 0;
   871   000A90  0E01               	movlw	1
   872   000A92  6E56               	movwf	main@client_state^0,c
   873   000A94  0E00               	movlw	0
   874   000A96  6E59               	movwf	main@pass_index^0,c
   875   000A98                     
   876                           ;Codigo_Practica6_Parte4.c: 241:                 LCD_clear(); LCD_set_cursor(1, 1); LCD_
      +                          print("OK! New Password?");
   877   000A98  EC04  F00F         	call	_LCD_clear	;wreg free
   878   000A9C  0E01               	movlw	1
   879   000A9E  6E05               	movwf	LCD_set_cursor@col^0,c
   880   000AA0  0E01               	movlw	1
   881   000AA2  EC85  F00E         	call	_LCD_set_cursor
   882   000AA6  0E01               	movlw	low STR_5
   883   000AA8  6E05               	movwf	LCD_print@str^0,c
   884   000AAA  ECA4  F00E         	call	_LCD_print	;wreg free
   885   000AAE                     
   886                           ;Codigo_Practica6_Parte4.c: 242:                 LCD_set_cursor(2, 1);
   887   000AAE  0E01               	movlw	1
   888   000AB0  6E05               	movwf	LCD_set_cursor@col^0,c
   889   000AB2  0E02               	movlw	2
   890   000AB4  EC85  F00E         	call	_LCD_set_cursor
   891                           
   892                           ;Codigo_Practica6_Parte4.c: 243:             }
   893   000AB8  EF75  F006         	goto	l2553
   894   000ABC                     l2465:
   895   000ABC  0E58               	movlw	88
   896   000ABE  1858               	xorwf	main@data^0,w,c
   897   000AC0  A4D8               	btfss	status,2,c
   898   000AC2  EF65  F005         	goto	u2331
   899   000AC6  EF67  F005         	goto	u2330
   900   000ACA                     u2331:
   901   000ACA  EF9F  F005         	goto	l2487
   902   000ACE                     u2330:
   903   000ACE  5056               	movf	main@client_state^0,w,c
   904   000AD0  A4D8               	btfss	status,2,c
   905   000AD2  EF6D  F005         	goto	u2341
   906   000AD6  EF6F  F005         	goto	u2340
   907   000ADA                     u2341:
   908   000ADA  EF9F  F005         	goto	l2487
   909   000ADE                     u2340:
   910   000ADE                     
   911                           ;Codigo_Practica6_Parte4.c: 245:                 LCD_cursor_blink(0);
   912   000ADE  0E00               	movlw	0
   913   000AE0  ECEE  F00E         	call	_LCD_cursor_blink
   914                           
   915                           ;Codigo_Practica6_Parte4.c: 246:                 LCD_clear(); LCD_set_cursor(1, 1); LCD_
      +                          print("Wrong Password!");
   916   000AE4  EC04  F00F         	call	_LCD_clear	;wreg free
   917   000AE8  0E01               	movlw	1
   918   000AEA  6E05               	movwf	LCD_set_cursor@col^0,c
   919   000AEC  0E01               	movlw	1
   920   000AEE  EC85  F00E         	call	_LCD_set_cursor
   921   000AF2  0E24               	movlw	low STR_6
   922   000AF4  6E05               	movwf	LCD_print@str^0,c
   923   000AF6  ECA4  F00E         	call	_LCD_print	;wreg free
   924   000AFA                     
   925                           ;Codigo_Practica6_Parte4.c: 247:                 _delay((unsigned long)((2000)*(48000000
      +                          /4000.0)));
   926   000AFA  0E7A               	movlw	122
   927   000AFC  6E45               	movwf	(??_main+1)^0,c
   928   000AFE  0EC1               	movlw	193
   929   000B00  6E44               	movwf	??_main^0,c
   930   000B02  0E82               	movlw	130
   931   000B04                     u2657:
   932   000B04  2EE8               	decfsz	wreg,f,c
   933   000B06  D7FE               	bra	u2657
   934   000B08  2E44               	decfsz	??_main^0,f,c
   935   000B0A  D7FC               	bra	u2657
   936   000B0C  2E45               	decfsz	(??_main+1)^0,f,c
   937   000B0E  D7FA               	bra	u2657
   938   000B10                     
   939                           ;Codigo_Practica6_Parte4.c: 249:                 pass_index = 0;
   940   000B10  0E00               	movlw	0
   941   000B12  6E59               	movwf	main@pass_index^0,c
   942   000B14                     
   943                           ;Codigo_Practica6_Parte4.c: 250:                 LCD_clear(); LCD_set_cursor(1, 1); LCD_
      +                          print("Remote Password:");
   944   000B14  EC04  F00F         	call	_LCD_clear	;wreg free
   945   000B18  0E01               	movlw	1
   946   000B1A  6E05               	movwf	LCD_set_cursor@col^0,c
   947   000B1C  0E01               	movlw	1
   948   000B1E  EC85  F00E         	call	_LCD_set_cursor
   949   000B22  0E13               	movlw	low STR_4
   950   000B24  6E05               	movwf	LCD_print@str^0,c
   951   000B26  ECA4  F00E         	call	_LCD_print	;wreg free
   952   000B2A                     
   953                           ;Codigo_Practica6_Parte4.c: 251:                 LCD_set_cursor(2, 1); LCD_cursor_blink(
      +                          1);
   954   000B2A  0E01               	movlw	1
   955   000B2C  6E05               	movwf	LCD_set_cursor@col^0,c
   956   000B2E  0E02               	movlw	2
   957   000B30  EC85  F00E         	call	_LCD_set_cursor
   958   000B34  0E01               	movlw	1
   959   000B36  ECEE  F00E         	call	_LCD_cursor_blink
   960                           
   961                           ;Codigo_Practica6_Parte4.c: 252:             }
   962   000B3A  EF75  F006         	goto	l2553
   963   000B3E                     l2487:
   964   000B3E  0E53               	movlw	83
   965   000B40  1858               	xorwf	main@data^0,w,c
   966   000B42  A4D8               	btfss	status,2,c
   967   000B44  EFA6  F005         	goto	u2351
   968   000B48  EFA8  F005         	goto	u2350
   969   000B4C                     u2351:
   970   000B4C  EF00  F006         	goto	l2521
   971   000B50                     u2350:
   972   000B50  0456               	decf	main@client_state^0,w,c
   973   000B52  A4D8               	btfss	status,2,c
   974   000B54  EFAE  F005         	goto	u2361
   975   000B58  EFB0  F005         	goto	u2360
   976   000B5C                     u2361:
   977   000B5C  EF00  F006         	goto	l2521
   978   000B60                     u2360:
   979   000B60                     
   980                           ;Codigo_Practica6_Parte4.c: 254:                 client_state = 0; pass_index = 0;
   981   000B60  0E00               	movlw	0
   982   000B62  6E56               	movwf	main@client_state^0,c
   983   000B64  0E00               	movlw	0
   984   000B66  6E59               	movwf	main@pass_index^0,c
   985   000B68                     
   986                           ;Codigo_Practica6_Parte4.c: 255:                 LCD_cursor_blink(0);
   987   000B68  0E00               	movlw	0
   988   000B6A  ECEE  F00E         	call	_LCD_cursor_blink
   989   000B6E                     
   990                           ;Codigo_Practica6_Parte4.c: 256:                 LCD_clear(); LCD_set_cursor(1, 1); LCD_
      +                          print("New Password");
   991   000B6E  EC04  F00F         	call	_LCD_clear	;wreg free
   992   000B72  0E01               	movlw	1
   993   000B74  6E05               	movwf	LCD_set_cursor@col^0,c
   994   000B76  0E01               	movlw	1
   995   000B78  EC85  F00E         	call	_LCD_set_cursor
   996   000B7C  0E43               	movlw	low STR_8
   997   000B7E  6E05               	movwf	LCD_print@str^0,c
   998   000B80  ECA4  F00E         	call	_LCD_print	;wreg free
   999   000B84                     
  1000                           ;Codigo_Practica6_Parte4.c: 257:                 LCD_set_cursor(2, 6); LCD_print("set!")
      +                          ;
  1001   000B84  0E06               	movlw	6
  1002   000B86  6E05               	movwf	LCD_set_cursor@col^0,c
  1003   000B88  0E02               	movlw	2
  1004   000B8A  EC85  F00E         	call	_LCD_set_cursor
  1005   000B8E  0E62               	movlw	low STR_9
  1006   000B90  6E05               	movwf	LCD_print@str^0,c
  1007   000B92  ECA4  F00E         	call	_LCD_print	;wreg free
  1008                           
  1009                           ;Codigo_Practica6_Parte4.c: 259:                 for(unsigned char i = 0; i < 5; i++){ _
      +                          delay((unsigned long)((1000)*(48000000/4000.0))); }
  1010   000B96  0E00               	movlw	0
  1011   000B98  6E51               	movwf	main@i_474^0,c
  1012   000B9A  0E04               	movlw	4
  1013   000B9C  6451               	cpfsgt	main@i_474^0,c
  1014   000B9E  EFD3  F005         	goto	u2371
  1015   000BA2  EFD5  F005         	goto	u2370
  1016   000BA6                     u2371:
  1017   000BA6  EFD7  F005         	goto	l2509
  1018   000BAA                     u2370:
  1019   000BAA  EFEB  F005         	goto	l2513
  1020   000BAE                     l2509:
  1021   000BAE  0E3D               	movlw	61
  1022   000BB0  6E45               	movwf	(??_main+1)^0,c
  1023   000BB2  0EE1               	movlw	225
  1024   000BB4  6E44               	movwf	??_main^0,c
  1025   000BB6  0E40               	movlw	64
  1026   000BB8                     u2667:
  1027   000BB8  2EE8               	decfsz	wreg,f,c
  1028   000BBA  D7FE               	bra	u2667
  1029   000BBC  2E44               	decfsz	??_main^0,f,c
  1030   000BBE  D7FC               	bra	u2667
  1031   000BC0  2E45               	decfsz	(??_main+1)^0,f,c
  1032   000BC2  D7FA               	bra	u2667
  1033   000BC4  2A51               	incf	main@i_474^0,f,c
  1034   000BC6  0E04               	movlw	4
  1035   000BC8  6451               	cpfsgt	main@i_474^0,c
  1036   000BCA  EFE9  F005         	goto	u2381
  1037   000BCE  EFEB  F005         	goto	u2380
  1038   000BD2                     u2381:
  1039   000BD2  EFD7  F005         	goto	l2509
  1040   000BD6                     u2380:
  1041   000BD6                     l2513:
  1042                           
  1043                           ;Codigo_Practica6_Parte4.c: 261:                 LCD_clear(); LCD_set_cursor(1, 1); LCD_
      +                          print("Remote Password:");
  1044   000BD6  EC04  F00F         	call	_LCD_clear	;wreg free
  1045   000BDA  0E01               	movlw	1
  1046   000BDC  6E05               	movwf	LCD_set_cursor@col^0,c
  1047   000BDE  0E01               	movlw	1
  1048   000BE0  EC85  F00E         	call	_LCD_set_cursor
  1049   000BE4  0E13               	movlw	low STR_4
  1050   000BE6  6E05               	movwf	LCD_print@str^0,c
  1051   000BE8  ECA4  F00E         	call	_LCD_print	;wreg free
  1052   000BEC                     
  1053                           ;Codigo_Practica6_Parte4.c: 262:                 LCD_set_cursor(2, 1); LCD_cursor_blink(
      +                          1);
  1054   000BEC  0E01               	movlw	1
  1055   000BEE  6E05               	movwf	LCD_set_cursor@col^0,c
  1056   000BF0  0E02               	movlw	2
  1057   000BF2  EC85  F00E         	call	_LCD_set_cursor
  1058   000BF6  0E01               	movlw	1
  1059   000BF8  ECEE  F00E         	call	_LCD_cursor_blink
  1060                           
  1061                           ;Codigo_Practica6_Parte4.c: 263:             }
  1062   000BFC  EF75  F006         	goto	l2553
  1063   000C00                     l2521:
  1064   000C00  0E2F               	movlw	47
  1065   000C02  6458               	cpfsgt	main@data^0,c
  1066   000C04  EF06  F006         	goto	u2391
  1067   000C08  EF08  F006         	goto	u2390
  1068   000C0C                     u2391:
  1069   000C0C  EF75  F006         	goto	l2553
  1070   000C10                     u2390:
  1071   000C10  0E3A               	movlw	58
  1072   000C12  6058               	cpfslt	main@data^0,c
  1073   000C14  EF0E  F006         	goto	u2401
  1074   000C18  EF10  F006         	goto	u2400
  1075   000C1C                     u2401:
  1076   000C1C  EF75  F006         	goto	l2553
  1077   000C20                     u2400:
  1078   000C20                     
  1079                           ;Codigo_Practica6_Parte4.c: 265:                 rx_buffer[rx_index++] = data;
  1080   000C20  5054               	movf	main@rx_index^0,w,c
  1081   000C22  0F4D               	addlw	low main@rx_buffer
  1082   000C24  6ED9               	movwf	fsr2l,c
  1083   000C26  6ADA               	clrf	fsr2h,c
  1084   000C28  C058  FFDF         	movff	main@data,indf2
  1085   000C2C  2A54               	incf	main@rx_index^0,f,c
  1086   000C2E                     
  1087                           ;Codigo_Practica6_Parte4.c: 267:                 if (rx_index == 3) {
  1088   000C2E  0E03               	movlw	3
  1089   000C30  1854               	xorwf	main@rx_index^0,w,c
  1090   000C32  A4D8               	btfss	status,2,c
  1091   000C34  EF1E  F006         	goto	u2411
  1092   000C38  EF20  F006         	goto	u2410
  1093   000C3C                     u2411:
  1094   000C3C  EF75  F006         	goto	l2553
  1095   000C40                     u2410:
  1096   000C40                     
  1097                           ;Codigo_Practica6_Parte4.c: 268:                     rx_index = 0;
  1098   000C40  0E00               	movlw	0
  1099   000C42  6E54               	movwf	main@rx_index^0,c
  1100                           
  1101                           ;Codigo_Practica6_Parte4.c: 270:                     if (server_state == 0) {
  1102   000C44  5052               	movf	main@server_state^0,w,c
  1103   000C46  A4D8               	btfss	status,2,c
  1104   000C48  EF28  F006         	goto	u2421
  1105   000C4C  EF2A  F006         	goto	u2420
  1106   000C50                     u2421:
  1107   000C50  EF57  F006         	goto	l2545
  1108   000C54                     u2420:
  1109   000C54                     
  1110                           ;Codigo_Practica6_Parte4.c: 271:                         if (rx_buffer[0] == EEPROM_Read
      +                          (0) && rx_buffer[1] == EEPROM_Read(1) && rx_buffer[2] == EEPROM_Read(2)) {
  1111   000C54  0E00               	movlw	0
  1112   000C56  EC25  F00F         	call	_EEPROM_Read
  1113   000C5A  184D               	xorwf	main@rx_buffer^0,w,c
  1114   000C5C  A4D8               	btfss	status,2,c
  1115   000C5E  EF33  F006         	goto	u2431
  1116   000C62  EF35  F006         	goto	u2430
  1117   000C66                     u2431:
  1118   000C66  EF52  F006         	goto	l2543
  1119   000C6A                     u2430:
  1120   000C6A  0E01               	movlw	1
  1121   000C6C  EC25  F00F         	call	_EEPROM_Read
  1122   000C70  184E               	xorwf	(main@rx_buffer+1)^0,w,c
  1123   000C72  A4D8               	btfss	status,2,c
  1124   000C74  EF3E  F006         	goto	u2441
  1125   000C78  EF40  F006         	goto	u2440
  1126   000C7C                     u2441:
  1127   000C7C  EF52  F006         	goto	l2543
  1128   000C80                     u2440:
  1129   000C80  0E02               	movlw	2
  1130   000C82  EC25  F00F         	call	_EEPROM_Read
  1131   000C86  184F               	xorwf	(main@rx_buffer+2)^0,w,c
  1132   000C88  A4D8               	btfss	status,2,c
  1133   000C8A  EF49  F006         	goto	u2451
  1134   000C8E  EF4B  F006         	goto	u2450
  1135   000C92                     u2451:
  1136   000C92  EF52  F006         	goto	l2543
  1137   000C96                     u2450:
  1138   000C96                     
  1139                           ;Codigo_Practica6_Parte4.c: 272:                             UART_Write('O');
  1140   000C96  0E4F               	movlw	79
  1141   000C98  EC11  F00F         	call	_UART_Write
  1142   000C9C                     
  1143                           ;Codigo_Practica6_Parte4.c: 273:                             server_state = 1;
  1144   000C9C  0E01               	movlw	1
  1145   000C9E  6E52               	movwf	main@server_state^0,c
  1146                           
  1147                           ;Codigo_Practica6_Parte4.c: 274:                         } else {
  1148   000CA0  EF75  F006         	goto	l2553
  1149   000CA4                     l2543:
  1150                           
  1151                           ;Codigo_Practica6_Parte4.c: 275:                             UART_Write('X');
  1152   000CA4  0E58               	movlw	88
  1153   000CA6  EC11  F00F         	call	_UART_Write
  1154   000CAA  EF75  F006         	goto	l2553
  1155   000CAE                     l2545:
  1156   000CAE  0452               	decf	main@server_state^0,w,c
  1157   000CB0  A4D8               	btfss	status,2,c
  1158   000CB2  EF5D  F006         	goto	u2461
  1159   000CB6  EF5F  F006         	goto	u2460
  1160   000CBA                     u2461:
  1161   000CBA  EF75  F006         	goto	l166
  1162   000CBE                     u2460:
  1163   000CBE                     
  1164                           ;Codigo_Practica6_Parte4.c: 279:                         EEPROM_Write(0, rx_buffer[0]);
  1165   000CBE  C04D  F001         	movff	main@rx_buffer,EEPROM_Write@data
  1166   000CC2  0E00               	movlw	0
  1167   000CC4  ECC0  F00E         	call	_EEPROM_Write
  1168                           
  1169                           ;Codigo_Practica6_Parte4.c: 280:                         EEPROM_Write(1, rx_buffer[1]);
  1170   000CC8  C04E  F001         	movff	main@rx_buffer+1,EEPROM_Write@data
  1171   000CCC  0E01               	movlw	1
  1172   000CCE  ECC0  F00E         	call	_EEPROM_Write
  1173                           
  1174                           ;Codigo_Practica6_Parte4.c: 281:                         EEPROM_Write(2, rx_buffer[2]);
  1175   000CD2  C04F  F001         	movff	main@rx_buffer+2,EEPROM_Write@data
  1176   000CD6  0E02               	movlw	2
  1177   000CD8  ECC0  F00E         	call	_EEPROM_Write
  1178   000CDC                     
  1179                           ;Codigo_Practica6_Parte4.c: 282:                         UART_Write('S');
  1180   000CDC  0E53               	movlw	83
  1181   000CDE  EC11  F00F         	call	_UART_Write
  1182   000CE2                     
  1183                           ;Codigo_Practica6_Parte4.c: 283:                         server_state = 0;
  1184   000CE2  0E00               	movlw	0
  1185   000CE4  6E52               	movwf	main@server_state^0,c
  1186   000CE6  EF75  F006         	goto	l2553
  1187   000CEA                     l166:
  1188   000CEA                     l2553:
  1189                           
  1190                           ;Codigo_Practica6_Parte4.c: 290:         char tecla_actual = teclado();
  1191   000CEA  EC2F  F00C         	call	_teclado	;wreg free
  1192   000CEE  6E55               	movwf	main@tecla_actual^0,c
  1193   000CF0                     
  1194                           ;Codigo_Practica6_Parte4.c: 291:         if (tecla_actual != 255) {
  1195   000CF0  2855               	incf	main@tecla_actual^0,w,c
  1196   000CF2  B4D8               	btfsc	status,2,c
  1197   000CF4  EF7E  F006         	goto	u2471
  1198   000CF8  EF80  F006         	goto	u2470
  1199   000CFC                     u2471:
  1200   000CFC  EF0A  F007         	goto	l2597
  1201   000D00                     u2470:
  1202   000D00                     
  1203                           ;Codigo_Practica6_Parte4.c: 292:             _delay((unsigned long)((30)*(48000000/4000.
      +                          0)));
  1204   000D00  0E02               	movlw	2
  1205   000D02  6E45               	movwf	(??_main+1)^0,c
  1206   000D04  0ED4               	movlw	212
  1207   000D06  6E44               	movwf	??_main^0,c
  1208   000D08  0E85               	movlw	133
  1209   000D0A                     u2677:
  1210   000D0A  2EE8               	decfsz	wreg,f,c
  1211   000D0C  D7FE               	bra	u2677
  1212   000D0E  2E44               	decfsz	??_main^0,f,c
  1213   000D10  D7FC               	bra	u2677
  1214   000D12  2E45               	decfsz	(??_main+1)^0,f,c
  1215   000D14  D7FA               	bra	u2677
  1216   000D16  0000               	nop	
  1217   000D18                     
  1218                           ;Codigo_Practica6_Parte4.c: 293:             if (tecla_actual == teclado()) {
  1219   000D18  EC2F  F00C         	call	_teclado	;wreg free
  1220   000D1C  1855               	xorwf	main@tecla_actual^0,w,c
  1221   000D1E  A4D8               	btfss	status,2,c
  1222   000D20  EF94  F006         	goto	u2481
  1223   000D24  EF96  F006         	goto	u2480
  1224   000D28                     u2481:
  1225   000D28  EF0A  F007         	goto	l2597
  1226   000D2C                     u2480:
  1227   000D2C                     
  1228                           ;Codigo_Practica6_Parte4.c: 294:                 char tecla_ascii = mapear_tecla(tecla_a
      +                          ctual);
  1229   000D2C  5055               	movf	main@tecla_actual^0,w,c
  1230   000D2E  ECD3  F00D         	call	_mapear_tecla
  1231   000D32  6E57               	movwf	main@tecla_ascii^0,c
  1232   000D34                     
  1233                           ;Codigo_Practica6_Parte4.c: 296:                 if (tecla_ascii >= '0' && tecla_ascii <
      +                          = '9') {
  1234   000D34  0E2F               	movlw	47
  1235   000D36  6457               	cpfsgt	main@tecla_ascii^0,c
  1236   000D38  EFA0  F006         	goto	u2491
  1237   000D3C  EFA2  F006         	goto	u2490
  1238   000D40                     u2491:
  1239   000D40  EFC5  F006         	goto	l2577
  1240   000D44                     u2490:
  1241   000D44  0E3A               	movlw	58
  1242   000D46  6057               	cpfslt	main@tecla_ascii^0,c
  1243   000D48  EFA8  F006         	goto	u2501
  1244   000D4C  EFAA  F006         	goto	u2500
  1245   000D50                     u2501:
  1246   000D50  EFC5  F006         	goto	l2577
  1247   000D54                     u2500:
  1248   000D54                     
  1249                           ;Codigo_Practica6_Parte4.c: 297:                     if (pass_index < 3) {
  1250   000D54  0E03               	movlw	3
  1251   000D56  6059               	cpfslt	main@pass_index^0,c
  1252   000D58  EFB0  F006         	goto	u2511
  1253   000D5C  EFB2  F006         	goto	u2510
  1254   000D60                     u2511:
  1255   000D60  EF00  F007         	goto	l2595
  1256   000D64                     u2510:
  1257   000D64                     
  1258                           ;Codigo_Practica6_Parte4.c: 298:                         pass_buffer[pass_index] = tecla
      +                          _ascii;
  1259   000D64  5059               	movf	main@pass_index^0,w,c
  1260   000D66  0F46               	addlw	low main@pass_buffer
  1261   000D68  6ED9               	movwf	fsr2l,c
  1262   000D6A  6ADA               	clrf	fsr2h,c
  1263   000D6C  C057  FFDF         	movff	main@tecla_ascii,indf2
  1264   000D70                     
  1265                           ;Codigo_Practica6_Parte4.c: 299:                         LCD_set_cursor(2, pass_index + 
      +                          1);
  1266   000D70  2859               	incf	main@pass_index^0,w,c
  1267   000D72  6E05               	movwf	LCD_set_cursor@col^0,c
  1268   000D74  0E02               	movlw	2
  1269   000D76  EC85  F00E         	call	_LCD_set_cursor
  1270   000D7A                     
  1271                           ;Codigo_Practica6_Parte4.c: 300:                         Tx_DATO(tecla_ascii, 1);
  1272   000D7A  0E01               	movlw	1
  1273   000D7C  6E01               	movwf	Tx_DATO@is_char^0,c
  1274   000D7E  5057               	movf	main@tecla_ascii^0,w,c
  1275   000D80  EC5D  F00E         	call	_Tx_DATO
  1276   000D84                     
  1277                           ;Codigo_Practica6_Parte4.c: 301:                         pass_index++;
  1278   000D84  2A59               	incf	main@pass_index^0,f,c
  1279   000D86  EF00  F007         	goto	l2595
  1280   000D8A                     l2577:
  1281   000D8A  0E2A               	movlw	42
  1282   000D8C  1857               	xorwf	main@tecla_ascii^0,w,c
  1283   000D8E  A4D8               	btfss	status,2,c
  1284   000D90  EFCC  F006         	goto	u2521
  1285   000D94  EFCE  F006         	goto	u2520
  1286   000D98                     u2521:
  1287   000D98  EFE8  F006         	goto	l2589
  1288   000D9C                     u2520:
  1289   000D9C  5059               	movf	main@pass_index^0,w,c
  1290   000D9E  B4D8               	btfsc	status,2,c
  1291   000DA0  EFD4  F006         	goto	u2531
  1292   000DA4  EFD6  F006         	goto	u2530
  1293   000DA8                     u2531:
  1294   000DA8  EFE8  F006         	goto	l2589
  1295   000DAC                     u2530:
  1296   000DAC                     
  1297                           ;Codigo_Practica6_Parte4.c: 305:                     pass_index--;
  1298   000DAC  0659               	decf	main@pass_index^0,f,c
  1299   000DAE                     
  1300                           ;Codigo_Practica6_Parte4.c: 306:                     LCD_set_cursor(2, pass_index + 1);
  1301   000DAE  2859               	incf	main@pass_index^0,w,c
  1302   000DB0  6E05               	movwf	LCD_set_cursor@col^0,c
  1303   000DB2  0E02               	movlw	2
  1304   000DB4  EC85  F00E         	call	_LCD_set_cursor
  1305   000DB8                     
  1306                           ;Codigo_Practica6_Parte4.c: 307:                     Tx_DATO(' ', 1);
  1307   000DB8  0E01               	movlw	1
  1308   000DBA  6E01               	movwf	Tx_DATO@is_char^0,c
  1309   000DBC  0E20               	movlw	32
  1310   000DBE  EC5D  F00E         	call	_Tx_DATO
  1311   000DC2                     
  1312                           ;Codigo_Practica6_Parte4.c: 308:                     LCD_set_cursor(2, pass_index + 1);
  1313   000DC2  2859               	incf	main@pass_index^0,w,c
  1314   000DC4  6E05               	movwf	LCD_set_cursor@col^0,c
  1315   000DC6  0E02               	movlw	2
  1316   000DC8  EC85  F00E         	call	_LCD_set_cursor
  1317                           
  1318                           ;Codigo_Practica6_Parte4.c: 309:                 }
  1319   000DCC  EF00  F007         	goto	l2595
  1320   000DD0                     l2589:
  1321   000DD0  0E44               	movlw	68
  1322   000DD2  1857               	xorwf	main@tecla_ascii^0,w,c
  1323   000DD4  A4D8               	btfss	status,2,c
  1324   000DD6  EFEF  F006         	goto	u2541
  1325   000DDA  EFF1  F006         	goto	u2540
  1326   000DDE                     u2541:
  1327   000DDE  EF00  F007         	goto	l177
  1328   000DE2                     u2540:
  1329   000DE2  0E03               	movlw	3
  1330   000DE4  1859               	xorwf	main@pass_index^0,w,c
  1331   000DE6  A4D8               	btfss	status,2,c
  1332   000DE8  EFF8  F006         	goto	u2551
  1333   000DEC  EFFA  F006         	goto	u2550
  1334   000DF0                     u2551:
  1335   000DF0  EF00  F007         	goto	l177
  1336   000DF4                     u2550:
  1337   000DF4                     
  1338                           ;Codigo_Practica6_Parte4.c: 311:                     comando_pendiente = 1;
  1339   000DF4  0E01               	movlw	1
  1340   000DF6  6E49               	movwf	main@comando_pendiente^0,c
  1341                           
  1342                           ;Codigo_Practica6_Parte4.c: 312:                     tx_index = 0;
  1343   000DF8  0E00               	movlw	0
  1344   000DFA  6E53               	movwf	main@tx_index^0,c
  1345   000DFC  EF00  F007         	goto	l2595
  1346   000E00                     l177:
  1347   000E00                     l2595:
  1348   000E00  EC2F  F00C         	call	_teclado	;wreg free
  1349   000E04  0AFF               	xorlw	255
  1350   000E06  A4D8               	btfss	status,2,c
  1351   000E08  EF08  F007         	goto	u2561
  1352   000E0C  EF0A  F007         	goto	u2560
  1353   000E10                     u2561:
  1354   000E10  EF00  F007         	goto	l2595
  1355   000E14                     u2560:
  1356   000E14                     l2597:
  1357                           
  1358                           ;Codigo_Practica6_Parte4.c: 320:         if (comando_pendiente == 1) {
  1359   000E14  0449               	decf	main@comando_pendiente^0,w,c
  1360   000E16  A4D8               	btfss	status,2,c
  1361   000E18  EF10  F007         	goto	u2571
  1362   000E1C  EF12  F007         	goto	u2570
  1363   000E20                     u2571:
  1364   000E20  EF21  F005         	goto	l2443
  1365   000E24                     u2570:
  1366   000E24                     
  1367                           ;Codigo_Practica6_Parte4.c: 321:             UART_Write(pass_buffer[tx_index++]);
  1368   000E24  5053               	movf	main@tx_index^0,w,c
  1369   000E26  0F46               	addlw	low main@pass_buffer
  1370   000E28  6ED9               	movwf	fsr2l,c
  1371   000E2A  6ADA               	clrf	fsr2h,c
  1372   000E2C  50DF               	movf	indf2,w,c
  1373   000E2E  EC11  F00F         	call	_UART_Write
  1374   000E32  2A53               	incf	main@tx_index^0,f,c
  1375   000E34                     
  1376                           ;Codigo_Practica6_Parte4.c: 322:             if (tx_index >= 3) {
  1377   000E34  0E02               	movlw	2
  1378   000E36  6453               	cpfsgt	main@tx_index^0,c
  1379   000E38  EF20  F007         	goto	u2581
  1380   000E3C  EF22  F007         	goto	u2580
  1381   000E40                     u2581:
  1382   000E40  EF21  F005         	goto	l2443
  1383   000E44                     u2580:
  1384   000E44                     
  1385                           ;Codigo_Practica6_Parte4.c: 323:                 comando_pendiente = 0;
  1386   000E44  0E00               	movlw	0
  1387   000E46  6E49               	movwf	main@comando_pendiente^0,c
  1388   000E48  EF21  F005         	goto	l2443
  1389   000E4C  EF00  F000         	goto	start
  1390   000E50                     __end_of_main:
  1391                           	callstack 0
  1392                           
  1393 ;; *************** function _teclado *****************
  1394 ;; Defined at:
  1395 ;;		line 164 in file "Codigo_Practica6_Parte4.c"
  1396 ;; Parameters:    Size  Location     Type
  1397 ;;		None
  1398 ;; Auto vars:     Size  Location     Type
  1399 ;;		None
  1400 ;; Return value:  Size  Location     Type
  1401 ;;                  1    wreg      unsigned char 
  1402 ;; Registers used:
  1403 ;;		wreg, status,2, status,0
  1404 ;; Tracked objects:
  1405 ;;		On entry : 0/0
  1406 ;;		On exit  : 0/0
  1407 ;;		Unchanged: 0/0
  1408 ;; Data sizes:     COMRAM   BANK0   BANK1   BANK2   BANK3   BANK4   BANK5   BANK6   BANK7
  1409 ;;      Params:         0       0       0       0       0       0       0       0       0
  1410 ;;      Locals:         0       0       0       0       0       0       0       0       0
  1411 ;;      Temps:          2       0       0       0       0       0       0       0       0
  1412 ;;      Totals:         2       0       0       0       0       0       0       0       0
  1413 ;;Total ram usage:        2 bytes
  1414 ;; Hardware stack levels used: 1
  1415 ;; This function calls:
  1416 ;;		Nothing
  1417 ;; This function is called by:
  1418 ;;		_main
  1419 ;; This function uses a non-reentrant model
  1420 ;;
  1421                           
  1422                           	psect	text1
  1423   00185E                     __ptext1:
  1424                           	callstack 0
  1425   00185E                     _teclado:
  1426                           	callstack 30
  1427   00185E                     
  1428                           ;Codigo_Practica6_Parte4.c: 165:     LATB = 0b01110000; _delay((unsigned long)((5)*(4800
      +                          0000/4000000.0)));
  1429   00185E  0E70               	movlw	112
  1430   001860  6E8A               	movwf	138,c	;volatile
  1431   001862  0E14               	movlw	20
  1432   001864                     u2687:
  1433   001864  2EE8               	decfsz	wreg,f,c
  1434   001866  D7FE               	bra	u2687
  1435                           
  1436                           ;Codigo_Practica6_Parte4.c: 166:     switch(PORTB) { case 0b01110111: return 1; case 0b0
      +                          1111011: return 2; case 0b01111101: return 3; case 0b01111110: return 10; }
  1437   001868  EF42  F00C         	goto	l1441
  1438   00186C                     l1423:
  1439   00186C  0E01               	movlw	1
  1440   00186E  EFF0  F00C         	goto	l112
  1441   001872                     l1427:
  1442   001872  0E02               	movlw	2
  1443   001874  EFF0  F00C         	goto	l112
  1444   001878                     l1431:
  1445   001878  0E03               	movlw	3
  1446   00187A  EFF0  F00C         	goto	l112
  1447   00187E                     l1435:
  1448   00187E  0E0A               	movlw	10
  1449   001880  EFF0  F00C         	goto	l112
  1450   001884                     l1441:
  1451   001884  5081               	movf	129,w,c	;volatile
  1452   001886  6E01               	movwf	??_teclado^0,c
  1453   001888  6A02               	clrf	(??_teclado+1)^0,c
  1454                           
  1455                           ; Switch on 2 bytes has been partitioned into a top level switch of size 1, and 1 sub-sw
      +                          itches
  1456                           ; Switch size 1, requested type "simple"
  1457                           ; Number of cases is 1, Range of values is 0 to 0
  1458                           ; switch strategies available:
  1459                           ; Name         Instructions Cycles
  1460                           ; simple_byte            4     3 (average)
  1461                           ;	Chosen strategy is simple_byte
  1462   00188A  5002               	movf	(??_teclado+1)^0,w,c
  1463   00188C  0A00               	xorlw	0	; case 0
  1464   00188E  B4D8               	btfsc	status,2,c
  1465   001890  EF4C  F00C         	goto	l2623
  1466   001894  EF5F  F00C         	goto	l1443
  1467   001898                     l2623:
  1468                           
  1469                           ; Switch size 1, requested type "simple"
  1470                           ; Number of cases is 4, Range of values is 119 to 126
  1471                           ; switch strategies available:
  1472                           ; Name         Instructions Cycles
  1473                           ; simple_byte           13     7 (average)
  1474                           ;	Chosen strategy is simple_byte
  1475   001898  5001               	movf	??_teclado^0,w,c
  1476   00189A  0A77               	xorlw	119	; case 119
  1477   00189C  B4D8               	btfsc	status,2,c
  1478   00189E  EF36  F00C         	goto	l1423
  1479   0018A2  0A0C               	xorlw	12	; case 123
  1480   0018A4  B4D8               	btfsc	status,2,c
  1481   0018A6  EF39  F00C         	goto	l1427
  1482   0018AA  0A06               	xorlw	6	; case 125
  1483   0018AC  B4D8               	btfsc	status,2,c
  1484   0018AE  EF3C  F00C         	goto	l1431
  1485   0018B2  0A03               	xorlw	3	; case 126
  1486   0018B4  B4D8               	btfsc	status,2,c
  1487   0018B6  EF3F  F00C         	goto	l1435
  1488   0018BA  EF5F  F00C         	goto	l1443
  1489   0018BE                     l1443:
  1490                           
  1491                           ;Codigo_Practica6_Parte4.c: 167:     LATB = 0b10110000; _delay((unsigned long)((5)*(4800
      +                          0000/4000000.0)));
  1492   0018BE  0EB0               	movlw	176
  1493   0018C0  6E8A               	movwf	138,c	;volatile
  1494   0018C2  0E14               	movlw	20
  1495   0018C4                     u2697:
  1496   0018C4  2EE8               	decfsz	wreg,f,c
  1497   0018C6  D7FE               	bra	u2697
  1498                           
  1499                           ;Codigo_Practica6_Parte4.c: 168:     switch(PORTB) { case 0b10110111: return 4; case 0b1
      +                          0111011: return 5; case 0b10111101: return 6; case 0b10111110: return 11; }
  1500   0018C8  EF72  F00C         	goto	l1465
  1501   0018CC                     l1447:
  1502   0018CC  0E04               	movlw	4
  1503   0018CE  EFF0  F00C         	goto	l112
  1504   0018D2                     l1451:
  1505   0018D2  0E05               	movlw	5
  1506   0018D4  EFF0  F00C         	goto	l112
  1507   0018D8                     l1455:
  1508   0018D8  0E06               	movlw	6
  1509   0018DA  EFF0  F00C         	goto	l112
  1510   0018DE                     l1459:
  1511   0018DE  0E0B               	movlw	11
  1512   0018E0  EFF0  F00C         	goto	l112
  1513   0018E4                     l1465:
  1514   0018E4  5081               	movf	129,w,c	;volatile
  1515   0018E6  6E01               	movwf	??_teclado^0,c
  1516   0018E8  6A02               	clrf	(??_teclado+1)^0,c
  1517                           
  1518                           ; Switch on 2 bytes has been partitioned into a top level switch of size 1, and 1 sub-sw
      +                          itches
  1519                           ; Switch size 1, requested type "simple"
  1520                           ; Number of cases is 1, Range of values is 0 to 0
  1521                           ; switch strategies available:
  1522                           ; Name         Instructions Cycles
  1523                           ; simple_byte            4     3 (average)
  1524                           ;	Chosen strategy is simple_byte
  1525   0018EA  5002               	movf	(??_teclado+1)^0,w,c
  1526   0018EC  0A00               	xorlw	0	; case 0
  1527   0018EE  B4D8               	btfsc	status,2,c
  1528   0018F0  EF7C  F00C         	goto	l2625
  1529   0018F4  EF8F  F00C         	goto	l1467
  1530   0018F8                     l2625:
  1531                           
  1532                           ; Switch size 1, requested type "simple"
  1533                           ; Number of cases is 4, Range of values is 183 to 190
  1534                           ; switch strategies available:
  1535                           ; Name         Instructions Cycles
  1536                           ; simple_byte           13     7 (average)
  1537                           ;	Chosen strategy is simple_byte
  1538   0018F8  5001               	movf	??_teclado^0,w,c
  1539   0018FA  0AB7               	xorlw	183	; case 183
  1540   0018FC  B4D8               	btfsc	status,2,c
  1541   0018FE  EF66  F00C         	goto	l1447
  1542   001902  0A0C               	xorlw	12	; case 187
  1543   001904  B4D8               	btfsc	status,2,c
  1544   001906  EF69  F00C         	goto	l1451
  1545   00190A  0A06               	xorlw	6	; case 189
  1546   00190C  B4D8               	btfsc	status,2,c
  1547   00190E  EF6C  F00C         	goto	l1455
  1548   001912  0A03               	xorlw	3	; case 190
  1549   001914  B4D8               	btfsc	status,2,c
  1550   001916  EF6F  F00C         	goto	l1459
  1551   00191A  EF8F  F00C         	goto	l1467
  1552   00191E                     l1467:
  1553                           
  1554                           ;Codigo_Practica6_Parte4.c: 169:     LATB = 0b11010000; _delay((unsigned long)((5)*(4800
      +                          0000/4000000.0)));
  1555   00191E  0ED0               	movlw	208
  1556   001920  6E8A               	movwf	138,c	;volatile
  1557   001922  0E14               	movlw	20
  1558   001924                     u2707:
  1559   001924  2EE8               	decfsz	wreg,f,c
  1560   001926  D7FE               	bra	u2707
  1561                           
  1562                           ;Codigo_Practica6_Parte4.c: 170:     switch(PORTB) { case 0b11010111: return 7; case 0b1
      +                          1011011: return 8; case 0b11011101: return 9; case 0b11011110: return 12; }
  1563   001928  EFA2  F00C         	goto	l1489
  1564   00192C                     l1471:
  1565   00192C  0E07               	movlw	7
  1566   00192E  EFF0  F00C         	goto	l112
  1567   001932                     l1475:
  1568   001932  0E08               	movlw	8
  1569   001934  EFF0  F00C         	goto	l112
  1570   001938                     l1479:
  1571   001938  0E09               	movlw	9
  1572   00193A  EFF0  F00C         	goto	l112
  1573   00193E                     l1483:
  1574   00193E  0E0C               	movlw	12
  1575   001940  EFF0  F00C         	goto	l112
  1576   001944                     l1489:
  1577   001944  5081               	movf	129,w,c	;volatile
  1578   001946  6E01               	movwf	??_teclado^0,c
  1579   001948  6A02               	clrf	(??_teclado+1)^0,c
  1580                           
  1581                           ; Switch on 2 bytes has been partitioned into a top level switch of size 1, and 1 sub-sw
      +                          itches
  1582                           ; Switch size 1, requested type "simple"
  1583                           ; Number of cases is 1, Range of values is 0 to 0
  1584                           ; switch strategies available:
  1585                           ; Name         Instructions Cycles
  1586                           ; simple_byte            4     3 (average)
  1587                           ;	Chosen strategy is simple_byte
  1588   00194A  5002               	movf	(??_teclado+1)^0,w,c
  1589   00194C  0A00               	xorlw	0	; case 0
  1590   00194E  B4D8               	btfsc	status,2,c
  1591   001950  EFAC  F00C         	goto	l2627
  1592   001954  EFBF  F00C         	goto	l1491
  1593   001958                     l2627:
  1594                           
  1595                           ; Switch size 1, requested type "simple"
  1596                           ; Number of cases is 4, Range of values is 215 to 222
  1597                           ; switch strategies available:
  1598                           ; Name         Instructions Cycles
  1599                           ; simple_byte           13     7 (average)
  1600                           ;	Chosen strategy is simple_byte
  1601   001958  5001               	movf	??_teclado^0,w,c
  1602   00195A  0AD7               	xorlw	215	; case 215
  1603   00195C  B4D8               	btfsc	status,2,c
  1604   00195E  EF96  F00C         	goto	l1471
  1605   001962  0A0C               	xorlw	12	; case 219
  1606   001964  B4D8               	btfsc	status,2,c
  1607   001966  EF99  F00C         	goto	l1475
  1608   00196A  0A06               	xorlw	6	; case 221
  1609   00196C  B4D8               	btfsc	status,2,c
  1610   00196E  EF9C  F00C         	goto	l1479
  1611   001972  0A03               	xorlw	3	; case 222
  1612   001974  B4D8               	btfsc	status,2,c
  1613   001976  EF9F  F00C         	goto	l1483
  1614   00197A  EFBF  F00C         	goto	l1491
  1615   00197E                     l1491:
  1616                           
  1617                           ;Codigo_Practica6_Parte4.c: 171:     LATB = 0b11100000; _delay((unsigned long)((5)*(4800
      +                          0000/4000000.0)));
  1618   00197E  0EE0               	movlw	224
  1619   001980  6E8A               	movwf	138,c	;volatile
  1620   001982  0E14               	movlw	20
  1621   001984                     u2717:
  1622   001984  2EE8               	decfsz	wreg,f,c
  1623   001986  D7FE               	bra	u2717
  1624                           
  1625                           ;Codigo_Practica6_Parte4.c: 172:     switch(PORTB) { case 0b11100111: return 14; case 0b
      +                          11101011: return 0; case 0b11101101: return 15; case 0b11101110: return 13; }
  1626   001988  EFD2  F00C         	goto	l1513
  1627   00198C                     l1495:
  1628   00198C  0E0E               	movlw	14
  1629   00198E  EFF0  F00C         	goto	l112
  1630   001992                     l1499:
  1631   001992  0E00               	movlw	0
  1632   001994  EFF0  F00C         	goto	l112
  1633   001998                     l1503:
  1634   001998  0E0F               	movlw	15
  1635   00199A  EFF0  F00C         	goto	l112
  1636   00199E                     l1507:
  1637   00199E  0E0D               	movlw	13
  1638   0019A0  EFF0  F00C         	goto	l112
  1639   0019A4                     l1513:
  1640   0019A4  5081               	movf	129,w,c	;volatile
  1641   0019A6  6E01               	movwf	??_teclado^0,c
  1642   0019A8  6A02               	clrf	(??_teclado+1)^0,c
  1643                           
  1644                           ; Switch on 2 bytes has been partitioned into a top level switch of size 1, and 1 sub-sw
      +                          itches
  1645                           ; Switch size 1, requested type "simple"
  1646                           ; Number of cases is 1, Range of values is 0 to 0
  1647                           ; switch strategies available:
  1648                           ; Name         Instructions Cycles
  1649                           ; simple_byte            4     3 (average)
  1650                           ;	Chosen strategy is simple_byte
  1651   0019AA  5002               	movf	(??_teclado+1)^0,w,c
  1652   0019AC  0A00               	xorlw	0	; case 0
  1653   0019AE  B4D8               	btfsc	status,2,c
  1654   0019B0  EFDC  F00C         	goto	l2629
  1655   0019B4  EFEF  F00C         	goto	l1515
  1656   0019B8                     l2629:
  1657                           
  1658                           ; Switch size 1, requested type "simple"
  1659                           ; Number of cases is 4, Range of values is 231 to 238
  1660                           ; switch strategies available:
  1661                           ; Name         Instructions Cycles
  1662                           ; simple_byte           13     7 (average)
  1663                           ;	Chosen strategy is simple_byte
  1664   0019B8  5001               	movf	??_teclado^0,w,c
  1665   0019BA  0AE7               	xorlw	231	; case 231
  1666   0019BC  B4D8               	btfsc	status,2,c
  1667   0019BE  EFC6  F00C         	goto	l1495
  1668   0019C2  0A0C               	xorlw	12	; case 235
  1669   0019C4  B4D8               	btfsc	status,2,c
  1670   0019C6  EFC9  F00C         	goto	l1499
  1671   0019CA  0A06               	xorlw	6	; case 237
  1672   0019CC  B4D8               	btfsc	status,2,c
  1673   0019CE  EFCC  F00C         	goto	l1503
  1674   0019D2  0A03               	xorlw	3	; case 238
  1675   0019D4  B4D8               	btfsc	status,2,c
  1676   0019D6  EFCF  F00C         	goto	l1507
  1677   0019DA  EFEF  F00C         	goto	l1515
  1678   0019DE                     l1515:
  1679                           
  1680                           ;Codigo_Practica6_Parte4.c: 173:     return 255;
  1681   0019DE  0EFF               	movlw	255
  1682   0019E0                     l112:
  1683   0019E0  0012               	return		;funcret
  1684   0019E2                     __end_of_teclado:
  1685                           	callstack 0
  1686                           
  1687 ;; *************** function _mapear_tecla *****************
  1688 ;; Defined at:
  1689 ;;		line 176 in file "Codigo_Practica6_Parte4.c"
  1690 ;; Parameters:    Size  Location     Type
  1691 ;;  valor           1    wreg     unsigned char 
  1692 ;; Auto vars:     Size  Location     Type
  1693 ;;  valor           1    0[COMRAM] unsigned char 
  1694 ;; Return value:  Size  Location     Type
  1695 ;;                  1    wreg      unsigned char 
  1696 ;; Registers used:
  1697 ;;		wreg, status,2, status,0
  1698 ;; Tracked objects:
  1699 ;;		On entry : 0/0
  1700 ;;		On exit  : 0/0
  1701 ;;		Unchanged: 0/0
  1702 ;; Data sizes:     COMRAM   BANK0   BANK1   BANK2   BANK3   BANK4   BANK5   BANK6   BANK7
  1703 ;;      Params:         0       0       0       0       0       0       0       0       0
  1704 ;;      Locals:         1       0       0       0       0       0       0       0       0
  1705 ;;      Temps:          0       0       0       0       0       0       0       0       0
  1706 ;;      Totals:         1       0       0       0       0       0       0       0       0
  1707 ;;Total ram usage:        1 bytes
  1708 ;; Hardware stack levels used: 1
  1709 ;; This function calls:
  1710 ;;		Nothing
  1711 ;; This function is called by:
  1712 ;;		_main
  1713 ;; This function uses a non-reentrant model
  1714 ;;
  1715                           
  1716                           	psect	text2
  1717   001BA6                     __ptext2:
  1718                           	callstack 0
  1719   001BA6                     _mapear_tecla:
  1720                           	callstack 30
  1721                           
  1722                           ;incstack = 0
  1723                           ;mapear_tecla@valor stored from wreg
  1724   001BA6  6E01               	movwf	mapear_tecla@valor^0,c
  1725   001BA8                     
  1726                           ;Codigo_Practica6_Parte4.c: 177:     if (valor <= 9) return valor + '0';
  1727   001BA8  0E0A               	movlw	10
  1728   001BAA  6001               	cpfslt	mapear_tecla@valor^0,c
  1729   001BAC  EFDA  F00D         	goto	u911
  1730   001BB0  EFDC  F00D         	goto	u910
  1731   001BB4                     u911:
  1732   001BB4  EFE0  F00D         	goto	l1541
  1733   001BB8                     u910:
  1734   001BB8  5001               	movf	mapear_tecla@valor^0,w,c
  1735   001BBA  0F30               	addlw	48
  1736   001BBC  EF29  F00E         	goto	l138
  1737   001BC0                     l1541:
  1738                           
  1739                           ;Codigo_Practica6_Parte4.c: 178:     if (valor == 10) return 'A'; if (valor == 11) retur
      +                          n 'B';
  1740   001BC0  0E0A               	movlw	10
  1741   001BC2  1801               	xorwf	mapear_tecla@valor^0,w,c
  1742   001BC4  A4D8               	btfss	status,2,c
  1743   001BC6  EFE7  F00D         	goto	u921
  1744   001BCA  EFE9  F00D         	goto	u920
  1745   001BCE                     u921:
  1746   001BCE  EFEC  F00D         	goto	l1547
  1747   001BD2                     u920:
  1748   001BD2  0E41               	movlw	65
  1749   001BD4  EF29  F00E         	goto	l138
  1750   001BD8                     l1547:
  1751   001BD8  0E0B               	movlw	11
  1752   001BDA  1801               	xorwf	mapear_tecla@valor^0,w,c
  1753   001BDC  A4D8               	btfss	status,2,c
  1754   001BDE  EFF3  F00D         	goto	u931
  1755   001BE2  EFF5  F00D         	goto	u930
  1756   001BE6                     u931:
  1757   001BE6  EFF8  F00D         	goto	l1553
  1758   001BEA                     u930:
  1759   001BEA  0E42               	movlw	66
  1760   001BEC  EF29  F00E         	goto	l138
  1761   001BF0                     l1553:
  1762                           
  1763                           ;Codigo_Practica6_Parte4.c: 179:     if (valor == 12) return 'C'; if (valor == 13) retur
      +                          n 'D';
  1764   001BF0  0E0C               	movlw	12
  1765   001BF2  1801               	xorwf	mapear_tecla@valor^0,w,c
  1766   001BF4  A4D8               	btfss	status,2,c
  1767   001BF6  EFFF  F00D         	goto	u941
  1768   001BFA  EF01  F00E         	goto	u940
  1769   001BFE                     u941:
  1770   001BFE  EF04  F00E         	goto	l1559
  1771   001C02                     u940:
  1772   001C02  0E43               	movlw	67
  1773   001C04  EF29  F00E         	goto	l138
  1774   001C08                     l1559:
  1775   001C08  0E0D               	movlw	13
  1776   001C0A  1801               	xorwf	mapear_tecla@valor^0,w,c
  1777   001C0C  A4D8               	btfss	status,2,c
  1778   001C0E  EF0B  F00E         	goto	u951
  1779   001C12  EF0D  F00E         	goto	u950
  1780   001C16                     u951:
  1781   001C16  EF10  F00E         	goto	l1565
  1782   001C1A                     u950:
  1783   001C1A  0E44               	movlw	68
  1784   001C1C  EF29  F00E         	goto	l138
  1785   001C20                     l1565:
  1786                           
  1787                           ;Codigo_Practica6_Parte4.c: 180:     if (valor == 14) return '*'; if (valor == 15) retur
      +                          n '#';
  1788   001C20  0E0E               	movlw	14
  1789   001C22  1801               	xorwf	mapear_tecla@valor^0,w,c
  1790   001C24  A4D8               	btfss	status,2,c
  1791   001C26  EF17  F00E         	goto	u961
  1792   001C2A  EF19  F00E         	goto	u960
  1793   001C2E                     u961:
  1794   001C2E  EF1C  F00E         	goto	l1571
  1795   001C32                     u960:
  1796   001C32  0E2A               	movlw	42
  1797   001C34  EF29  F00E         	goto	l138
  1798   001C38                     l1571:
  1799   001C38  0E0F               	movlw	15
  1800   001C3A  1801               	xorwf	mapear_tecla@valor^0,w,c
  1801   001C3C  A4D8               	btfss	status,2,c
  1802   001C3E  EF23  F00E         	goto	u971
  1803   001C42  EF25  F00E         	goto	u970
  1804   001C46                     u971:
  1805   001C46  EF28  F00E         	goto	l1577
  1806   001C4A                     u970:
  1807   001C4A  0E23               	movlw	35
  1808   001C4C  EF29  F00E         	goto	l138
  1809   001C50                     l1577:
  1810                           
  1811                           ;Codigo_Practica6_Parte4.c: 181:     return '?';
  1812   001C50  0E3F               	movlw	63
  1813   001C52                     l138:
  1814   001C52  0012               	return		;funcret
  1815   001C54                     __end_of_mapear_tecla:
  1816                           	callstack 0
  1817                           
  1818 ;; *************** function _USART_Read *****************
  1819 ;; Defined at:
  1820 ;;		line 119 in file "Codigo_Practica6_Parte4.c"
  1821 ;; Parameters:    Size  Location     Type
  1822 ;;		None
  1823 ;; Auto vars:     Size  Location     Type
  1824 ;;		None
  1825 ;; Return value:  Size  Location     Type
  1826 ;;                  1    wreg      unsigned char 
  1827 ;; Registers used:
  1828 ;;		wreg, status,2
  1829 ;; Tracked objects:
  1830 ;;		On entry : 0/0
  1831 ;;		On exit  : 0/0
  1832 ;;		Unchanged: 0/0
  1833 ;; Data sizes:     COMRAM   BANK0   BANK1   BANK2   BANK3   BANK4   BANK5   BANK6   BANK7
  1834 ;;      Params:         0       0       0       0       0       0       0       0       0
  1835 ;;      Locals:         0       0       0       0       0       0       0       0       0
  1836 ;;      Temps:          0       0       0       0       0       0       0       0       0
  1837 ;;      Totals:         0       0       0       0       0       0       0       0       0
  1838 ;;Total ram usage:        0 bytes
  1839 ;; Hardware stack levels used: 1
  1840 ;; This function calls:
  1841 ;;		Nothing
  1842 ;; This function is called by:
  1843 ;;		_main
  1844 ;; This function uses a non-reentrant model
  1845 ;;
  1846                           
  1847                           	psect	text3
  1848   001DB0                     __ptext3:
  1849                           	callstack 0
  1850   001DB0                     _USART_Read:
  1851                           	callstack 30
  1852   001DB0                     l73:
  1853   001DB0  AA9E               	btfss	3998,5,c	;volatile
  1854   001DB2  EFDD  F00E         	goto	u861
  1855   001DB6  EFDF  F00E         	goto	u860
  1856   001DBA                     u861:
  1857   001DBA  EFD8  F00E         	goto	l73
  1858   001DBE                     u860:
  1859   001DBE                     
  1860                           ;Codigo_Practica6_Parte4.c: 121:     if(RCSTAbits.OERR){
  1861   001DBE  A2AB               	btfss	171,1,c	;volatile
  1862   001DC0  EFE4  F00E         	goto	u871
  1863   001DC4  EFE6  F00E         	goto	u870
  1864   001DC8                     u871:
  1865   001DC8  EFEC  F00E         	goto	l1371
  1866   001DCC                     u870:
  1867   001DCC                     
  1868                           ;Codigo_Practica6_Parte4.c: 122:         CREN = 0; __nop(); CREN = 1;
  1869   001DCC  98AB               	bcf	4011,4,c	;volatile
  1870   001DCE  0000               	nop	
  1871   001DD0  88AB               	bsf	4011,4,c	;volatile
  1872   001DD2                     
  1873                           ;Codigo_Practica6_Parte4.c: 123:         return 255;
  1874   001DD2  0EFF               	movlw	255
  1875   001DD4  EFED  F00E         	goto	l77
  1876   001DD8                     l1371:
  1877                           
  1878                           ;Codigo_Practica6_Parte4.c: 125:     return(RCREG);
  1879   001DD8  50AE               	movf	174,w,c	;volatile
  1880   001DDA                     l77:
  1881   001DDA  0012               	return		;funcret
  1882   001DDC                     __end_of_USART_Read:
  1883                           	callstack 0
  1884                           
  1885 ;; *************** function _UART_Write *****************
  1886 ;; Defined at:
  1887 ;;		line 114 in file "Codigo_Practica6_Parte4.c"
  1888 ;; Parameters:    Size  Location     Type
  1889 ;;  data            1    wreg     unsigned char 
  1890 ;; Auto vars:     Size  Location     Type
  1891 ;;  data            1    0[COMRAM] unsigned char 
  1892 ;; Return value:  Size  Location     Type
  1893 ;;                  1    wreg      void 
  1894 ;; Registers used:
  1895 ;;		wreg
  1896 ;; Tracked objects:
  1897 ;;		On entry : 0/0
  1898 ;;		On exit  : 0/0
  1899 ;;		Unchanged: 0/0
  1900 ;; Data sizes:     COMRAM   BANK0   BANK1   BANK2   BANK3   BANK4   BANK5   BANK6   BANK7
  1901 ;;      Params:         0       0       0       0       0       0       0       0       0
  1902 ;;      Locals:         1       0       0       0       0       0       0       0       0
  1903 ;;      Temps:          0       0       0       0       0       0       0       0       0
  1904 ;;      Totals:         1       0       0       0       0       0       0       0       0
  1905 ;;Total ram usage:        1 bytes
  1906 ;; Hardware stack levels used: 1
  1907 ;; This function calls:
  1908 ;;		Nothing
  1909 ;; This function is called by:
  1910 ;;		_main
  1911 ;; This function uses a non-reentrant model
  1912 ;;
  1913                           
  1914                           	psect	text4
  1915   001E22                     __ptext4:
  1916                           	callstack 0
  1917   001E22                     _UART_Write:
  1918                           	callstack 30
  1919                           
  1920                           ;incstack = 0
  1921                           ;UART_Write@data stored from wreg
  1922   001E22  6E01               	movwf	UART_Write@data^0,c
  1923   001E24                     
  1924                           ;Codigo_Practica6_Parte4.c: 115:     TXREG = data;
  1925   001E24  C001  FFAD         	movff	UART_Write@data,4013	;volatile
  1926   001E28                     l67:
  1927   001E28  A2AC               	btfss	4012,1,c	;volatile
  1928   001E2A  EF19  F00F         	goto	u851
  1929   001E2E  EF1B  F00F         	goto	u850
  1930   001E32                     u851:
  1931   001E32  EF14  F00F         	goto	l67
  1932   001E36                     u850:
  1933   001E36  0012               	return		;funcret
  1934   001E38                     __end_of_UART_Write:
  1935                           	callstack 0
  1936                           
  1937 ;; *************** function _UART_Initial *****************
  1938 ;; Defined at:
  1939 ;;		line 104 in file "Codigo_Practica6_Parte4.c"
  1940 ;; Parameters:    Size  Location     Type
  1941 ;;  baud_rate       4   55[COMRAM] long 
  1942 ;; Auto vars:     Size  Location     Type
  1943 ;;  bps             4   63[COMRAM] float 
  1944 ;; Return value:  Size  Location     Type
  1945 ;;                  1    wreg      void 
  1946 ;; Registers used:
  1947 ;;		wreg, status,2, status,0, cstack
  1948 ;; Tracked objects:
  1949 ;;		On entry : 0/0
  1950 ;;		On exit  : 0/0
  1951 ;;		Unchanged: 0/0
  1952 ;; Data sizes:     COMRAM   BANK0   BANK1   BANK2   BANK3   BANK4   BANK5   BANK6   BANK7
  1953 ;;      Params:         4       0       0       0       0       0       0       0       0
  1954 ;;      Locals:         4       0       0       0       0       0       0       0       0
  1955 ;;      Temps:          4       0       0       0       0       0       0       0       0
  1956 ;;      Totals:        12       0       0       0       0       0       0       0       0
  1957 ;;Total ram usage:       12 bytes
  1958 ;; Hardware stack levels used: 1
  1959 ;; Hardware stack levels required when called: 1
  1960 ;; This function calls:
  1961 ;;		___fladd
  1962 ;;		___fldiv
  1963 ;;		___fltol
  1964 ;;		___xxtofl
  1965 ;; This function is called by:
  1966 ;;		_main
  1967 ;; This function uses a non-reentrant model
  1968 ;;
  1969                           
  1970                           	psect	text5
  1971   001AE8                     __ptext5:
  1972                           	callstack 0
  1973   001AE8                     _UART_Initial:
  1974                           	callstack 29
  1975   001AE8                     
  1976                           ;Codigo_Practica6_Parte4.c: 105:     float bps;;Codigo_Practica6_Parte4.c: 106:     TRIS
      +                          Cbits.RC6=1; TRISCbits.RC7=1;
  1977   001AE8  8C94               	bsf	148,6,c	;volatile
  1978   001AEA  8E94               	bsf	148,7,c	;volatile
  1979   001AEC                     
  1980                           ;Codigo_Practica6_Parte4.c: 107:     bps = (( (float) 48000000 / (float) (64*baud_rate))
      +                           - 1);
  1981   001AEC  C038  F03C         	movff	UART_Initial@baud_rate,??_UART_Initial
  1982   001AF0  C039  F03D         	movff	UART_Initial@baud_rate+1,??_UART_Initial+1
  1983   001AF4  C03A  F03E         	movff	UART_Initial@baud_rate+2,??_UART_Initial+2
  1984   001AF8  C03B  F03F         	movff	UART_Initial@baud_rate+3,??_UART_Initial+3
  1985   001AFC  0E06               	movlw	6
  1986   001AFE                     u2185:
  1987   001AFE  90D8               	bcf	status,0,c
  1988   001B00  363C               	rlcf	??_UART_Initial^0,f,c
  1989   001B02  363D               	rlcf	(??_UART_Initial+1)^0,f,c
  1990   001B04  363E               	rlcf	(??_UART_Initial+2)^0,f,c
  1991   001B06  363F               	rlcf	(??_UART_Initial+3)^0,f,c
  1992   001B08  2EE8               	decfsz	wreg,f,c
  1993   001B0A  EF7F  F00D         	goto	u2185
  1994   001B0E  C03C  F001         	movff	??_UART_Initial,___xxtofl@val
  1995   001B12  C03D  F002         	movff	??_UART_Initial+1,___xxtofl@val+1
  1996   001B16  C03E  F003         	movff	??_UART_Initial+2,___xxtofl@val+2
  1997   001B1A  C03F  F004         	movff	??_UART_Initial+3,___xxtofl@val+3
  1998   001B1E  0E01               	movlw	1
  1999   001B20  EC55  F00B         	call	___xxtofl
  2000   001B24  C001  F013         	movff	?___xxtofl,___fldiv@a
  2001   001B28  C002  F014         	movff	?___xxtofl+1,___fldiv@a+1
  2002   001B2C  C003  F015         	movff	?___xxtofl+2,___fldiv@a+2
  2003   001B30  C004  F016         	movff	?___xxtofl+3,___fldiv@a+3
  2004   001B34  0E00               	movlw	0
  2005   001B36  6E0F               	movwf	___fldiv@b^0,c
  2006   001B38  0E1B               	movlw	27
  2007   001B3A  6E10               	movwf	(___fldiv@b+1)^0,c
  2008   001B3C  0E37               	movlw	55
  2009   001B3E  6E11               	movwf	(___fldiv@b+2)^0,c
  2010   001B40  0E4C               	movlw	76
  2011   001B42  6E12               	movwf	(___fldiv@b+3)^0,c
  2012   001B44  EC88  F009         	call	___fldiv	;wreg free
  2013   001B48  C00F  F028         	movff	?___fldiv,___fladd@b
  2014   001B4C  C010  F029         	movff	?___fldiv+1,___fladd@b+1
  2015   001B50  C011  F02A         	movff	?___fldiv+2,___fladd@b+2
  2016   001B54  C012  F02B         	movff	?___fldiv+3,___fladd@b+3
  2017   001B58  0E00               	movlw	0
  2018   001B5A  6E2C               	movwf	___fladd@a^0,c
  2019   001B5C  0E00               	movlw	0
  2020   001B5E  6E2D               	movwf	(___fladd@a+1)^0,c
  2021   001B60  0E80               	movlw	128
  2022   001B62  6E2E               	movwf	(___fladd@a+2)^0,c
  2023   001B64  0EBF               	movlw	191
  2024   001B66  6E2F               	movwf	(___fladd@a+3)^0,c
  2025   001B68  EC28  F007         	call	___fladd	;wreg free
  2026   001B6C  C028  F040         	movff	?___fladd,UART_Initial@bps
  2027   001B70  C029  F041         	movff	?___fladd+1,UART_Initial@bps+1
  2028   001B74  C02A  F042         	movff	?___fladd+2,UART_Initial@bps+2
  2029   001B78  C02B  F043         	movff	?___fladd+3,UART_Initial@bps+3
  2030                           
  2031                           ;Codigo_Practica6_Parte4.c: 108:     SPBRG=(unsigned char)bps;
  2032   001B7C  C040  F001         	movff	UART_Initial@bps,___fltol@f1
  2033   001B80  C041  F002         	movff	UART_Initial@bps+1,___fltol@f1+1
  2034   001B84  C042  F003         	movff	UART_Initial@bps+2,___fltol@f1+2
  2035   001B88  C043  F004         	movff	UART_Initial@bps+3,___fltol@f1+3
  2036   001B8C  ECF1  F00C         	call	___fltol	;wreg free
  2037   001B90  5001               	movf	?___fltol^0,w,c
  2038   001B92  6EAF               	movwf	175,c	;volatile
  2039   001B94                     
  2040                           ;Codigo_Practica6_Parte4.c: 109:     TXSTAbits.CSRC = 0; TXSTAbits.TX9 = 0; TXSTAbits.TX
      +                          EN = 1;
  2041   001B94  9EAC               	bcf	172,7,c	;volatile
  2042   001B96  9CAC               	bcf	172,6,c	;volatile
  2043   001B98  8AAC               	bsf	172,5,c	;volatile
  2044   001B9A                     
  2045                           ;Codigo_Practica6_Parte4.c: 110:     TXSTAbits.SYNC = 0; TXSTAbits.BRGH = 0; BAUDCONbits
      +                          .BRG16 = 0;
  2046   001B9A  98AC               	bcf	172,4,c	;volatile
  2047   001B9C  94AC               	bcf	172,2,c	;volatile
  2048   001B9E  96B8               	bcf	184,3,c	;volatile
  2049   001BA0                     
  2050                           ;Codigo_Practica6_Parte4.c: 111:     RCSTA = 0x90;
  2051   001BA0  0E90               	movlw	144
  2052   001BA2  6EAB               	movwf	171,c	;volatile
  2053   001BA4  0012               	return		;funcret
  2054   001BA6                     __end_of_UART_Initial:
  2055                           	callstack 0
  2056                           
  2057 ;; *************** function ___xxtofl *****************
  2058 ;; Defined at:
  2059 ;;		line 10 in file "C:\Program Files\Microchip\xc8\v2.45\pic\sources\c99\common\xxtofl.c"
  2060 ;; Parameters:    Size  Location     Type
  2061 ;;  sign            1    wreg     unsigned char 
  2062 ;;  val             4    0[COMRAM] long 
  2063 ;; Auto vars:     Size  Location     Type
  2064 ;;  sign            1    8[COMRAM] unsigned char 
  2065 ;;  arg             4   10[COMRAM] unsigned long 
  2066 ;;  exp             1    9[COMRAM] unsigned char 
  2067 ;; Return value:  Size  Location     Type
  2068 ;;                  4    0[COMRAM] unsigned char 
  2069 ;; Registers used:
  2070 ;;		wreg, status,2, status,0
  2071 ;; Tracked objects:
  2072 ;;		On entry : 0/0
  2073 ;;		On exit  : 0/0
  2074 ;;		Unchanged: 0/0
  2075 ;; Data sizes:     COMRAM   BANK0   BANK1   BANK2   BANK3   BANK4   BANK5   BANK6   BANK7
  2076 ;;      Params:         4       0       0       0       0       0       0       0       0
  2077 ;;      Locals:         6       0       0       0       0       0       0       0       0
  2078 ;;      Temps:          4       0       0       0       0       0       0       0       0
  2079 ;;      Totals:        14       0       0       0       0       0       0       0       0
  2080 ;;Total ram usage:       14 bytes
  2081 ;; Hardware stack levels used: 1
  2082 ;; This function calls:
  2083 ;;		Nothing
  2084 ;; This function is called by:
  2085 ;;		_UART_Initial
  2086 ;; This function uses a non-reentrant model
  2087 ;;
  2088                           
  2089                           	psect	text6
  2090   0016AA                     __ptext6:
  2091                           	callstack 0
  2092   0016AA                     ___xxtofl:
  2093                           	callstack 29
  2094                           
  2095                           ;incstack = 0
  2096                           ;___xxtofl@sign stored from wreg
  2097   0016AA  6E09               	movwf	___xxtofl@sign^0,c
  2098   0016AC  5009               	movf	___xxtofl@sign^0,w,c
  2099   0016AE  B4D8               	btfsc	status,2,c
  2100   0016B0  EF5C  F00B         	goto	u2071
  2101   0016B4  EF5E  F00B         	goto	u2070
  2102   0016B8                     u2071:
  2103   0016B8  EF80  F00B         	goto	l845
  2104   0016BC                     u2070:
  2105   0016BC  BE04               	btfsc	(___xxtofl@val+3)^0,7,c
  2106   0016BE  EF65  F00B         	goto	u2080
  2107   0016C2  EF63  F00B         	goto	u2081
  2108   0016C6                     u2081:
  2109   0016C6  EF80  F00B         	goto	l845
  2110   0016CA                     u2080:
  2111   0016CA  C001  F005         	movff	___xxtofl@val,??___xxtofl
  2112   0016CE  C002  F006         	movff	___xxtofl@val+1,??___xxtofl+1
  2113   0016D2  C003  F007         	movff	___xxtofl@val+2,??___xxtofl+2
  2114   0016D6  C004  F008         	movff	___xxtofl@val+3,??___xxtofl+3
  2115   0016DA  1E05               	comf	??___xxtofl^0,f,c
  2116   0016DC  1E06               	comf	(??___xxtofl+1)^0,f,c
  2117   0016DE  1E07               	comf	(??___xxtofl+2)^0,f,c
  2118   0016E0  1E08               	comf	(??___xxtofl+3)^0,f,c
  2119   0016E2  2A05               	incf	??___xxtofl^0,f,c
  2120   0016E4  0E00               	movlw	0
  2121   0016E6  2206               	addwfc	(??___xxtofl+1)^0,f,c
  2122   0016E8  2207               	addwfc	(??___xxtofl+2)^0,f,c
  2123   0016EA  2208               	addwfc	(??___xxtofl+3)^0,f,c
  2124   0016EC  C005  F00B         	movff	??___xxtofl,___xxtofl@arg
  2125   0016F0  C006  F00C         	movff	??___xxtofl+1,___xxtofl@arg+1
  2126   0016F4  C007  F00D         	movff	??___xxtofl+2,___xxtofl@arg+2
  2127   0016F8  C008  F00E         	movff	??___xxtofl+3,___xxtofl@arg+3
  2128   0016FC  EF88  F00B         	goto	l2247
  2129   001700                     l845:
  2130   001700  C001  F00B         	movff	___xxtofl@val,___xxtofl@arg
  2131   001704  C002  F00C         	movff	___xxtofl@val+1,___xxtofl@arg+1
  2132   001708  C003  F00D         	movff	___xxtofl@val+2,___xxtofl@arg+2
  2133   00170C  C004  F00E         	movff	___xxtofl@val+3,___xxtofl@arg+3
  2134   001710                     l2247:
  2135   001710  5001               	movf	___xxtofl@val^0,w,c
  2136   001712  1002               	iorwf	(___xxtofl@val+1)^0,w,c
  2137   001714  1003               	iorwf	(___xxtofl@val+2)^0,w,c
  2138   001716  1004               	iorwf	(___xxtofl@val+3)^0,w,c
  2139   001718  A4D8               	btfss	status,2,c
  2140   00171A  EF91  F00B         	goto	u2091
  2141   00171E  EF93  F00B         	goto	u2090
  2142   001722                     u2091:
  2143   001722  EF9D  F00B         	goto	l2253
  2144   001726                     u2090:
  2145   001726  0E00               	movlw	0
  2146   001728  6E01               	movwf	?___xxtofl^0,c
  2147   00172A  0E00               	movlw	0
  2148   00172C  6E02               	movwf	(?___xxtofl+1)^0,c
  2149   00172E  0E00               	movlw	0
  2150   001730  6E03               	movwf	(?___xxtofl+2)^0,c
  2151   001732  0E00               	movlw	0
  2152   001734  6E04               	movwf	(?___xxtofl+3)^0,c
  2153   001736  EF2E  F00C         	goto	l848
  2154   00173A                     l2253:
  2155   00173A  0E96               	movlw	150
  2156   00173C  6E0A               	movwf	___xxtofl@exp^0,c
  2157   00173E  EFA7  F00B         	goto	l2257
  2158   001742                     l2255:
  2159   001742  2A0A               	incf	___xxtofl@exp^0,f,c
  2160   001744  90D8               	bcf	status,0,c
  2161   001746  320E               	rrcf	(___xxtofl@arg+3)^0,f,c
  2162   001748  320D               	rrcf	(___xxtofl@arg+2)^0,f,c
  2163   00174A  320C               	rrcf	(___xxtofl@arg+1)^0,f,c
  2164   00174C  320B               	rrcf	___xxtofl@arg^0,f,c
  2165   00174E                     l2257:
  2166   00174E  0E00               	movlw	0
  2167   001750  140B               	andwf	___xxtofl@arg^0,w,c
  2168   001752  6E05               	movwf	??___xxtofl^0,c
  2169   001754  0E00               	movlw	0
  2170   001756  140C               	andwf	(___xxtofl@arg+1)^0,w,c
  2171   001758  6E06               	movwf	(??___xxtofl+1)^0,c
  2172   00175A  0E00               	movlw	0
  2173   00175C  140D               	andwf	(___xxtofl@arg+2)^0,w,c
  2174   00175E  6E07               	movwf	(??___xxtofl+2)^0,c
  2175   001760  0EFE               	movlw	254
  2176   001762  140E               	andwf	(___xxtofl@arg+3)^0,w,c
  2177   001764  6E08               	movwf	(??___xxtofl+3)^0,c
  2178   001766  5005               	movf	??___xxtofl^0,w,c
  2179   001768  1006               	iorwf	(??___xxtofl+1)^0,w,c
  2180   00176A  1007               	iorwf	(??___xxtofl+2)^0,w,c
  2181   00176C  1008               	iorwf	(??___xxtofl+3)^0,w,c
  2182   00176E  A4D8               	btfss	status,2,c
  2183   001770  EFBC  F00B         	goto	u2101
  2184   001774  EFBE  F00B         	goto	u2100
  2185   001778                     u2101:
  2186   001778  EFA1  F00B         	goto	l2255
  2187   00177C                     u2100:
  2188   00177C  EFCC  F00B         	goto	l852
  2189   001780                     l2259:
  2190   001780  2A0A               	incf	___xxtofl@exp^0,f,c
  2191   001782  0E01               	movlw	1
  2192   001784  260B               	addwf	___xxtofl@arg^0,f,c
  2193   001786  0E00               	movlw	0
  2194   001788  220C               	addwfc	(___xxtofl@arg+1)^0,f,c
  2195   00178A  220D               	addwfc	(___xxtofl@arg+2)^0,f,c
  2196   00178C  220E               	addwfc	(___xxtofl@arg+3)^0,f,c
  2197   00178E  90D8               	bcf	status,0,c
  2198   001790  320E               	rrcf	(___xxtofl@arg+3)^0,f,c
  2199   001792  320D               	rrcf	(___xxtofl@arg+2)^0,f,c
  2200   001794  320C               	rrcf	(___xxtofl@arg+1)^0,f,c
  2201   001796  320B               	rrcf	___xxtofl@arg^0,f,c
  2202   001798                     l852:
  2203   001798  0E00               	movlw	0
  2204   00179A  140B               	andwf	___xxtofl@arg^0,w,c
  2205   00179C  6E05               	movwf	??___xxtofl^0,c
  2206   00179E  0E00               	movlw	0
  2207   0017A0  140C               	andwf	(___xxtofl@arg+1)^0,w,c
  2208   0017A2  6E06               	movwf	(??___xxtofl+1)^0,c
  2209   0017A4  0E00               	movlw	0
  2210   0017A6  140D               	andwf	(___xxtofl@arg+2)^0,w,c
  2211   0017A8  6E07               	movwf	(??___xxtofl+2)^0,c
  2212   0017AA  0EFF               	movlw	255
  2213   0017AC  140E               	andwf	(___xxtofl@arg+3)^0,w,c
  2214   0017AE  6E08               	movwf	(??___xxtofl+3)^0,c
  2215   0017B0  5005               	movf	??___xxtofl^0,w,c
  2216   0017B2  1006               	iorwf	(??___xxtofl+1)^0,w,c
  2217   0017B4  1007               	iorwf	(??___xxtofl+2)^0,w,c
  2218   0017B6  1008               	iorwf	(??___xxtofl+3)^0,w,c
  2219   0017B8  A4D8               	btfss	status,2,c
  2220   0017BA  EFE1  F00B         	goto	u2111
  2221   0017BE  EFE3  F00B         	goto	u2110
  2222   0017C2                     u2111:
  2223   0017C2  EFC0  F00B         	goto	l2259
  2224   0017C6                     u2110:
  2225   0017C6  EFEB  F00B         	goto	l2267
  2226   0017CA                     l2265:
  2227   0017CA  060A               	decf	___xxtofl@exp^0,f,c
  2228   0017CC  90D8               	bcf	status,0,c
  2229   0017CE  360B               	rlcf	___xxtofl@arg^0,f,c
  2230   0017D0  360C               	rlcf	(___xxtofl@arg+1)^0,f,c
  2231   0017D2  360D               	rlcf	(___xxtofl@arg+2)^0,f,c
  2232   0017D4  360E               	rlcf	(___xxtofl@arg+3)^0,f,c
  2233   0017D6                     l2267:
  2234   0017D6  BE0D               	btfsc	(___xxtofl@arg+2)^0,7,c
  2235   0017D8  EFF0  F00B         	goto	u2121
  2236   0017DC  EFF2  F00B         	goto	u2120
  2237   0017E0                     u2121:
  2238   0017E0  EFFA  F00B         	goto	l859
  2239   0017E4                     u2120:
  2240   0017E4  0E02               	movlw	2
  2241   0017E6  600A               	cpfslt	___xxtofl@exp^0,c
  2242   0017E8  EFF8  F00B         	goto	u2131
  2243   0017EC  EFFA  F00B         	goto	u2130
  2244   0017F0                     u2131:
  2245   0017F0  EFE5  F00B         	goto	l2265
  2246   0017F4                     u2130:
  2247   0017F4                     l859:
  2248   0017F4  B00A               	btfsc	___xxtofl@exp^0,0,c
  2249   0017F6  EFFF  F00B         	goto	u2141
  2250   0017FA  EF01  F00C         	goto	u2140
  2251   0017FE                     u2141:
  2252   0017FE  EF02  F00C         	goto	l2273
  2253   001802                     u2140:
  2254   001802  9E0D               	bcf	(___xxtofl@arg+2)^0,7,c
  2255   001804                     l2273:
  2256   001804  90D8               	bcf	status,0,c
  2257   001806  320A               	rrcf	___xxtofl@exp^0,f,c
  2258   001808  C00A  F005         	movff	___xxtofl@exp,??___xxtofl
  2259   00180C  6A06               	clrf	(??___xxtofl+1)^0,c
  2260   00180E  6A07               	clrf	(??___xxtofl+2)^0,c
  2261   001810  6A08               	clrf	(??___xxtofl+3)^0,c
  2262   001812  C005  F008         	movff	??___xxtofl,??___xxtofl+3
  2263   001816  6A07               	clrf	(??___xxtofl+2)^0,c
  2264   001818  6A06               	clrf	(??___xxtofl+1)^0,c
  2265   00181A  6A05               	clrf	??___xxtofl^0,c
  2266   00181C  5005               	movf	??___xxtofl^0,w,c
  2267   00181E  120B               	iorwf	___xxtofl@arg^0,f,c
  2268   001820  5006               	movf	(??___xxtofl+1)^0,w,c
  2269   001822  120C               	iorwf	(___xxtofl@arg+1)^0,f,c
  2270   001824  5007               	movf	(??___xxtofl+2)^0,w,c
  2271   001826  120D               	iorwf	(___xxtofl@arg+2)^0,f,c
  2272   001828  5008               	movf	(??___xxtofl+3)^0,w,c
  2273   00182A  120E               	iorwf	(___xxtofl@arg+3)^0,f,c
  2274   00182C  5009               	movf	___xxtofl@sign^0,w,c
  2275   00182E  B4D8               	btfsc	status,2,c
  2276   001830  EF1C  F00C         	goto	u2151
  2277   001834  EF1E  F00C         	goto	u2150
  2278   001838                     u2151:
  2279   001838  EF26  F00C         	goto	l2283
  2280   00183C                     u2150:
  2281   00183C  BE04               	btfsc	(___xxtofl@val+3)^0,7,c
  2282   00183E  EF25  F00C         	goto	u2160
  2283   001842  EF23  F00C         	goto	u2161
  2284   001846                     u2161:
  2285   001846  EF26  F00C         	goto	l2283
  2286   00184A                     u2160:
  2287   00184A  8E0E               	bsf	(___xxtofl@arg+3)^0,7,c
  2288   00184C                     l2283:
  2289   00184C  C00B  F001         	movff	___xxtofl@arg,?___xxtofl
  2290   001850  C00C  F002         	movff	___xxtofl@arg+1,?___xxtofl+1
  2291   001854  C00D  F003         	movff	___xxtofl@arg+2,?___xxtofl+2
  2292   001858  C00E  F004         	movff	___xxtofl@arg+3,?___xxtofl+3
  2293   00185C                     l848:
  2294   00185C  0012               	return		;funcret
  2295   00185E                     __end_of___xxtofl:
  2296                           	callstack 0
  2297                           
  2298 ;; *************** function ___fltol *****************
  2299 ;; Defined at:
  2300 ;;		line 43 in file "C:\Program Files\Microchip\xc8\v2.45\pic\sources\c99\common\fltol.c"
  2301 ;; Parameters:    Size  Location     Type
  2302 ;;  f1              4    0[COMRAM] unsigned char 
  2303 ;; Auto vars:     Size  Location     Type
  2304 ;;  exp1            1    9[COMRAM] unsigned char 
  2305 ;;  sign1           1    8[COMRAM] unsigned char 
  2306 ;; Return value:  Size  Location     Type
  2307 ;;                  4    0[COMRAM] long 
  2308 ;; Registers used:
  2309 ;;		wreg, status,2, status,0
  2310 ;; Tracked objects:
  2311 ;;		On entry : 0/0
  2312 ;;		On exit  : 0/0
  2313 ;;		Unchanged: 0/0
  2314 ;; Data sizes:     COMRAM   BANK0   BANK1   BANK2   BANK3   BANK4   BANK5   BANK6   BANK7
  2315 ;;      Params:         4       0       0       0       0       0       0       0       0
  2316 ;;      Locals:         2       0       0       0       0       0       0       0       0
  2317 ;;      Temps:          4       0       0       0       0       0       0       0       0
  2318 ;;      Totals:        10       0       0       0       0       0       0       0       0
  2319 ;;Total ram usage:       10 bytes
  2320 ;; Hardware stack levels used: 1
  2321 ;; This function calls:
  2322 ;;		Nothing
  2323 ;; This function is called by:
  2324 ;;		_UART_Initial
  2325 ;; This function uses a non-reentrant model
  2326 ;;
  2327                           
  2328                           	psect	text7
  2329   0019E2                     __ptext7:
  2330                           	callstack 0
  2331   0019E2                     ___fltol:
  2332                           	callstack 29
  2333   0019E2  3403               	rlcf	(___fltol@f1+2)^0,w,c
  2334   0019E4  3404               	rlcf	(___fltol@f1+3)^0,w,c
  2335   0019E6  6E0A               	movwf	___fltol@exp1^0,c
  2336   0019E8  500A               	movf	___fltol@exp1^0,w,c
  2337   0019EA  A4D8               	btfss	status,2,c
  2338   0019EC  EFFA  F00C         	goto	u2001
  2339   0019F0  EFFC  F00C         	goto	u2000
  2340   0019F4                     u2001:
  2341   0019F4  EF06  F00D         	goto	l2203
  2342   0019F8                     u2000:
  2343   0019F8                     l2199:
  2344   0019F8  0E00               	movlw	0
  2345   0019FA  6E01               	movwf	?___fltol^0,c
  2346   0019FC  0E00               	movlw	0
  2347   0019FE  6E02               	movwf	(?___fltol+1)^0,c
  2348   001A00  0E00               	movlw	0
  2349   001A02  6E03               	movwf	(?___fltol+2)^0,c
  2350   001A04  0E00               	movlw	0
  2351   001A06  6E04               	movwf	(?___fltol+3)^0,c
  2352   001A08  EF73  F00D         	goto	l487
  2353   001A0C                     l2203:
  2354   001A0C  C001  F005         	movff	___fltol@f1,??___fltol
  2355   001A10  C002  F006         	movff	___fltol@f1+1,??___fltol+1
  2356   001A14  C003  F007         	movff	___fltol@f1+2,??___fltol+2
  2357   001A18  C004  F008         	movff	___fltol@f1+3,??___fltol+3
  2358   001A1C  0E20               	movlw	32
  2359   001A1E  EF16  F00D         	goto	u2010
  2360   001A22                     u2015:
  2361   001A22  90D8               	bcf	status,0,c
  2362   001A24  3208               	rrcf	(??___fltol+3)^0,f,c
  2363   001A26  3207               	rrcf	(??___fltol+2)^0,f,c
  2364   001A28  3206               	rrcf	(??___fltol+1)^0,f,c
  2365   001A2A  3205               	rrcf	??___fltol^0,f,c
  2366   001A2C                     u2010:
  2367   001A2C  2EE8               	decfsz	wreg,f,c
  2368   001A2E  EF11  F00D         	goto	u2015
  2369   001A32  5005               	movf	??___fltol^0,w,c
  2370   001A34  6E09               	movwf	___fltol@sign1^0,c
  2371   001A36  8E03               	bsf	(___fltol@f1+2)^0,7,c
  2372   001A38  0EFF               	movlw	255
  2373   001A3A  1601               	andwf	___fltol@f1^0,f,c
  2374   001A3C  0EFF               	movlw	255
  2375   001A3E  1602               	andwf	(___fltol@f1+1)^0,f,c
  2376   001A40  0EFF               	movlw	255
  2377   001A42  1603               	andwf	(___fltol@f1+2)^0,f,c
  2378   001A44  0E00               	movlw	0
  2379   001A46  1604               	andwf	(___fltol@f1+3)^0,f,c
  2380   001A48  0E96               	movlw	150
  2381   001A4A  5E0A               	subwf	___fltol@exp1^0,f,c
  2382   001A4C  BE0A               	btfsc	___fltol@exp1^0,7,c
  2383   001A4E  EF2D  F00D         	goto	u2020
  2384   001A52  EF2B  F00D         	goto	u2021
  2385   001A56                     u2021:
  2386   001A56  EF43  F00D         	goto	l2223
  2387   001A5A                     u2020:
  2388   001A5A  500A               	movf	___fltol@exp1^0,w,c
  2389   001A5C  0A80               	xorlw	128
  2390   001A5E  0F97               	addlw	151
  2391   001A60  B0D8               	btfsc	status,0,c
  2392   001A62  EF35  F00D         	goto	u2031
  2393   001A66  EF37  F00D         	goto	u2030
  2394   001A6A                     u2031:
  2395   001A6A  EF39  F00D         	goto	l2219
  2396   001A6E                     u2030:
  2397   001A6E  EFFC  F00C         	goto	l2199
  2398   001A72                     l2219:
  2399   001A72  90D8               	bcf	status,0,c
  2400   001A74  3204               	rrcf	(___fltol@f1+3)^0,f,c
  2401   001A76  3203               	rrcf	(___fltol@f1+2)^0,f,c
  2402   001A78  3202               	rrcf	(___fltol@f1+1)^0,f,c
  2403   001A7A  3201               	rrcf	___fltol@f1^0,f,c
  2404   001A7C  3E0A               	incfsz	___fltol@exp1^0,f,c
  2405   001A7E  EF39  F00D         	goto	l2219
  2406   001A82  EF5B  F00D         	goto	l2233
  2407   001A86                     l2223:
  2408   001A86  0E1F               	movlw	31
  2409   001A88  640A               	cpfsgt	___fltol@exp1^0,c
  2410   001A8A  EF49  F00D         	goto	u2041
  2411   001A8E  EF4B  F00D         	goto	u2040
  2412   001A92                     u2041:
  2413   001A92  EF53  F00D         	goto	l2231
  2414   001A96                     u2040:
  2415   001A96  EFFC  F00C         	goto	l2199
  2416   001A9A                     l2229:
  2417   001A9A  90D8               	bcf	status,0,c
  2418   001A9C  3601               	rlcf	___fltol@f1^0,f,c
  2419   001A9E  3602               	rlcf	(___fltol@f1+1)^0,f,c
  2420   001AA0  3603               	rlcf	(___fltol@f1+2)^0,f,c
  2421   001AA2  3604               	rlcf	(___fltol@f1+3)^0,f,c
  2422   001AA4  060A               	decf	___fltol@exp1^0,f,c
  2423   001AA6                     l2231:
  2424   001AA6  500A               	movf	___fltol@exp1^0,w,c
  2425   001AA8  A4D8               	btfss	status,2,c
  2426   001AAA  EF59  F00D         	goto	u2051
  2427   001AAE  EF5B  F00D         	goto	u2050
  2428   001AB2                     u2051:
  2429   001AB2  EF4D  F00D         	goto	l2229
  2430   001AB6                     u2050:
  2431   001AB6                     l2233:
  2432   001AB6  5009               	movf	___fltol@sign1^0,w,c
  2433   001AB8  B4D8               	btfsc	status,2,c
  2434   001ABA  EF61  F00D         	goto	u2061
  2435   001ABE  EF63  F00D         	goto	u2060
  2436   001AC2                     u2061:
  2437   001AC2  EF6B  F00D         	goto	l2237
  2438   001AC6                     u2060:
  2439   001AC6  1E04               	comf	(___fltol@f1+3)^0,f,c
  2440   001AC8  1E03               	comf	(___fltol@f1+2)^0,f,c
  2441   001ACA  1E02               	comf	(___fltol@f1+1)^0,f,c
  2442   001ACC  6C01               	negf	___fltol@f1^0,c
  2443   001ACE  0E00               	movlw	0
  2444   001AD0  2202               	addwfc	(___fltol@f1+1)^0,f,c
  2445   001AD2  2203               	addwfc	(___fltol@f1+2)^0,f,c
  2446   001AD4  2204               	addwfc	(___fltol@f1+3)^0,f,c
  2447   001AD6                     l2237:
  2448   001AD6  C001  F001         	movff	___fltol@f1,?___fltol
  2449   001ADA  C002  F002         	movff	___fltol@f1+1,?___fltol+1
  2450   001ADE  C003  F003         	movff	___fltol@f1+2,?___fltol+2
  2451   001AE2  C004  F004         	movff	___fltol@f1+3,?___fltol+3
  2452   001AE6                     l487:
  2453   001AE6  0012               	return		;funcret
  2454   001AE8                     __end_of___fltol:
  2455                           	callstack 0
  2456                           
  2457 ;; *************** function ___fldiv *****************
  2458 ;; Defined at:
  2459 ;;		line 11 in file "C:\Program Files\Microchip\xc8\v2.45\pic\sources\c99\common\sprcdiv.c"
  2460 ;; Parameters:    Size  Location     Type
  2461 ;;  b               4   14[COMRAM] long 
  2462 ;;  a               4   18[COMRAM] long 
  2463 ;; Auto vars:     Size  Location     Type
  2464 ;;  grs             4   33[COMRAM] unsigned long 
  2465 ;;  rem             4   26[COMRAM] unsigned long 
  2466 ;;  new_exp         2   31[COMRAM] short 
  2467 ;;  aexp            1   38[COMRAM] unsigned char 
  2468 ;;  bexp            1   37[COMRAM] unsigned char 
  2469 ;;  sign            1   30[COMRAM] unsigned char 
  2470 ;; Return value:  Size  Location     Type
  2471 ;;                  4   14[COMRAM] unsigned char 
  2472 ;; Registers used:
  2473 ;;		wreg, status,2, status,0
  2474 ;; Tracked objects:
  2475 ;;		On entry : 0/0
  2476 ;;		On exit  : 0/0
  2477 ;;		Unchanged: 0/0
  2478 ;; Data sizes:     COMRAM   BANK0   BANK1   BANK2   BANK3   BANK4   BANK5   BANK6   BANK7
  2479 ;;      Params:         8       0       0       0       0       0       0       0       0
  2480 ;;      Locals:        13       0       0       0       0       0       0       0       0
  2481 ;;      Temps:          4       0       0       0       0       0       0       0       0
  2482 ;;      Totals:        25       0       0       0       0       0       0       0       0
  2483 ;;Total ram usage:       25 bytes
  2484 ;; Hardware stack levels used: 1
  2485 ;; This function calls:
  2486 ;;		Nothing
  2487 ;; This function is called by:
  2488 ;;		_UART_Initial
  2489 ;; This function uses a non-reentrant model
  2490 ;;
  2491                           
  2492                           	psect	text8
  2493   001310                     __ptext8:
  2494                           	callstack 0
  2495   001310                     ___fldiv:
  2496                           	callstack 29
  2497   001310  5012               	movf	(___fldiv@b+3)^0,w,c
  2498   001312  0B80               	andlw	128
  2499   001314  6E1F               	movwf	___fldiv@sign^0,c
  2500   001316  5012               	movf	(___fldiv@b+3)^0,w,c
  2501   001318  2412               	addwf	(___fldiv@b+3)^0,w,c
  2502   00131A  6E26               	movwf	___fldiv@bexp^0,c
  2503   00131C  AE11               	btfss	(___fldiv@b+2)^0,7,c
  2504   00131E  EF93  F009         	goto	u1771
  2505   001322  EF95  F009         	goto	u1770
  2506   001326                     u1771:
  2507   001326  EF96  F009         	goto	l2065
  2508   00132A                     u1770:
  2509   00132A  8026               	bsf	___fldiv@bexp^0,0,c
  2510   00132C                     l2065:
  2511   00132C  5026               	movf	___fldiv@bexp^0,w,c
  2512   00132E  B4D8               	btfsc	status,2,c
  2513   001330  EF9C  F009         	goto	u1781
  2514   001334  EF9E  F009         	goto	u1780
  2515   001338                     u1781:
  2516   001338  EFB3  F009         	goto	l2075
  2517   00133C                     u1780:
  2518   00133C  2826               	incf	___fldiv@bexp^0,w,c
  2519   00133E  A4D8               	btfss	status,2,c
  2520   001340  EFA4  F009         	goto	u1791
  2521   001344  EFA6  F009         	goto	u1790
  2522   001348                     u1791:
  2523   001348  EFAE  F009         	goto	l2071
  2524   00134C                     u1790:
  2525   00134C  0E00               	movlw	0
  2526   00134E  6E0F               	movwf	___fldiv@b^0,c
  2527   001350  0E00               	movlw	0
  2528   001352  6E10               	movwf	(___fldiv@b+1)^0,c
  2529   001354  0E00               	movlw	0
  2530   001356  6E11               	movwf	(___fldiv@b+2)^0,c
  2531   001358  0E00               	movlw	0
  2532   00135A  6E12               	movwf	(___fldiv@b+3)^0,c
  2533   00135C                     l2071:
  2534   00135C  8E11               	bsf	(___fldiv@b+2)^0,7,c
  2535   00135E  0E00               	movlw	0
  2536   001360  6E12               	movwf	(___fldiv@b+3)^0,c
  2537   001362  EFBB  F009         	goto	l2077
  2538   001366                     l2075:
  2539   001366  0E00               	movlw	0
  2540   001368  6E0F               	movwf	___fldiv@b^0,c
  2541   00136A  0E00               	movlw	0
  2542   00136C  6E10               	movwf	(___fldiv@b+1)^0,c
  2543   00136E  0E00               	movlw	0
  2544   001370  6E11               	movwf	(___fldiv@b+2)^0,c
  2545   001372  0E00               	movlw	0
  2546   001374  6E12               	movwf	(___fldiv@b+3)^0,c
  2547   001376                     l2077:
  2548   001376  5016               	movf	(___fldiv@a+3)^0,w,c
  2549   001378  0B80               	andlw	128
  2550   00137A  1A1F               	xorwf	___fldiv@sign^0,f,c
  2551   00137C  5016               	movf	(___fldiv@a+3)^0,w,c
  2552   00137E  2416               	addwf	(___fldiv@a+3)^0,w,c
  2553   001380  6E27               	movwf	___fldiv@aexp^0,c
  2554   001382  AE15               	btfss	(___fldiv@a+2)^0,7,c
  2555   001384  EFC6  F009         	goto	u1801
  2556   001388  EFC8  F009         	goto	u1800
  2557   00138C                     u1801:
  2558   00138C  EFC9  F009         	goto	l2085
  2559   001390                     u1800:
  2560   001390  8027               	bsf	___fldiv@aexp^0,0,c
  2561   001392                     l2085:
  2562   001392  5027               	movf	___fldiv@aexp^0,w,c
  2563   001394  B4D8               	btfsc	status,2,c
  2564   001396  EFCF  F009         	goto	u1811
  2565   00139A  EFD1  F009         	goto	u1810
  2566   00139E                     u1811:
  2567   00139E  EFE6  F009         	goto	l2095
  2568   0013A2                     u1810:
  2569   0013A2  2827               	incf	___fldiv@aexp^0,w,c
  2570   0013A4  A4D8               	btfss	status,2,c
  2571   0013A6  EFD7  F009         	goto	u1821
  2572   0013AA  EFD9  F009         	goto	u1820
  2573   0013AE                     u1821:
  2574   0013AE  EFE1  F009         	goto	l2091
  2575   0013B2                     u1820:
  2576   0013B2  0E00               	movlw	0
  2577   0013B4  6E13               	movwf	___fldiv@a^0,c
  2578   0013B6  0E00               	movlw	0
  2579   0013B8  6E14               	movwf	(___fldiv@a+1)^0,c
  2580   0013BA  0E00               	movlw	0
  2581   0013BC  6E15               	movwf	(___fldiv@a+2)^0,c
  2582   0013BE  0E00               	movlw	0
  2583   0013C0  6E16               	movwf	(___fldiv@a+3)^0,c
  2584   0013C2                     l2091:
  2585   0013C2  8E15               	bsf	(___fldiv@a+2)^0,7,c
  2586   0013C4  0E00               	movlw	0
  2587   0013C6  6E16               	movwf	(___fldiv@a+3)^0,c
  2588   0013C8  EFEE  F009         	goto	l2097
  2589   0013CC                     l2095:
  2590   0013CC  0E00               	movlw	0
  2591   0013CE  6E13               	movwf	___fldiv@a^0,c
  2592   0013D0  0E00               	movlw	0
  2593   0013D2  6E14               	movwf	(___fldiv@a+1)^0,c
  2594   0013D4  0E00               	movlw	0
  2595   0013D6  6E15               	movwf	(___fldiv@a+2)^0,c
  2596   0013D8  0E00               	movlw	0
  2597   0013DA  6E16               	movwf	(___fldiv@a+3)^0,c
  2598   0013DC                     l2097:
  2599   0013DC  5013               	movf	___fldiv@a^0,w,c
  2600   0013DE  1014               	iorwf	(___fldiv@a+1)^0,w,c
  2601   0013E0  1015               	iorwf	(___fldiv@a+2)^0,w,c
  2602   0013E2  1016               	iorwf	(___fldiv@a+3)^0,w,c
  2603   0013E4  A4D8               	btfss	status,2,c
  2604   0013E6  EFF7  F009         	goto	u1831
  2605   0013EA  EFF9  F009         	goto	u1830
  2606   0013EE                     u1831:
  2607   0013EE  EF11  F00A         	goto	l2109
  2608   0013F2                     u1830:
  2609   0013F2  0E00               	movlw	0
  2610   0013F4  6E0F               	movwf	___fldiv@b^0,c
  2611   0013F6  0E00               	movlw	0
  2612   0013F8  6E10               	movwf	(___fldiv@b+1)^0,c
  2613   0013FA  0E00               	movlw	0
  2614   0013FC  6E11               	movwf	(___fldiv@b+2)^0,c
  2615   0013FE  0E00               	movlw	0
  2616   001400  6E12               	movwf	(___fldiv@b+3)^0,c
  2617   001402  0E80               	movlw	128
  2618   001404  1211               	iorwf	(___fldiv@b+2)^0,f,c
  2619   001406  0E7F               	movlw	127
  2620   001408  1212               	iorwf	(___fldiv@b+3)^0,f,c
  2621   00140A                     l2103:
  2622   00140A  501F               	movf	___fldiv@sign^0,w,c
  2623   00140C  1212               	iorwf	(___fldiv@b+3)^0,f,c
  2624   00140E  C00F  F00F         	movff	___fldiv@b,?___fldiv
  2625   001412  C010  F010         	movff	___fldiv@b+1,?___fldiv+1
  2626   001416  C011  F011         	movff	___fldiv@b+2,?___fldiv+2
  2627   00141A  C012  F012         	movff	___fldiv@b+3,?___fldiv+3
  2628   00141E  EF54  F00B         	goto	l772
  2629   001422                     l2109:
  2630   001422  5026               	movf	___fldiv@bexp^0,w,c
  2631   001424  A4D8               	btfss	status,2,c
  2632   001426  EF17  F00A         	goto	u1841
  2633   00142A  EF19  F00A         	goto	u1840
  2634   00142E                     u1841:
  2635   00142E  EF23  F00A         	goto	l2117
  2636   001432                     u1840:
  2637   001432  0E00               	movlw	0
  2638   001434  6E0F               	movwf	?___fldiv^0,c
  2639   001436  0E00               	movlw	0
  2640   001438  6E10               	movwf	(?___fldiv+1)^0,c
  2641   00143A  0E00               	movlw	0
  2642   00143C  6E11               	movwf	(?___fldiv+2)^0,c
  2643   00143E  0E00               	movlw	0
  2644   001440  6E12               	movwf	(?___fldiv+3)^0,c
  2645   001442  EF54  F00B         	goto	l772
  2646   001446                     l2117:
  2647   001446  5027               	movf	___fldiv@aexp^0,w,c
  2648   001448  C026  F017         	movff	___fldiv@bexp,??___fldiv
  2649   00144C  6A18               	clrf	(??___fldiv+1)^0,c
  2650   00144E  5E17               	subwf	??___fldiv^0,f,c
  2651   001450  0E00               	movlw	0
  2652   001452  5A18               	subwfb	(??___fldiv+1)^0,f,c
  2653   001454  0E7F               	movlw	127
  2654   001456  2417               	addwf	??___fldiv^0,w,c
  2655   001458  6E20               	movwf	___fldiv@new_exp^0,c
  2656   00145A  0E00               	movlw	0
  2657   00145C  2018               	addwfc	(??___fldiv+1)^0,w,c
  2658   00145E  6E21               	movwf	(___fldiv@new_exp+1)^0,c
  2659   001460  C00F  F01B         	movff	___fldiv@b,___fldiv@rem
  2660   001464  C010  F01C         	movff	___fldiv@b+1,___fldiv@rem+1
  2661   001468  C011  F01D         	movff	___fldiv@b+2,___fldiv@rem+2
  2662   00146C  C012  F01E         	movff	___fldiv@b+3,___fldiv@rem+3
  2663   001470  0E00               	movlw	0
  2664   001472  6E0F               	movwf	___fldiv@b^0,c
  2665   001474  0E00               	movlw	0
  2666   001476  6E10               	movwf	(___fldiv@b+1)^0,c
  2667   001478  0E00               	movlw	0
  2668   00147A  6E11               	movwf	(___fldiv@b+2)^0,c
  2669   00147C  0E00               	movlw	0
  2670   00147E  6E12               	movwf	(___fldiv@b+3)^0,c
  2671   001480  0E00               	movlw	0
  2672   001482  6E22               	movwf	___fldiv@grs^0,c
  2673   001484  0E00               	movlw	0
  2674   001486  6E23               	movwf	(___fldiv@grs+1)^0,c
  2675   001488  0E00               	movlw	0
  2676   00148A  6E24               	movwf	(___fldiv@grs+2)^0,c
  2677   00148C  0E00               	movlw	0
  2678   00148E  6E25               	movwf	(___fldiv@grs+3)^0,c
  2679   001490  0E00               	movlw	0
  2680   001492  6E27               	movwf	___fldiv@aexp^0,c
  2681   001494  EF84  F00A         	goto	l774
  2682   001498                     l2127:
  2683   001498  5027               	movf	___fldiv@aexp^0,w,c
  2684   00149A  B4D8               	btfsc	status,2,c
  2685   00149C  EF52  F00A         	goto	u1851
  2686   0014A0  EF54  F00A         	goto	u1850
  2687   0014A4                     u1851:
  2688   0014A4  EF6B  F00A         	goto	l2135
  2689   0014A8                     u1850:
  2690   0014A8  90D8               	bcf	status,0,c
  2691   0014AA  361B               	rlcf	___fldiv@rem^0,f,c
  2692   0014AC  361C               	rlcf	(___fldiv@rem+1)^0,f,c
  2693   0014AE  361D               	rlcf	(___fldiv@rem+2)^0,f,c
  2694   0014B0  361E               	rlcf	(___fldiv@rem+3)^0,f,c
  2695   0014B2  90D8               	bcf	status,0,c
  2696   0014B4  360F               	rlcf	___fldiv@b^0,f,c
  2697   0014B6  3610               	rlcf	(___fldiv@b+1)^0,f,c
  2698   0014B8  3611               	rlcf	(___fldiv@b+2)^0,f,c
  2699   0014BA  3612               	rlcf	(___fldiv@b+3)^0,f,c
  2700   0014BC  AE25               	btfss	(___fldiv@grs+3)^0,7,c
  2701   0014BE  EF63  F00A         	goto	u1861
  2702   0014C2  EF65  F00A         	goto	u1860
  2703   0014C6                     u1861:
  2704   0014C6  EF66  F00A         	goto	l777
  2705   0014CA                     u1860:
  2706   0014CA  800F               	bsf	___fldiv@b^0,0,c
  2707   0014CC                     l777:
  2708   0014CC  90D8               	bcf	status,0,c
  2709   0014CE  3622               	rlcf	___fldiv@grs^0,f,c
  2710   0014D0  3623               	rlcf	(___fldiv@grs+1)^0,f,c
  2711   0014D2  3624               	rlcf	(___fldiv@grs+2)^0,f,c
  2712   0014D4  3625               	rlcf	(___fldiv@grs+3)^0,f,c
  2713   0014D6                     l2135:
  2714   0014D6  5013               	movf	___fldiv@a^0,w,c
  2715   0014D8  5C1B               	subwf	___fldiv@rem^0,w,c
  2716   0014DA  5014               	movf	(___fldiv@a+1)^0,w,c
  2717   0014DC  581C               	subwfb	(___fldiv@rem+1)^0,w,c
  2718   0014DE  5015               	movf	(___fldiv@a+2)^0,w,c
  2719   0014E0  581D               	subwfb	(___fldiv@rem+2)^0,w,c
  2720   0014E2  5016               	movf	(___fldiv@a+3)^0,w,c
  2721   0014E4  581E               	subwfb	(___fldiv@rem+3)^0,w,c
  2722   0014E6  A0D8               	btfss	status,0,c
  2723   0014E8  EF78  F00A         	goto	u1871
  2724   0014EC  EF7A  F00A         	goto	u1870
  2725   0014F0                     u1871:
  2726   0014F0  EF83  F00A         	goto	l2141
  2727   0014F4                     u1870:
  2728   0014F4  8C25               	bsf	(___fldiv@grs+3)^0,6,c
  2729   0014F6  5013               	movf	___fldiv@a^0,w,c
  2730   0014F8  5E1B               	subwf	___fldiv@rem^0,f,c
  2731   0014FA  5014               	movf	(___fldiv@a+1)^0,w,c
  2732   0014FC  5A1C               	subwfb	(___fldiv@rem+1)^0,f,c
  2733   0014FE  5015               	movf	(___fldiv@a+2)^0,w,c
  2734   001500  5A1D               	subwfb	(___fldiv@rem+2)^0,f,c
  2735   001502  5016               	movf	(___fldiv@a+3)^0,w,c
  2736   001504  5A1E               	subwfb	(___fldiv@rem+3)^0,f,c
  2737   001506                     l2141:
  2738   001506  2A27               	incf	___fldiv@aexp^0,f,c
  2739   001508                     l774:
  2740   001508  0E19               	movlw	25
  2741   00150A  6427               	cpfsgt	___fldiv@aexp^0,c
  2742   00150C  EF8A  F00A         	goto	u1881
  2743   001510  EF8C  F00A         	goto	u1880
  2744   001514                     u1881:
  2745   001514  EF4C  F00A         	goto	l2127
  2746   001518                     u1880:
  2747   001518  501B               	movf	___fldiv@rem^0,w,c
  2748   00151A  101C               	iorwf	(___fldiv@rem+1)^0,w,c
  2749   00151C  101D               	iorwf	(___fldiv@rem+2)^0,w,c
  2750   00151E  101E               	iorwf	(___fldiv@rem+3)^0,w,c
  2751   001520  B4D8               	btfsc	status,2,c
  2752   001522  EF95  F00A         	goto	u1891
  2753   001526  EF97  F00A         	goto	u1890
  2754   00152A                     u1891:
  2755   00152A  EFAF  F00A         	goto	l2153
  2756   00152E                     u1890:
  2757   00152E  8022               	bsf	___fldiv@grs^0,0,c
  2758   001530  EFAF  F00A         	goto	l2153
  2759   001534                     l2147:
  2760   001534  90D8               	bcf	status,0,c
  2761   001536  360F               	rlcf	___fldiv@b^0,f,c
  2762   001538  3610               	rlcf	(___fldiv@b+1)^0,f,c
  2763   00153A  3611               	rlcf	(___fldiv@b+2)^0,f,c
  2764   00153C  3612               	rlcf	(___fldiv@b+3)^0,f,c
  2765   00153E  AE25               	btfss	(___fldiv@grs+3)^0,7,c
  2766   001540  EFA4  F00A         	goto	u1901
  2767   001544  EFA6  F00A         	goto	u1900
  2768   001548                     u1901:
  2769   001548  EFA7  F00A         	goto	l783
  2770   00154C                     u1900:
  2771   00154C  800F               	bsf	___fldiv@b^0,0,c
  2772   00154E                     l783:
  2773   00154E  90D8               	bcf	status,0,c
  2774   001550  3622               	rlcf	___fldiv@grs^0,f,c
  2775   001552  3623               	rlcf	(___fldiv@grs+1)^0,f,c
  2776   001554  3624               	rlcf	(___fldiv@grs+2)^0,f,c
  2777   001556  3625               	rlcf	(___fldiv@grs+3)^0,f,c
  2778   001558  0620               	decf	___fldiv@new_exp^0,f,c
  2779   00155A  A0D8               	btfss	status,0,c
  2780   00155C  0621               	decf	(___fldiv@new_exp+1)^0,f,c
  2781   00155E                     l2153:
  2782   00155E  AE11               	btfss	(___fldiv@b+2)^0,7,c
  2783   001560  EFB4  F00A         	goto	u1911
  2784   001564  EFB6  F00A         	goto	u1910
  2785   001568                     u1911:
  2786   001568  EF9A  F00A         	goto	l2147
  2787   00156C                     u1910:
  2788   00156C  0E00               	movlw	0
  2789   00156E  6E27               	movwf	___fldiv@aexp^0,c
  2790   001570  AE25               	btfss	(___fldiv@grs+3)^0,7,c
  2791   001572  EFBD  F00A         	goto	u1921
  2792   001576  EFBF  F00A         	goto	u1920
  2793   00157A                     u1921:
  2794   00157A  EFE3  F00A         	goto	l785
  2795   00157E                     u1920:
  2796   00157E  0EFF               	movlw	255
  2797   001580  1422               	andwf	___fldiv@grs^0,w,c
  2798   001582  6E17               	movwf	??___fldiv^0,c
  2799   001584  0EFF               	movlw	255
  2800   001586  1423               	andwf	(___fldiv@grs+1)^0,w,c
  2801   001588  6E18               	movwf	(??___fldiv+1)^0,c
  2802   00158A  0EFF               	movlw	255
  2803   00158C  1424               	andwf	(___fldiv@grs+2)^0,w,c
  2804   00158E  6E19               	movwf	(??___fldiv+2)^0,c
  2805   001590  0E7F               	movlw	127
  2806   001592  1425               	andwf	(___fldiv@grs+3)^0,w,c
  2807   001594  6E1A               	movwf	(??___fldiv+3)^0,c
  2808   001596  5017               	movf	??___fldiv^0,w,c
  2809   001598  1018               	iorwf	(??___fldiv+1)^0,w,c
  2810   00159A  1019               	iorwf	(??___fldiv+2)^0,w,c
  2811   00159C  101A               	iorwf	(??___fldiv+3)^0,w,c
  2812   00159E  B4D8               	btfsc	status,2,c
  2813   0015A0  EFD4  F00A         	goto	u1931
  2814   0015A4  EFD6  F00A         	goto	u1930
  2815   0015A8                     u1931:
  2816   0015A8  EFDA  F00A         	goto	l786
  2817   0015AC                     u1930:
  2818   0015AC                     l2161:
  2819   0015AC  0E01               	movlw	1
  2820   0015AE  6E27               	movwf	___fldiv@aexp^0,c
  2821   0015B0  EFE3  F00A         	goto	l785
  2822   0015B4                     l786:
  2823   0015B4  A00F               	btfss	___fldiv@b^0,0,c
  2824   0015B6  EFDF  F00A         	goto	u1941
  2825   0015BA  EFE1  F00A         	goto	u1940
  2826   0015BE                     u1941:
  2827   0015BE  EFE3  F00A         	goto	l785
  2828   0015C2                     u1940:
  2829   0015C2  EFD6  F00A         	goto	l2161
  2830   0015C6                     l785:
  2831   0015C6  5027               	movf	___fldiv@aexp^0,w,c
  2832   0015C8  B4D8               	btfsc	status,2,c
  2833   0015CA  EFE9  F00A         	goto	u1951
  2834   0015CE  EFEB  F00A         	goto	u1950
  2835   0015D2                     u1951:
  2836   0015D2  EF0F  F00B         	goto	l2173
  2837   0015D6                     u1950:
  2838   0015D6  0E01               	movlw	1
  2839   0015D8  260F               	addwf	___fldiv@b^0,f,c
  2840   0015DA  0E00               	movlw	0
  2841   0015DC  2210               	addwfc	(___fldiv@b+1)^0,f,c
  2842   0015DE  2211               	addwfc	(___fldiv@b+2)^0,f,c
  2843   0015E0  2212               	addwfc	(___fldiv@b+3)^0,f,c
  2844   0015E2  A012               	btfss	(___fldiv@b+3)^0,0,c
  2845   0015E4  EFF6  F00A         	goto	u1961
  2846   0015E8  EFF8  F00A         	goto	u1960
  2847   0015EC                     u1961:
  2848   0015EC  EF0F  F00B         	goto	l2173
  2849   0015F0                     u1960:
  2850   0015F0  C00F  F017         	movff	___fldiv@b,??___fldiv
  2851   0015F4  C010  F018         	movff	___fldiv@b+1,??___fldiv+1
  2852   0015F8  C011  F019         	movff	___fldiv@b+2,??___fldiv+2
  2853   0015FC  C012  F01A         	movff	___fldiv@b+3,??___fldiv+3
  2854   001600  341A               	rlcf	(??___fldiv+3)^0,w,c
  2855   001602  321A               	rrcf	(??___fldiv+3)^0,f,c
  2856   001604  3219               	rrcf	(??___fldiv+2)^0,f,c
  2857   001606  3218               	rrcf	(??___fldiv+1)^0,f,c
  2858   001608  3217               	rrcf	??___fldiv^0,f,c
  2859   00160A  C017  F00F         	movff	??___fldiv,___fldiv@b
  2860   00160E  C018  F010         	movff	??___fldiv+1,___fldiv@b+1
  2861   001612  C019  F011         	movff	??___fldiv+2,___fldiv@b+2
  2862   001616  C01A  F012         	movff	??___fldiv+3,___fldiv@b+3
  2863   00161A  4A20               	infsnz	___fldiv@new_exp^0,f,c
  2864   00161C  2A21               	incf	(___fldiv@new_exp+1)^0,f,c
  2865   00161E                     l2173:
  2866   00161E  BE21               	btfsc	(___fldiv@new_exp+1)^0,7,c
  2867   001620  EF1A  F00B         	goto	u1971
  2868   001624  5021               	movf	(___fldiv@new_exp+1)^0,w,c
  2869   001626  E108               	bnz	u1970
  2870   001628  2820               	incf	___fldiv@new_exp^0,w,c
  2871   00162A  A0D8               	btfss	status,0,c
  2872   00162C  EF1A  F00B         	goto	u1971
  2873   001630  EF1C  F00B         	goto	u1970
  2874   001634                     u1971:
  2875   001634  EF27  F00B         	goto	l2177
  2876   001638                     u1970:
  2877   001638  0E00               	movlw	0
  2878   00163A  6E21               	movwf	(___fldiv@new_exp+1)^0,c
  2879   00163C  6820               	setf	___fldiv@new_exp^0,c
  2880   00163E  0E00               	movlw	0
  2881   001640  6E0F               	movwf	___fldiv@b^0,c
  2882   001642  0E00               	movlw	0
  2883   001644  6E10               	movwf	(___fldiv@b+1)^0,c
  2884   001646  0E00               	movlw	0
  2885   001648  6E11               	movwf	(___fldiv@b+2)^0,c
  2886   00164A  0E00               	movlw	0
  2887   00164C  6E12               	movwf	(___fldiv@b+3)^0,c
  2888   00164E                     l2177:
  2889   00164E  BE21               	btfsc	(___fldiv@new_exp+1)^0,7,c
  2890   001650  EF34  F00B         	goto	u1980
  2891   001654  5021               	movf	(___fldiv@new_exp+1)^0,w,c
  2892   001656  E106               	bnz	u1981
  2893   001658  0420               	decf	___fldiv@new_exp^0,w,c
  2894   00165A  B0D8               	btfsc	status,0,c
  2895   00165C  EF32  F00B         	goto	u1981
  2896   001660  EF34  F00B         	goto	u1980
  2897   001664                     u1981:
  2898   001664  EF42  F00B         	goto	l2181
  2899   001668                     u1980:
  2900   001668  0E00               	movlw	0
  2901   00166A  6E21               	movwf	(___fldiv@new_exp+1)^0,c
  2902   00166C  0E00               	movlw	0
  2903   00166E  6E20               	movwf	___fldiv@new_exp^0,c
  2904   001670  0E00               	movlw	0
  2905   001672  6E0F               	movwf	___fldiv@b^0,c
  2906   001674  0E00               	movlw	0
  2907   001676  6E10               	movwf	(___fldiv@b+1)^0,c
  2908   001678  0E00               	movlw	0
  2909   00167A  6E11               	movwf	(___fldiv@b+2)^0,c
  2910   00167C  0E00               	movlw	0
  2911   00167E  6E12               	movwf	(___fldiv@b+3)^0,c
  2912   001680  0E00               	movlw	0
  2913   001682  6E1F               	movwf	___fldiv@sign^0,c
  2914   001684                     l2181:
  2915   001684  C020  F026         	movff	___fldiv@new_exp,___fldiv@bexp
  2916   001688  A026               	btfss	___fldiv@bexp^0,0,c
  2917   00168A  EF49  F00B         	goto	u1991
  2918   00168E  EF4B  F00B         	goto	u1990
  2919   001692                     u1991:
  2920   001692  EF4E  F00B         	goto	l2187
  2921   001696                     u1990:
  2922   001696  8E11               	bsf	(___fldiv@b+2)^0,7,c
  2923   001698  EF4F  F00B         	goto	l2189
  2924   00169C                     l2187:
  2925   00169C  9E11               	bcf	(___fldiv@b+2)^0,7,c
  2926   00169E                     l2189:
  2927   00169E  90D8               	bcf	status,0,c
  2928   0016A0  3026               	rrcf	___fldiv@bexp^0,w,c
  2929   0016A2  6E12               	movwf	(___fldiv@b+3)^0,c
  2930   0016A4  EF05  F00A         	goto	l2103
  2931   0016A8                     l772:
  2932   0016A8  0012               	return		;funcret
  2933   0016AA                     __end_of___fldiv:
  2934                           	callstack 0
  2935                           
  2936 ;; *************** function ___fladd *****************
  2937 ;; Defined at:
  2938 ;;		line 10 in file "C:\Program Files\Microchip\xc8\v2.45\pic\sources\c99\common\sprcadd.c"
  2939 ;; Parameters:    Size  Location     Type
  2940 ;;  b               4   39[COMRAM] unsigned char 
  2941 ;;  a               4   43[COMRAM] unsigned char 
  2942 ;; Auto vars:     Size  Location     Type
  2943 ;;  grs             1   54[COMRAM] unsigned char 
  2944 ;;  bexp            1   53[COMRAM] unsigned char 
  2945 ;;  aexp            1   52[COMRAM] unsigned char 
  2946 ;;  signs           1   51[COMRAM] unsigned char 
  2947 ;; Return value:  Size  Location     Type
  2948 ;;                  4   39[COMRAM] unsigned char 
  2949 ;; Registers used:
  2950 ;;		wreg, status,2, status,0
  2951 ;; Tracked objects:
  2952 ;;		On entry : 0/0
  2953 ;;		On exit  : 0/0
  2954 ;;		Unchanged: 0/0
  2955 ;; Data sizes:     COMRAM   BANK0   BANK1   BANK2   BANK3   BANK4   BANK5   BANK6   BANK7
  2956 ;;      Params:         8       0       0       0       0       0       0       0       0
  2957 ;;      Locals:         4       0       0       0       0       0       0       0       0
  2958 ;;      Temps:          4       0       0       0       0       0       0       0       0
  2959 ;;      Totals:        16       0       0       0       0       0       0       0       0
  2960 ;;Total ram usage:       16 bytes
  2961 ;; Hardware stack levels used: 1
  2962 ;; This function calls:
  2963 ;;		Nothing
  2964 ;; This function is called by:
  2965 ;;		_UART_Initial
  2966 ;; This function uses a non-reentrant model
  2967 ;;
  2968                           
  2969                           	psect	text9
  2970   000E50                     __ptext9:
  2971                           	callstack 0
  2972   000E50                     ___fladd:
  2973                           	callstack 29
  2974   000E50  502B               	movf	(___fladd@b+3)^0,w,c
  2975   000E52  0B80               	andlw	128
  2976   000E54  6E34               	movwf	___fladd@signs^0,c
  2977   000E56  502B               	movf	(___fladd@b+3)^0,w,c
  2978   000E58  242B               	addwf	(___fladd@b+3)^0,w,c
  2979   000E5A  6E36               	movwf	___fladd@bexp^0,c
  2980   000E5C  AE2A               	btfss	(___fladd@b+2)^0,7,c
  2981   000E5E  EF33  F007         	goto	u1381
  2982   000E62  EF35  F007         	goto	u1380
  2983   000E66                     u1381:
  2984   000E66  EF36  F007         	goto	l1863
  2985   000E6A                     u1380:
  2986   000E6A  8036               	bsf	___fladd@bexp^0,0,c
  2987   000E6C                     l1863:
  2988   000E6C  5036               	movf	___fladd@bexp^0,w,c
  2989   000E6E  B4D8               	btfsc	status,2,c
  2990   000E70  EF3C  F007         	goto	u1391
  2991   000E74  EF3E  F007         	goto	u1390
  2992   000E78                     u1391:
  2993   000E78  EF53  F007         	goto	l1873
  2994   000E7C                     u1390:
  2995   000E7C  2836               	incf	___fladd@bexp^0,w,c
  2996   000E7E  A4D8               	btfss	status,2,c
  2997   000E80  EF44  F007         	goto	u1401
  2998   000E84  EF46  F007         	goto	u1400
  2999   000E88                     u1401:
  3000   000E88  EF4E  F007         	goto	l1869
  3001   000E8C                     u1400:
  3002   000E8C  0E00               	movlw	0
  3003   000E8E  6E28               	movwf	___fladd@b^0,c
  3004   000E90  0E00               	movlw	0
  3005   000E92  6E29               	movwf	(___fladd@b+1)^0,c
  3006   000E94  0E00               	movlw	0
  3007   000E96  6E2A               	movwf	(___fladd@b+2)^0,c
  3008   000E98  0E00               	movlw	0
  3009   000E9A  6E2B               	movwf	(___fladd@b+3)^0,c
  3010   000E9C                     l1869:
  3011   000E9C  8E2A               	bsf	(___fladd@b+2)^0,7,c
  3012   000E9E  0E00               	movlw	0
  3013   000EA0  6E2B               	movwf	(___fladd@b+3)^0,c
  3014   000EA2  EF5B  F007         	goto	l1875
  3015   000EA6                     l1873:
  3016   000EA6  0E00               	movlw	0
  3017   000EA8  6E28               	movwf	___fladd@b^0,c
  3018   000EAA  0E00               	movlw	0
  3019   000EAC  6E29               	movwf	(___fladd@b+1)^0,c
  3020   000EAE  0E00               	movlw	0
  3021   000EB0  6E2A               	movwf	(___fladd@b+2)^0,c
  3022   000EB2  0E00               	movlw	0
  3023   000EB4  6E2B               	movwf	(___fladd@b+3)^0,c
  3024   000EB6                     l1875:
  3025   000EB6  502F               	movf	(___fladd@a+3)^0,w,c
  3026   000EB8  0B80               	andlw	128
  3027   000EBA  6E35               	movwf	___fladd@aexp^0,c
  3028   000EBC  5034               	movf	___fladd@signs^0,w,c
  3029   000EBE  1835               	xorwf	___fladd@aexp^0,w,c
  3030   000EC0  B4D8               	btfsc	status,2,c
  3031   000EC2  EF65  F007         	goto	u1411
  3032   000EC6  EF67  F007         	goto	u1410
  3033   000ECA                     u1411:
  3034   000ECA  EF68  F007         	goto	l1881
  3035   000ECE                     u1410:
  3036   000ECE  8C34               	bsf	___fladd@signs^0,6,c
  3037   000ED0                     l1881:
  3038   000ED0  502F               	movf	(___fladd@a+3)^0,w,c
  3039   000ED2  242F               	addwf	(___fladd@a+3)^0,w,c
  3040   000ED4  6E35               	movwf	___fladd@aexp^0,c
  3041   000ED6  AE2E               	btfss	(___fladd@a+2)^0,7,c
  3042   000ED8  EF70  F007         	goto	u1421
  3043   000EDC  EF72  F007         	goto	u1420
  3044   000EE0                     u1421:
  3045   000EE0  EF73  F007         	goto	l1887
  3046   000EE4                     u1420:
  3047   000EE4  8035               	bsf	___fladd@aexp^0,0,c
  3048   000EE6                     l1887:
  3049   000EE6  5035               	movf	___fladd@aexp^0,w,c
  3050   000EE8  B4D8               	btfsc	status,2,c
  3051   000EEA  EF79  F007         	goto	u1431
  3052   000EEE  EF7B  F007         	goto	u1430
  3053   000EF2                     u1431:
  3054   000EF2  EF90  F007         	goto	l1897
  3055   000EF6                     u1430:
  3056   000EF6  2835               	incf	___fladd@aexp^0,w,c
  3057   000EF8  A4D8               	btfss	status,2,c
  3058   000EFA  EF81  F007         	goto	u1441
  3059   000EFE  EF83  F007         	goto	u1440
  3060   000F02                     u1441:
  3061   000F02  EF8B  F007         	goto	l1893
  3062   000F06                     u1440:
  3063   000F06  0E00               	movlw	0
  3064   000F08  6E2C               	movwf	___fladd@a^0,c
  3065   000F0A  0E00               	movlw	0
  3066   000F0C  6E2D               	movwf	(___fladd@a+1)^0,c
  3067   000F0E  0E00               	movlw	0
  3068   000F10  6E2E               	movwf	(___fladd@a+2)^0,c
  3069   000F12  0E00               	movlw	0
  3070   000F14  6E2F               	movwf	(___fladd@a+3)^0,c
  3071   000F16                     l1893:
  3072   000F16  8E2E               	bsf	(___fladd@a+2)^0,7,c
  3073   000F18  0E00               	movlw	0
  3074   000F1A  6E2F               	movwf	(___fladd@a+3)^0,c
  3075   000F1C  EF98  F007         	goto	l1899
  3076   000F20                     l1897:
  3077   000F20  0E00               	movlw	0
  3078   000F22  6E2C               	movwf	___fladd@a^0,c
  3079   000F24  0E00               	movlw	0
  3080   000F26  6E2D               	movwf	(___fladd@a+1)^0,c
  3081   000F28  0E00               	movlw	0
  3082   000F2A  6E2E               	movwf	(___fladd@a+2)^0,c
  3083   000F2C  0E00               	movlw	0
  3084   000F2E  6E2F               	movwf	(___fladd@a+3)^0,c
  3085   000F30                     l1899:
  3086   000F30  5036               	movf	___fladd@bexp^0,w,c
  3087   000F32  5C35               	subwf	___fladd@aexp^0,w,c
  3088   000F34  B0D8               	btfsc	status,0,c
  3089   000F36  EF9F  F007         	goto	u1451
  3090   000F3A  EFA1  F007         	goto	u1450
  3091   000F3E                     u1451:
  3092   000F3E  EFC8  F007         	goto	l1935
  3093   000F42                     u1450:
  3094   000F42  AC34               	btfss	___fladd@signs^0,6,c
  3095   000F44  EFA6  F007         	goto	u1461
  3096   000F48  EFA8  F007         	goto	u1460
  3097   000F4C                     u1461:
  3098   000F4C  EFAA  F007         	goto	l1905
  3099   000F50                     u1460:
  3100   000F50  0E80               	movlw	128
  3101   000F52  1A34               	xorwf	___fladd@signs^0,f,c
  3102   000F54                     l1905:
  3103   000F54  C036  F037         	movff	___fladd@bexp,___fladd@grs
  3104   000F58  C035  F036         	movff	___fladd@aexp,___fladd@bexp
  3105   000F5C  C037  F035         	movff	___fladd@grs,___fladd@aexp
  3106   000F60  C028  F037         	movff	___fladd@b,___fladd@grs
  3107   000F64  C02C  F028         	movff	___fladd@a,___fladd@b
  3108   000F68  C037  F02C         	movff	___fladd@grs,___fladd@a
  3109   000F6C  C029  F037         	movff	___fladd@b+1,___fladd@grs
  3110   000F70  C02D  F029         	movff	___fladd@a+1,___fladd@b+1
  3111   000F74  C037  F02D         	movff	___fladd@grs,___fladd@a+1
  3112   000F78  C02A  F037         	movff	___fladd@b+2,___fladd@grs
  3113   000F7C  C02E  F02A         	movff	___fladd@a+2,___fladd@b+2
  3114   000F80  C037  F02E         	movff	___fladd@grs,___fladd@a+2
  3115   000F84  C02B  F037         	movff	___fladd@b+3,___fladd@grs
  3116   000F88  C02F  F02B         	movff	___fladd@a+3,___fladd@b+3
  3117   000F8C  C037  F02F         	movff	___fladd@grs,___fladd@a+3
  3118   000F90                     l1935:
  3119   000F90  0E00               	movlw	0
  3120   000F92  6E37               	movwf	___fladd@grs^0,c
  3121   000F94  5036               	movf	___fladd@bexp^0,w,c
  3122   000F96  C035  F030         	movff	___fladd@aexp,??___fladd
  3123   000F9A  6A31               	clrf	(??___fladd+1)^0,c
  3124   000F9C  5E30               	subwf	??___fladd^0,f,c
  3125   000F9E  0E00               	movlw	0
  3126   000FA0  5A31               	subwfb	(??___fladd+1)^0,f,c
  3127   000FA2  BE31               	btfsc	(??___fladd+1)^0,7,c
  3128   000FA4  EFDD  F007         	goto	u1471
  3129   000FA8  5031               	movf	(??___fladd+1)^0,w,c
  3130   000FAA  E109               	bnz	u1470
  3131   000FAC  0E1A               	movlw	26
  3132   000FAE  5C30               	subwf	??___fladd^0,w,c
  3133   000FB0  A0D8               	btfss	status,0,c
  3134   000FB2  EFDD  F007         	goto	u1471
  3135   000FB6  EFDF  F007         	goto	u1470
  3136   000FBA                     u1471:
  3137   000FBA  EF16  F008         	goto	l719
  3138   000FBE                     u1470:
  3139   000FBE  5028               	movf	___fladd@b^0,w,c
  3140   000FC0  1029               	iorwf	(___fladd@b+1)^0,w,c
  3141   000FC2  102A               	iorwf	(___fladd@b+2)^0,w,c
  3142   000FC4  102B               	iorwf	(___fladd@b+3)^0,w,c
  3143   000FC6  A4D8               	btfss	status,2,c
  3144   000FC8  EFE8  F007         	goto	u1481
  3145   000FCC  EFEB  F007         	goto	u1480
  3146   000FD0                     u1481:
  3147   000FD0  0E01               	movlw	1
  3148   000FD2  EFEC  F007         	goto	u1490
  3149   000FD6                     u1480:
  3150   000FD6  0E00               	movlw	0
  3151   000FD8                     u1490:
  3152   000FD8  6E37               	movwf	___fladd@grs^0,c
  3153   000FDA  0E00               	movlw	0
  3154   000FDC  6E28               	movwf	___fladd@b^0,c
  3155   000FDE  0E00               	movlw	0
  3156   000FE0  6E29               	movwf	(___fladd@b+1)^0,c
  3157   000FE2  0E00               	movlw	0
  3158   000FE4  6E2A               	movwf	(___fladd@b+2)^0,c
  3159   000FE6  0E00               	movlw	0
  3160   000FE8  6E2B               	movwf	(___fladd@b+3)^0,c
  3161   000FEA  C035  F036         	movff	___fladd@aexp,___fladd@bexp
  3162   000FEE  EF1F  F008         	goto	l718
  3163   000FF2                     l720:
  3164   000FF2  A037               	btfss	___fladd@grs^0,0,c
  3165   000FF4  EFFE  F007         	goto	u1501
  3166   000FF8  EF00  F008         	goto	u1500
  3167   000FFC                     u1501:
  3168   000FFC  EF06  F008         	goto	l1947
  3169   001000                     u1500:
  3170   001000  90D8               	bcf	status,0,c
  3171   001002  3037               	rrcf	___fladd@grs^0,w,c
  3172   001004  0901               	iorlw	1
  3173   001006  6E37               	movwf	___fladd@grs^0,c
  3174   001008  EF08  F008         	goto	l1949
  3175   00100C                     l1947:
  3176   00100C  90D8               	bcf	status,0,c
  3177   00100E  3237               	rrcf	___fladd@grs^0,f,c
  3178   001010                     l1949:
  3179   001010  A028               	btfss	___fladd@b^0,0,c
  3180   001012  EF0D  F008         	goto	u1511
  3181   001016  EF0F  F008         	goto	u1510
  3182   00101A                     u1511:
  3183   00101A  EF10  F008         	goto	l1953
  3184   00101E                     u1510:
  3185   00101E  8E37               	bsf	___fladd@grs^0,7,c
  3186   001020                     l1953:
  3187   001020  342B               	rlcf	(___fladd@b+3)^0,w,c
  3188   001022  322B               	rrcf	(___fladd@b+3)^0,f,c
  3189   001024  322A               	rrcf	(___fladd@b+2)^0,f,c
  3190   001026  3229               	rrcf	(___fladd@b+1)^0,f,c
  3191   001028  3228               	rrcf	___fladd@b^0,f,c
  3192   00102A  2A36               	incf	___fladd@bexp^0,f,c
  3193   00102C                     l719:
  3194   00102C  5035               	movf	___fladd@aexp^0,w,c
  3195   00102E  5C36               	subwf	___fladd@bexp^0,w,c
  3196   001030  A0D8               	btfss	status,0,c
  3197   001032  EF1D  F008         	goto	u1521
  3198   001036  EF1F  F008         	goto	u1520
  3199   00103A                     u1521:
  3200   00103A  EFF9  F007         	goto	l720
  3201   00103E                     u1520:
  3202   00103E                     l718:
  3203   00103E  BC34               	btfsc	___fladd@signs^0,6,c
  3204   001040  EF24  F008         	goto	u1531
  3205   001044  EF26  F008         	goto	u1530
  3206   001048                     u1531:
  3207   001048  EF66  F008         	goto	l1981
  3208   00104C                     u1530:
  3209   00104C  5036               	movf	___fladd@bexp^0,w,c
  3210   00104E  A4D8               	btfss	status,2,c
  3211   001050  EF2C  F008         	goto	u1541
  3212   001054  EF2E  F008         	goto	u1540
  3213   001058                     u1541:
  3214   001058  EF38  F008         	goto	l1963
  3215   00105C                     u1540:
  3216   00105C  0E00               	movlw	0
  3217   00105E  6E28               	movwf	?___fladd^0,c
  3218   001060  0E00               	movlw	0
  3219   001062  6E29               	movwf	(?___fladd+1)^0,c
  3220   001064  0E00               	movlw	0
  3221   001066  6E2A               	movwf	(?___fladd+2)^0,c
  3222   001068  0E00               	movlw	0
  3223   00106A  6E2B               	movwf	(?___fladd+3)^0,c
  3224   00106C  EF87  F009         	goto	l727
  3225   001070                     l1963:
  3226   001070  502C               	movf	___fladd@a^0,w,c
  3227   001072  2628               	addwf	___fladd@b^0,f,c
  3228   001074  502D               	movf	(___fladd@a+1)^0,w,c
  3229   001076  2229               	addwfc	(___fladd@b+1)^0,f,c
  3230   001078  502E               	movf	(___fladd@a+2)^0,w,c
  3231   00107A  222A               	addwfc	(___fladd@b+2)^0,f,c
  3232   00107C  502F               	movf	(___fladd@a+3)^0,w,c
  3233   00107E  222B               	addwfc	(___fladd@b+3)^0,f,c
  3234   001080  A02B               	btfss	(___fladd@b+3)^0,0,c
  3235   001082  EF45  F008         	goto	u1551
  3236   001086  EF47  F008         	goto	u1550
  3237   00108A                     u1551:
  3238   00108A  EFF3  F008         	goto	l2017
  3239   00108E                     u1550:
  3240   00108E  A037               	btfss	___fladd@grs^0,0,c
  3241   001090  EF4C  F008         	goto	u1561
  3242   001094  EF4E  F008         	goto	u1560
  3243   001098                     u1561:
  3244   001098  EF54  F008         	goto	l1971
  3245   00109C                     u1560:
  3246   00109C  90D8               	bcf	status,0,c
  3247   00109E  3037               	rrcf	___fladd@grs^0,w,c
  3248   0010A0  0901               	iorlw	1
  3249   0010A2  6E37               	movwf	___fladd@grs^0,c
  3250   0010A4  EF56  F008         	goto	l1973
  3251   0010A8                     l1971:
  3252   0010A8  90D8               	bcf	status,0,c
  3253   0010AA  3237               	rrcf	___fladd@grs^0,f,c
  3254   0010AC                     l1973:
  3255   0010AC  A028               	btfss	___fladd@b^0,0,c
  3256   0010AE  EF5B  F008         	goto	u1571
  3257   0010B2  EF5D  F008         	goto	u1570
  3258   0010B6                     u1571:
  3259   0010B6  EF5E  F008         	goto	l1977
  3260   0010BA                     u1570:
  3261   0010BA  8E37               	bsf	___fladd@grs^0,7,c
  3262   0010BC                     l1977:
  3263   0010BC  342B               	rlcf	(___fladd@b+3)^0,w,c
  3264   0010BE  322B               	rrcf	(___fladd@b+3)^0,f,c
  3265   0010C0  322A               	rrcf	(___fladd@b+2)^0,f,c
  3266   0010C2  3229               	rrcf	(___fladd@b+1)^0,f,c
  3267   0010C4  3228               	rrcf	___fladd@b^0,f,c
  3268   0010C6  2A36               	incf	___fladd@bexp^0,f,c
  3269   0010C8  EFF3  F008         	goto	l2017
  3270   0010CC                     l1981:
  3271   0010CC  502C               	movf	___fladd@a^0,w,c
  3272   0010CE  5C28               	subwf	___fladd@b^0,w,c
  3273   0010D0  502D               	movf	(___fladd@a+1)^0,w,c
  3274   0010D2  5829               	subwfb	(___fladd@b+1)^0,w,c
  3275   0010D4  502E               	movf	(___fladd@a+2)^0,w,c
  3276   0010D6  582A               	subwfb	(___fladd@b+2)^0,w,c
  3277   0010D8  502B               	movf	(___fladd@b+3)^0,w,c
  3278   0010DA  0A80               	xorlw	128
  3279   0010DC  6E30               	movwf	??___fladd^0,c
  3280   0010DE  502F               	movf	(___fladd@a+3)^0,w,c
  3281   0010E0  0A80               	xorlw	128
  3282   0010E2  5830               	subwfb	??___fladd^0,w,c
  3283   0010E4  B0D8               	btfsc	status,0,c
  3284   0010E6  EF77  F008         	goto	u1581
  3285   0010EA  EF79  F008         	goto	u1580
  3286   0010EE                     u1581:
  3287   0010EE  EFA4  F008         	goto	l1991
  3288   0010F2                     u1580:
  3289   0010F2  5028               	movf	___fladd@b^0,w,c
  3290   0010F4  5C2C               	subwf	___fladd@a^0,w,c
  3291   0010F6  6E30               	movwf	??___fladd^0,c
  3292   0010F8  5029               	movf	(___fladd@b+1)^0,w,c
  3293   0010FA  582D               	subwfb	(___fladd@a+1)^0,w,c
  3294   0010FC  6E31               	movwf	(??___fladd+1)^0,c
  3295   0010FE  502A               	movf	(___fladd@b+2)^0,w,c
  3296   001100  582E               	subwfb	(___fladd@a+2)^0,w,c
  3297   001102  6E32               	movwf	(??___fladd+2)^0,c
  3298   001104  502B               	movf	(___fladd@b+3)^0,w,c
  3299   001106  582F               	subwfb	(___fladd@a+3)^0,w,c
  3300   001108  6E33               	movwf	(??___fladd+3)^0,c
  3301   00110A  0EFF               	movlw	255
  3302   00110C  2430               	addwf	??___fladd^0,w,c
  3303   00110E  6E28               	movwf	___fladd@b^0,c
  3304   001110  0EFF               	movlw	255
  3305   001112  2031               	addwfc	(??___fladd+1)^0,w,c
  3306   001114  6E29               	movwf	(___fladd@b+1)^0,c
  3307   001116  0EFF               	movlw	255
  3308   001118  2032               	addwfc	(??___fladd+2)^0,w,c
  3309   00111A  6E2A               	movwf	(___fladd@b+2)^0,c
  3310   00111C  0EFF               	movlw	255
  3311   00111E  2033               	addwfc	(??___fladd+3)^0,w,c
  3312   001120  6E2B               	movwf	(___fladd@b+3)^0,c
  3313   001122  0E80               	movlw	128
  3314   001124  1A34               	xorwf	___fladd@signs^0,f,c
  3315   001126  6C37               	negf	___fladd@grs^0,c
  3316   001128  5037               	movf	___fladd@grs^0,w,c
  3317   00112A  A4D8               	btfss	status,2,c
  3318   00112C  EF9A  F008         	goto	u1591
  3319   001130  EF9C  F008         	goto	u1590
  3320   001134                     u1591:
  3321   001134  EFAC  F008         	goto	l735
  3322   001138                     u1590:
  3323   001138  0E01               	movlw	1
  3324   00113A  2628               	addwf	___fladd@b^0,f,c
  3325   00113C  0E00               	movlw	0
  3326   00113E  2229               	addwfc	(___fladd@b+1)^0,f,c
  3327   001140  222A               	addwfc	(___fladd@b+2)^0,f,c
  3328   001142  222B               	addwfc	(___fladd@b+3)^0,f,c
  3329   001144  EFAC  F008         	goto	l735
  3330   001148                     l1991:
  3331   001148  502C               	movf	___fladd@a^0,w,c
  3332   00114A  5E28               	subwf	___fladd@b^0,f,c
  3333   00114C  502D               	movf	(___fladd@a+1)^0,w,c
  3334   00114E  5A29               	subwfb	(___fladd@b+1)^0,f,c
  3335   001150  502E               	movf	(___fladd@a+2)^0,w,c
  3336   001152  5A2A               	subwfb	(___fladd@b+2)^0,f,c
  3337   001154  502F               	movf	(___fladd@a+3)^0,w,c
  3338   001156  5A2B               	subwfb	(___fladd@b+3)^0,f,c
  3339   001158                     l735:
  3340   001158  5028               	movf	___fladd@b^0,w,c
  3341   00115A  1029               	iorwf	(___fladd@b+1)^0,w,c
  3342   00115C  102A               	iorwf	(___fladd@b+2)^0,w,c
  3343   00115E  102B               	iorwf	(___fladd@b+3)^0,w,c
  3344   001160  A4D8               	btfss	status,2,c
  3345   001162  EFB5  F008         	goto	u1601
  3346   001166  EFB7  F008         	goto	u1600
  3347   00116A                     u1601:
  3348   00116A  EFEC  F008         	goto	l2015
  3349   00116E                     u1600:
  3350   00116E  5037               	movf	___fladd@grs^0,w,c
  3351   001170  A4D8               	btfss	status,2,c
  3352   001172  EFBD  F008         	goto	u1611
  3353   001176  EFBF  F008         	goto	u1610
  3354   00117A                     u1611:
  3355   00117A  EFEC  F008         	goto	l2015
  3356   00117E                     u1610:
  3357   00117E  0E00               	movlw	0
  3358   001180  6E28               	movwf	?___fladd^0,c
  3359   001182  0E00               	movlw	0
  3360   001184  6E29               	movwf	(?___fladd+1)^0,c
  3361   001186  0E00               	movlw	0
  3362   001188  6E2A               	movwf	(?___fladd+2)^0,c
  3363   00118A  0E00               	movlw	0
  3364   00118C  6E2B               	movwf	(?___fladd+3)^0,c
  3365   00118E  EF87  F009         	goto	l727
  3366   001192                     l1999:
  3367   001192  90D8               	bcf	status,0,c
  3368   001194  3628               	rlcf	___fladd@b^0,f,c
  3369   001196  3629               	rlcf	(___fladd@b+1)^0,f,c
  3370   001198  362A               	rlcf	(___fladd@b+2)^0,f,c
  3371   00119A  362B               	rlcf	(___fladd@b+3)^0,f,c
  3372   00119C  AE37               	btfss	___fladd@grs^0,7,c
  3373   00119E  EFD3  F008         	goto	u1621
  3374   0011A2  EFD5  F008         	goto	u1620
  3375   0011A6                     u1621:
  3376   0011A6  EFD6  F008         	goto	l2005
  3377   0011AA                     u1620:
  3378   0011AA  8028               	bsf	___fladd@b^0,0,c
  3379   0011AC                     l2005:
  3380   0011AC  A037               	btfss	___fladd@grs^0,0,c
  3381   0011AE  EFDB  F008         	goto	u1631
  3382   0011B2  EFDD  F008         	goto	u1630
  3383   0011B6                     u1631:
  3384   0011B6  EFE1  F008         	goto	l2009
  3385   0011BA                     u1630:
  3386   0011BA  80D8               	bsf	status,0,c
  3387   0011BC  3637               	rlcf	___fladd@grs^0,f,c
  3388   0011BE  EFE3  F008         	goto	l2011
  3389   0011C2                     l2009:
  3390   0011C2  90D8               	bcf	status,0,c
  3391   0011C4  3637               	rlcf	___fladd@grs^0,f,c
  3392   0011C6                     l2011:
  3393   0011C6  5036               	movf	___fladd@bexp^0,w,c
  3394   0011C8  B4D8               	btfsc	status,2,c
  3395   0011CA  EFE9  F008         	goto	u1641
  3396   0011CE  EFEB  F008         	goto	u1640
  3397   0011D2                     u1641:
  3398   0011D2  EFEC  F008         	goto	l2015
  3399   0011D6                     u1640:
  3400   0011D6  0636               	decf	___fladd@bexp^0,f,c
  3401   0011D8                     l2015:
  3402   0011D8  AE2A               	btfss	(___fladd@b+2)^0,7,c
  3403   0011DA  EFF1  F008         	goto	u1651
  3404   0011DE  EFF3  F008         	goto	u1650
  3405   0011E2                     u1651:
  3406   0011E2  EFC9  F008         	goto	l1999
  3407   0011E6                     u1650:
  3408   0011E6                     l2017:
  3409   0011E6  0E00               	movlw	0
  3410   0011E8  6E35               	movwf	___fladd@aexp^0,c
  3411   0011EA  AE37               	btfss	___fladd@grs^0,7,c
  3412   0011EC  EFFA  F008         	goto	u1661
  3413   0011F0  EFFC  F008         	goto	u1660
  3414   0011F4                     u1661:
  3415   0011F4  EF14  F009         	goto	l744
  3416   0011F8                     u1660:
  3417   0011F8  C037  F030         	movff	___fladd@grs,??___fladd
  3418   0011FC  0E7F               	movlw	127
  3419   0011FE  1630               	andwf	??___fladd^0,f,c
  3420   001200  B4D8               	btfsc	status,2,c
  3421   001202  EF05  F009         	goto	u1671
  3422   001206  EF07  F009         	goto	u1670
  3423   00120A                     u1671:
  3424   00120A  EF0B  F009         	goto	l745
  3425   00120E                     u1670:
  3426   00120E                     l2023:
  3427   00120E  0E01               	movlw	1
  3428   001210  6E35               	movwf	___fladd@aexp^0,c
  3429   001212  EF14  F009         	goto	l744
  3430   001216                     l745:
  3431   001216  A028               	btfss	___fladd@b^0,0,c
  3432   001218  EF10  F009         	goto	u1681
  3433   00121C  EF12  F009         	goto	u1680
  3434   001220                     u1681:
  3435   001220  EF14  F009         	goto	l744
  3436   001224                     u1680:
  3437   001224  EF07  F009         	goto	l2023
  3438   001228                     l744:
  3439   001228  5035               	movf	___fladd@aexp^0,w,c
  3440   00122A  B4D8               	btfsc	status,2,c
  3441   00122C  EF1A  F009         	goto	u1691
  3442   001230  EF1C  F009         	goto	u1690
  3443   001234                     u1691:
  3444   001234  EF47  F009         	goto	l2035
  3445   001238                     u1690:
  3446   001238  0E01               	movlw	1
  3447   00123A  2628               	addwf	___fladd@b^0,f,c
  3448   00123C  0E00               	movlw	0
  3449   00123E  2229               	addwfc	(___fladd@b+1)^0,f,c
  3450   001240  222A               	addwfc	(___fladd@b+2)^0,f,c
  3451   001242  222B               	addwfc	(___fladd@b+3)^0,f,c
  3452   001244  A02B               	btfss	(___fladd@b+3)^0,0,c
  3453   001246  EF27  F009         	goto	u1701
  3454   00124A  EF29  F009         	goto	u1700
  3455   00124E                     u1701:
  3456   00124E  EF47  F009         	goto	l2035
  3457   001252                     u1700:
  3458   001252  C028  F030         	movff	___fladd@b,??___fladd
  3459   001256  C029  F031         	movff	___fladd@b+1,??___fladd+1
  3460   00125A  C02A  F032         	movff	___fladd@b+2,??___fladd+2
  3461   00125E  C02B  F033         	movff	___fladd@b+3,??___fladd+3
  3462   001262  3433               	rlcf	(??___fladd+3)^0,w,c
  3463   001264  3233               	rrcf	(??___fladd+3)^0,f,c
  3464   001266  3232               	rrcf	(??___fladd+2)^0,f,c
  3465   001268  3231               	rrcf	(??___fladd+1)^0,f,c
  3466   00126A  3230               	rrcf	??___fladd^0,f,c
  3467   00126C  C030  F028         	movff	??___fladd,___fladd@b
  3468   001270  C031  F029         	movff	??___fladd+1,___fladd@b+1
  3469   001274  C032  F02A         	movff	??___fladd+2,___fladd@b+2
  3470   001278  C033  F02B         	movff	??___fladd+3,___fladd@b+3
  3471   00127C  2836               	incf	___fladd@bexp^0,w,c
  3472   00127E  B4D8               	btfsc	status,2,c
  3473   001280  EF44  F009         	goto	u1711
  3474   001284  EF46  F009         	goto	u1710
  3475   001288                     u1711:
  3476   001288  EF47  F009         	goto	l2035
  3477   00128C                     u1710:
  3478   00128C  2A36               	incf	___fladd@bexp^0,f,c
  3479   00128E                     l2035:
  3480   00128E  2836               	incf	___fladd@bexp^0,w,c
  3481   001290  B4D8               	btfsc	status,2,c
  3482   001292  EF4D  F009         	goto	u1721
  3483   001296  EF4F  F009         	goto	u1720
  3484   00129A                     u1721:
  3485   00129A  EF57  F009         	goto	l2039
  3486   00129E                     u1720:
  3487   00129E  5036               	movf	___fladd@bexp^0,w,c
  3488   0012A0  A4D8               	btfss	status,2,c
  3489   0012A2  EF55  F009         	goto	u1731
  3490   0012A6  EF57  F009         	goto	u1730
  3491   0012AA                     u1731:
  3492   0012AA  EF69  F009         	goto	l2043
  3493   0012AE                     u1730:
  3494   0012AE                     l2039:
  3495   0012AE  0E00               	movlw	0
  3496   0012B0  6E28               	movwf	___fladd@b^0,c
  3497   0012B2  0E00               	movlw	0
  3498   0012B4  6E29               	movwf	(___fladd@b+1)^0,c
  3499   0012B6  0E00               	movlw	0
  3500   0012B8  6E2A               	movwf	(___fladd@b+2)^0,c
  3501   0012BA  0E00               	movlw	0
  3502   0012BC  6E2B               	movwf	(___fladd@b+3)^0,c
  3503   0012BE  5036               	movf	___fladd@bexp^0,w,c
  3504   0012C0  A4D8               	btfss	status,2,c
  3505   0012C2  EF65  F009         	goto	u1741
  3506   0012C6  EF67  F009         	goto	u1740
  3507   0012CA                     u1741:
  3508   0012CA  EF69  F009         	goto	l2043
  3509   0012CE                     u1740:
  3510   0012CE  0E00               	movlw	0
  3511   0012D0  6E34               	movwf	___fladd@signs^0,c
  3512   0012D2                     l2043:
  3513   0012D2  A036               	btfss	___fladd@bexp^0,0,c
  3514   0012D4  EF6E  F009         	goto	u1751
  3515   0012D8  EF70  F009         	goto	u1750
  3516   0012DC                     u1751:
  3517   0012DC  EF73  F009         	goto	l2047
  3518   0012E0                     u1750:
  3519   0012E0  8E2A               	bsf	(___fladd@b+2)^0,7,c
  3520   0012E2  EF74  F009         	goto	l2049
  3521   0012E6                     l2047:
  3522   0012E6  9E2A               	bcf	(___fladd@b+2)^0,7,c
  3523   0012E8                     l2049:
  3524   0012E8  90D8               	bcf	status,0,c
  3525   0012EA  3036               	rrcf	___fladd@bexp^0,w,c
  3526   0012EC  6E2B               	movwf	(___fladd@b+3)^0,c
  3527   0012EE  AE34               	btfss	___fladd@signs^0,7,c
  3528   0012F0  EF7C  F009         	goto	u1761
  3529   0012F4  EF7E  F009         	goto	u1760
  3530   0012F8                     u1761:
  3531   0012F8  EF7F  F009         	goto	l2055
  3532   0012FC                     u1760:
  3533   0012FC  8E2B               	bsf	(___fladd@b+3)^0,7,c
  3534   0012FE                     l2055:
  3535   0012FE  C028  F028         	movff	___fladd@b,?___fladd
  3536   001302  C029  F029         	movff	___fladd@b+1,?___fladd+1
  3537   001306  C02A  F02A         	movff	___fladd@b+2,?___fladd+2
  3538   00130A  C02B  F02B         	movff	___fladd@b+3,?___fladd+3
  3539   00130E                     l727:
  3540   00130E  0012               	return		;funcret
  3541   001310                     __end_of___fladd:
  3542                           	callstack 0
  3543                           
  3544 ;; *************** function _LCD_set_cursor *****************
  3545 ;; Defined at:
  3546 ;;		line 149 in file "Codigo_Practica6_Parte4.c"
  3547 ;; Parameters:    Size  Location     Type
  3548 ;;  row             1    wreg     unsigned char 
  3549 ;;  col             1    4[COMRAM] unsigned char 
  3550 ;; Auto vars:     Size  Location     Type
  3551 ;;  row             1    5[COMRAM] unsigned char 
  3552 ;;  cmd             1    8[COMRAM] unsigned char 
  3553 ;; Return value:  Size  Location     Type
  3554 ;;                  1    wreg      void 
  3555 ;; Registers used:
  3556 ;;		wreg, status,2, status,0, cstack
  3557 ;; Tracked objects:
  3558 ;;		On entry : 0/0
  3559 ;;		On exit  : 0/0
  3560 ;;		Unchanged: 0/0
  3561 ;; Data sizes:     COMRAM   BANK0   BANK1   BANK2   BANK3   BANK4   BANK5   BANK6   BANK7
  3562 ;;      Params:         1       0       0       0       0       0       0       0       0
  3563 ;;      Locals:         4       0       0       0       0       0       0       0       0
  3564 ;;      Temps:          0       0       0       0       0       0       0       0       0
  3565 ;;      Totals:         5       0       0       0       0       0       0       0       0
  3566 ;;Total ram usage:        5 bytes
  3567 ;; Hardware stack levels used: 1
  3568 ;; Hardware stack levels required when called: 2
  3569 ;; This function calls:
  3570 ;;		_Tx_DATO
  3571 ;; This function is called by:
  3572 ;;		_main
  3573 ;; This function uses a non-reentrant model
  3574 ;;
  3575                           
  3576                           	psect	text10
  3577   001D0A                     __ptext10:
  3578                           	callstack 0
  3579   001D0A                     _LCD_set_cursor:
  3580                           	callstack 28
  3581                           
  3582                           ;incstack = 0
  3583                           ;LCD_set_cursor@row stored from wreg
  3584   001D0A  6E06               	movwf	LCD_set_cursor@row^0,c
  3585   001D0C                     
  3586                           ;Codigo_Practica6_Parte4.c: 150:     unsigned char cmd = (row == 1) ? (0x80 + (col - 1))
      +                           : (0xC0 + (col - 1));
  3587   001D0C  0406               	decf	LCD_set_cursor@row^0,w,c
  3588   001D0E  B4D8               	btfsc	status,2,c
  3589   001D10  EF8C  F00E         	goto	u2191
  3590   001D14  EF8E  F00E         	goto	u2190
  3591   001D18                     u2191:
  3592   001D18  EF96  F00E         	goto	l2347
  3593   001D1C                     u2190:
  3594   001D1C  0EBF               	movlw	191
  3595   001D1E  2405               	addwf	LCD_set_cursor@col^0,w,c
  3596   001D20  6E07               	movwf	_LCD_set_cursor$430^0,c
  3597   001D22  6A08               	clrf	(_LCD_set_cursor$430+1)^0,c
  3598   001D24  0E00               	movlw	0
  3599   001D26  2208               	addwfc	(_LCD_set_cursor$430+1)^0,f,c
  3600   001D28  EF9C  F00E         	goto	l2349
  3601   001D2C                     l2347:
  3602   001D2C  0E7F               	movlw	127
  3603   001D2E  2405               	addwf	LCD_set_cursor@col^0,w,c
  3604   001D30  6E07               	movwf	_LCD_set_cursor$430^0,c
  3605   001D32  6A08               	clrf	(_LCD_set_cursor$430+1)^0,c
  3606   001D34  0E00               	movlw	0
  3607   001D36  2208               	addwfc	(_LCD_set_cursor$430+1)^0,f,c
  3608   001D38                     l2349:
  3609   001D38  C007  F009         	movff	_LCD_set_cursor$430,LCD_set_cursor@cmd
  3610   001D3C                     
  3611                           ;Codigo_Practica6_Parte4.c: 151:     Tx_DATO(cmd, 0);
  3612   001D3C  0E00               	movlw	0
  3613   001D3E  6E01               	movwf	Tx_DATO@is_char^0,c
  3614   001D40  5009               	movf	LCD_set_cursor@cmd^0,w,c
  3615   001D42  EC5D  F00E         	call	_Tx_DATO
  3616   001D46  0012               	return		;funcret
  3617   001D48                     __end_of_LCD_set_cursor:
  3618                           	callstack 0
  3619                           
  3620 ;; *************** function _LCD_print *****************
  3621 ;; Defined at:
  3622 ;;		line 154 in file "Codigo_Practica6_Parte4.c"
  3623 ;; Parameters:    Size  Location     Type
  3624 ;;  str             1    4[COMRAM] PTR const unsigned char 
  3625 ;;		 -> STR_10(17), STR_9(5), STR_8(13), STR_7(17), 
  3626 ;;		 -> STR_6(16), STR_5(18), STR_4(17), STR_3(11), 
  3627 ;;		 -> STR_2(7), STR_1(15), 
  3628 ;; Auto vars:     Size  Location     Type
  3629 ;;		None
  3630 ;; Return value:  Size  Location     Type
  3631 ;;                  1    wreg      void 
  3632 ;; Registers used:
  3633 ;;		wreg, status,2, status,0, tblptrl, tblptrh, tblptru, cstack
  3634 ;; Tracked objects:
  3635 ;;		On entry : 0/0
  3636 ;;		On exit  : 0/0
  3637 ;;		Unchanged: 0/0
  3638 ;; Data sizes:     COMRAM   BANK0   BANK1   BANK2   BANK3   BANK4   BANK5   BANK6   BANK7
  3639 ;;      Params:         1       0       0       0       0       0       0       0       0
  3640 ;;      Locals:         0       0       0       0       0       0       0       0       0
  3641 ;;      Temps:          0       0       0       0       0       0       0       0       0
  3642 ;;      Totals:         1       0       0       0       0       0       0       0       0
  3643 ;;Total ram usage:        1 bytes
  3644 ;; Hardware stack levels used: 1
  3645 ;; Hardware stack levels required when called: 2
  3646 ;; This function calls:
  3647 ;;		_Tx_DATO
  3648 ;; This function is called by:
  3649 ;;		_main
  3650 ;; This function uses a non-reentrant model
  3651 ;;
  3652                           
  3653                           	psect	text11
  3654   001D48                     __ptext11:
  3655                           	callstack 0
  3656   001D48                     _LCD_print:
  3657                           	callstack 28
  3658   001D48  EFB1  F00E         	goto	l2359
  3659   001D4C                     l2355:
  3660   001D4C  0E01               	movlw	1
  3661   001D4E  6E01               	movwf	Tx_DATO@is_char^0,c
  3662   001D50  C005  FFF6         	movff	LCD_print@str,tblptrl
  3663   001D54                     	if	1	;There is more than 1 active tblptr byte
  3664   001D54  0E08               	movlw	high __smallconst
  3665   001D56  6EF7               	movwf	tblptrh,c
  3666   001D58                     	endif
  3667   001D58                     	if	0	;tblptru may be non-zero
  3668   001D58                     	endif
  3669   001D58                     	if	0	;tblptru may be non-zero
  3670   001D58                     	endif
  3671   001D58  0008               	tblrd		*
  3672   001D5A  50F5               	movf	tablat,w,c
  3673   001D5C  EC5D  F00E         	call	_Tx_DATO
  3674   001D60  2A05               	incf	LCD_print@str^0,f,c
  3675   001D62                     l2359:
  3676   001D62  C005  FFF6         	movff	LCD_print@str,tblptrl
  3677   001D66                     	if	1	;There is more than 1 active tblptr byte
  3678   001D66  0E08               	movlw	high __smallconst
  3679   001D68  6EF7               	movwf	tblptrh,c
  3680   001D6A                     	endif
  3681   001D6A                     	if	0	;tblptru may be non-zero
  3682   001D6A                     	endif
  3683   001D6A                     	if	0	;tblptru may be non-zero
  3684   001D6A                     	endif
  3685   001D6A  0008               	tblrd		*
  3686   001D6C  50F5               	movf	tablat,w,c
  3687   001D6E  0900               	iorlw	0
  3688   001D70  A4D8               	btfss	status,2,c
  3689   001D72  EFBD  F00E         	goto	u2201
  3690   001D76  EFBF  F00E         	goto	u2200
  3691   001D7A                     u2201:
  3692   001D7A  EFA6  F00E         	goto	l2355
  3693   001D7E                     u2200:
  3694   001D7E  0012               	return		;funcret
  3695   001D80                     __end_of_LCD_print:
  3696                           	callstack 0
  3697                           
  3698 ;; *************** function _LCD_init *****************
  3699 ;; Defined at:
  3700 ;;		line 140 in file "Codigo_Practica6_Parte4.c"
  3701 ;; Parameters:    Size  Location     Type
  3702 ;;		None
  3703 ;; Auto vars:     Size  Location     Type
  3704 ;;		None
  3705 ;; Return value:  Size  Location     Type
  3706 ;;                  1    wreg      void 
  3707 ;; Registers used:
  3708 ;;		wreg, status,2, status,0, cstack
  3709 ;; Tracked objects:
  3710 ;;		On entry : 0/0
  3711 ;;		On exit  : 0/0
  3712 ;;		Unchanged: 0/0
  3713 ;; Data sizes:     COMRAM   BANK0   BANK1   BANK2   BANK3   BANK4   BANK5   BANK6   BANK7
  3714 ;;      Params:         0       0       0       0       0       0       0       0       0
  3715 ;;      Locals:         0       0       0       0       0       0       0       0       0
  3716 ;;      Temps:          2       0       0       0       0       0       0       0       0
  3717 ;;      Totals:         2       0       0       0       0       0       0       0       0
  3718 ;;Total ram usage:        2 bytes
  3719 ;; Hardware stack levels used: 1
  3720 ;; Hardware stack levels required when called: 2
  3721 ;; This function calls:
  3722 ;;		_Tx_DATO
  3723 ;; This function is called by:
  3724 ;;		_main
  3725 ;; This function uses a non-reentrant model
  3726 ;;
  3727                           
  3728                           	psect	text12
  3729   001C54                     __ptext12:
  3730                           	callstack 0
  3731   001C54                     _LCD_init:
  3732                           	callstack 28
  3733   001C54                     
  3734                           ;Codigo_Practica6_Parte4.c: 141:     _delay((unsigned long)((20)*(48000000/4000.0))); LA
      +                          TDbits.LATD1 = 0;
  3735   001C54  0E02               	movlw	2
  3736   001C56  6E06               	movwf	(??_LCD_init+1)^0,c
  3737   001C58  0E38               	movlw	56
  3738   001C5A  6E05               	movwf	??_LCD_init^0,c
  3739   001C5C  0EAD               	movlw	173
  3740   001C5E                     u2727:
  3741   001C5E  2EE8               	decfsz	wreg,f,c
  3742   001C60  D7FE               	bra	u2727
  3743   001C62  2E05               	decfsz	??_LCD_init^0,f,c
  3744   001C64  D7FC               	bra	u2727
  3745   001C66  2E06               	decfsz	(??_LCD_init+1)^0,f,c
  3746   001C68  D7FA               	bra	u2727
  3747   001C6A  0000               	nop	
  3748   001C6C  928C               	bcf	140,1,c	;volatile
  3749   001C6E                     
  3750                           ;Codigo_Practica6_Parte4.c: 142:     Tx_DATO(0x33, 0); Tx_DATO(0x32, 0); Tx_DATO(0x28, 0
      +                          );
  3751   001C6E  0E00               	movlw	0
  3752   001C70  6E01               	movwf	Tx_DATO@is_char^0,c
  3753   001C72  0E33               	movlw	51
  3754   001C74  EC5D  F00E         	call	_Tx_DATO
  3755   001C78  0E00               	movlw	0
  3756   001C7A  6E01               	movwf	Tx_DATO@is_char^0,c
  3757   001C7C  0E32               	movlw	50
  3758   001C7E  EC5D  F00E         	call	_Tx_DATO
  3759   001C82  0E00               	movlw	0
  3760   001C84  6E01               	movwf	Tx_DATO@is_char^0,c
  3761   001C86  0E28               	movlw	40
  3762   001C88  EC5D  F00E         	call	_Tx_DATO
  3763   001C8C                     
  3764                           ;Codigo_Practica6_Parte4.c: 143:     Tx_DATO(0x06, 0); Tx_DATO(0x0C, 0); Tx_DATO(0x01, 0
      +                          );
  3765   001C8C  0E00               	movlw	0
  3766   001C8E  6E01               	movwf	Tx_DATO@is_char^0,c
  3767   001C90  0E06               	movlw	6
  3768   001C92  EC5D  F00E         	call	_Tx_DATO
  3769   001C96  0E00               	movlw	0
  3770   001C98  6E01               	movwf	Tx_DATO@is_char^0,c
  3771   001C9A  0E0C               	movlw	12
  3772   001C9C  EC5D  F00E         	call	_Tx_DATO
  3773   001CA0  0E00               	movlw	0
  3774   001CA2  6E01               	movwf	Tx_DATO@is_char^0,c
  3775   001CA4  0E01               	movlw	1
  3776   001CA6  EC5D  F00E         	call	_Tx_DATO
  3777                           
  3778                           ;Codigo_Practica6_Parte4.c: 144:     _delay((unsigned long)((2)*(48000000/4000.0)));
  3779   001CAA  0E20               	movlw	32
  3780   001CAC  6E05               	movwf	??_LCD_init^0,c
  3781   001CAE  0E2A               	movlw	42
  3782   001CB0                     u2737:
  3783   001CB0  2EE8               	decfsz	wreg,f,c
  3784   001CB2  D7FE               	bra	u2737
  3785   001CB4  2E05               	decfsz	??_LCD_init^0,f,c
  3786   001CB6  D7FC               	bra	u2737
  3787   001CB8  0012               	return		;funcret
  3788   001CBA                     __end_of_LCD_init:
  3789                           	callstack 0
  3790                           
  3791 ;; *************** function _LCD_cursor_blink *****************
  3792 ;; Defined at:
  3793 ;;		line 156 in file "Codigo_Practica6_Parte4.c"
  3794 ;; Parameters:    Size  Location     Type
  3795 ;;  enable          1    wreg     unsigned char 
  3796 ;; Auto vars:     Size  Location     Type
  3797 ;;  enable          1    4[COMRAM] unsigned char 
  3798 ;; Return value:  Size  Location     Type
  3799 ;;                  1    wreg      void 
  3800 ;; Registers used:
  3801 ;;		wreg, status,2, status,0, cstack
  3802 ;; Tracked objects:
  3803 ;;		On entry : 0/0
  3804 ;;		On exit  : 0/0
  3805 ;;		Unchanged: 0/0
  3806 ;; Data sizes:     COMRAM   BANK0   BANK1   BANK2   BANK3   BANK4   BANK5   BANK6   BANK7
  3807 ;;      Params:         0       0       0       0       0       0       0       0       0
  3808 ;;      Locals:         1       0       0       0       0       0       0       0       0
  3809 ;;      Temps:          0       0       0       0       0       0       0       0       0
  3810 ;;      Totals:         1       0       0       0       0       0       0       0       0
  3811 ;;Total ram usage:        1 bytes
  3812 ;; Hardware stack levels used: 1
  3813 ;; Hardware stack levels required when called: 2
  3814 ;; This function calls:
  3815 ;;		_Tx_DATO
  3816 ;; This function is called by:
  3817 ;;		_main
  3818 ;; This function uses a non-reentrant model
  3819 ;;
  3820                           
  3821                           	psect	text13
  3822   001DDC                     __ptext13:
  3823                           	callstack 0
  3824   001DDC                     _LCD_cursor_blink:
  3825                           	callstack 28
  3826                           
  3827                           ;incstack = 0
  3828                           ;LCD_cursor_blink@enable stored from wreg
  3829   001DDC  6E05               	movwf	LCD_cursor_blink@enable^0,c
  3830   001DDE                     
  3831                           ;Codigo_Practica6_Parte4.c: 157:     if(enable) Tx_DATO(0x0F, 0);
  3832   001DDE  5005               	movf	LCD_cursor_blink@enable^0,w,c
  3833   001DE0  B4D8               	btfsc	status,2,c
  3834   001DE2  EFF5  F00E         	goto	u2211
  3835   001DE6  EFF7  F00E         	goto	u2210
  3836   001DEA                     u2211:
  3837   001DEA  EFFE  F00E         	goto	l2365
  3838   001DEE                     u2210:
  3839   001DEE  0E00               	movlw	0
  3840   001DF0  6E01               	movwf	Tx_DATO@is_char^0,c
  3841   001DF2  0E0F               	movlw	15
  3842   001DF4  EC5D  F00E         	call	_Tx_DATO
  3843   001DF8  EF03  F00F         	goto	l107
  3844   001DFC                     l2365:
  3845   001DFC  0E00               	movlw	0
  3846   001DFE  6E01               	movwf	Tx_DATO@is_char^0,c
  3847   001E00  0E0C               	movlw	12
  3848   001E02  EC5D  F00E         	call	_Tx_DATO
  3849   001E06                     l107:
  3850   001E06  0012               	return		;funcret
  3851   001E08                     __end_of_LCD_cursor_blink:
  3852                           	callstack 0
  3853                           
  3854 ;; *************** function _LCD_clear *****************
  3855 ;; Defined at:
  3856 ;;		line 147 in file "Codigo_Practica6_Parte4.c"
  3857 ;; Parameters:    Size  Location     Type
  3858 ;;		None
  3859 ;; Auto vars:     Size  Location     Type
  3860 ;;		None
  3861 ;; Return value:  Size  Location     Type
  3862 ;;                  1    wreg      void 
  3863 ;; Registers used:
  3864 ;;		wreg, status,2, status,0, cstack
  3865 ;; Tracked objects:
  3866 ;;		On entry : 0/0
  3867 ;;		On exit  : 0/0
  3868 ;;		Unchanged: 0/0
  3869 ;; Data sizes:     COMRAM   BANK0   BANK1   BANK2   BANK3   BANK4   BANK5   BANK6   BANK7
  3870 ;;      Params:         0       0       0       0       0       0       0       0       0
  3871 ;;      Locals:         0       0       0       0       0       0       0       0       0
  3872 ;;      Temps:          1       0       0       0       0       0       0       0       0
  3873 ;;      Totals:         1       0       0       0       0       0       0       0       0
  3874 ;;Total ram usage:        1 bytes
  3875 ;; Hardware stack levels used: 1
  3876 ;; Hardware stack levels required when called: 2
  3877 ;; This function calls:
  3878 ;;		_Tx_DATO
  3879 ;; This function is called by:
  3880 ;;		_main
  3881 ;; This function uses a non-reentrant model
  3882 ;;
  3883                           
  3884                           	psect	text14
  3885   001E08                     __ptext14:
  3886                           	callstack 0
  3887   001E08                     _LCD_clear:
  3888                           	callstack 28
  3889   001E08  0E00               	movlw	0
  3890   001E0A  6E01               	movwf	Tx_DATO@is_char^0,c
  3891   001E0C  0E01               	movlw	1
  3892   001E0E  EC5D  F00E         	call	_Tx_DATO
  3893   001E12  0E20               	movlw	32
  3894   001E14  6E05               	movwf	??_LCD_clear^0,c
  3895   001E16  0E2A               	movlw	42
  3896   001E18                     u2747:
  3897   001E18  2EE8               	decfsz	wreg,f,c
  3898   001E1A  D7FE               	bra	u2747
  3899   001E1C  2E05               	decfsz	??_LCD_clear^0,f,c
  3900   001E1E  D7FC               	bra	u2747
  3901   001E20  0012               	return		;funcret
  3902   001E22                     __end_of_LCD_clear:
  3903                           	callstack 0
  3904                           
  3905 ;; *************** function _Tx_DATO *****************
  3906 ;; Defined at:
  3907 ;;		line 133 in file "Codigo_Practica6_Parte4.c"
  3908 ;; Parameters:    Size  Location     Type
  3909 ;;  DATO            1    wreg     unsigned char 
  3910 ;;  is_char         1    0[COMRAM] unsigned char 
  3911 ;; Auto vars:     Size  Location     Type
  3912 ;;  DATO            1    2[COMRAM] unsigned char 
  3913 ;;  led_state       1    3[COMRAM] unsigned char 
  3914 ;; Return value:  Size  Location     Type
  3915 ;;                  1    wreg      void 
  3916 ;; Registers used:
  3917 ;;		wreg, status,2, status,0, cstack
  3918 ;; Tracked objects:
  3919 ;;		On entry : 0/0
  3920 ;;		On exit  : 0/0
  3921 ;;		Unchanged: 0/0
  3922 ;; Data sizes:     COMRAM   BANK0   BANK1   BANK2   BANK3   BANK4   BANK5   BANK6   BANK7
  3923 ;;      Params:         1       0       0       0       0       0       0       0       0
  3924 ;;      Locals:         2       0       0       0       0       0       0       0       0
  3925 ;;      Temps:          1       0       0       0       0       0       0       0       0
  3926 ;;      Totals:         4       0       0       0       0       0       0       0       0
  3927 ;;Total ram usage:        4 bytes
  3928 ;; Hardware stack levels used: 1
  3929 ;; Hardware stack levels required when called: 1
  3930 ;; This function calls:
  3931 ;;		_BitEN
  3932 ;; This function is called by:
  3933 ;;		_LCD_init
  3934 ;;		_LCD_clear
  3935 ;;		_LCD_set_cursor
  3936 ;;		_LCD_print
  3937 ;;		_LCD_cursor_blink
  3938 ;;		_main
  3939 ;; This function uses a non-reentrant model
  3940 ;;
  3941                           
  3942                           	psect	text15
  3943   001CBA                     __ptext15:
  3944                           	callstack 0
  3945   001CBA                     _Tx_DATO:
  3946                           	callstack 29
  3947                           
  3948                           ;incstack = 0
  3949                           ;Tx_DATO@DATO stored from wreg
  3950   001CBA  6E03               	movwf	Tx_DATO@DATO^0,c
  3951   001CBC                     
  3952                           ;Codigo_Practica6_Parte4.c: 134:     unsigned char led_state = LATD & 0x01;
  3953   001CBC  508C               	movf	140,w,c	;volatile
  3954   001CBE  0B01               	andlw	1
  3955   001CC0  6E04               	movwf	Tx_DATO@led_state^0,c
  3956   001CC2                     
  3957                           ;Codigo_Practica6_Parte4.c: 135:     LATDbits.LATD1 = is_char; LATD = (DATO & 0xF0) | le
      +                          d_state; LATDbits.LATD1 = is_char; BitEN();
  3958   001CC2  B001               	btfsc	Tx_DATO@is_char^0,0,c
  3959   001CC4  D002               	bra	u1355
  3960   001CC6  928C               	bcf	140,1,c	;volatile
  3961   001CC8  D001               	bra	u1356
  3962   001CCA                     u1355:
  3963   001CCA  828C               	bsf	140,1,c	;volatile
  3964   001CCC                     u1356:
  3965   001CCC  5003               	movf	Tx_DATO@DATO^0,w,c
  3966   001CCE  0BF0               	andlw	240
  3967   001CD0  1004               	iorwf	Tx_DATO@led_state^0,w,c
  3968   001CD2  6E8C               	movwf	140,c	;volatile
  3969   001CD4  B001               	btfsc	Tx_DATO@is_char^0,0,c
  3970   001CD6  D002               	bra	u1365
  3971   001CD8  928C               	bcf	140,1,c	;volatile
  3972   001CDA  D001               	bra	u1366
  3973   001CDC                     u1365:
  3974   001CDC  828C               	bsf	140,1,c	;volatile
  3975   001CDE                     u1366:
  3976   001CDE  EC1C  F00F         	call	_BitEN	;wreg free
  3977   001CE2                     
  3978                           ;Codigo_Practica6_Parte4.c: 136:     LATD = ((DATO << 4) & 0xF0) | led_state; LATDbits.L
      +                          ATD1 = is_char; BitEN();
  3979   001CE2  3803               	swapf	Tx_DATO@DATO^0,w,c
  3980   001CE4  0BF0               	andlw	240
  3981   001CE6  0BF0               	andlw	240
  3982   001CE8  1004               	iorwf	Tx_DATO@led_state^0,w,c
  3983   001CEA  6E8C               	movwf	140,c	;volatile
  3984   001CEC  B001               	btfsc	Tx_DATO@is_char^0,0,c
  3985   001CEE  D002               	bra	u1375
  3986   001CF0  928C               	bcf	140,1,c	;volatile
  3987   001CF2  D001               	bra	u1376
  3988   001CF4                     u1375:
  3989   001CF4  828C               	bsf	140,1,c	;volatile
  3990   001CF6                     u1376:
  3991   001CF6  EC1C  F00F         	call	_BitEN	;wreg free
  3992   001CFA                     
  3993                           ;Codigo_Practica6_Parte4.c: 137:     _delay((unsigned long)((2)*(48000000/4000.0)));
  3994   001CFA  0E20               	movlw	32
  3995   001CFC  6E02               	movwf	??_Tx_DATO^0,c
  3996   001CFE  0E2A               	movlw	42
  3997   001D00                     u2757:
  3998   001D00  2EE8               	decfsz	wreg,f,c
  3999   001D02  D7FE               	bra	u2757
  4000   001D04  2E02               	decfsz	??_Tx_DATO^0,f,c
  4001   001D06  D7FC               	bra	u2757
  4002   001D08  0012               	return		;funcret
  4003   001D0A                     __end_of_Tx_DATO:
  4004                           	callstack 0
  4005                           
  4006 ;; *************** function _BitEN *****************
  4007 ;; Defined at:
  4008 ;;		line 131 in file "Codigo_Practica6_Parte4.c"
  4009 ;; Parameters:    Size  Location     Type
  4010 ;;		None
  4011 ;; Auto vars:     Size  Location     Type
  4012 ;;		None
  4013 ;; Return value:  Size  Location     Type
  4014 ;;                  1    wreg      void 
  4015 ;; Registers used:
  4016 ;;		wreg
  4017 ;; Tracked objects:
  4018 ;;		On entry : 0/0
  4019 ;;		On exit  : 0/0
  4020 ;;		Unchanged: 0/0
  4021 ;; Data sizes:     COMRAM   BANK0   BANK1   BANK2   BANK3   BANK4   BANK5   BANK6   BANK7
  4022 ;;      Params:         0       0       0       0       0       0       0       0       0
  4023 ;;      Locals:         0       0       0       0       0       0       0       0       0
  4024 ;;      Temps:          0       0       0       0       0       0       0       0       0
  4025 ;;      Totals:         0       0       0       0       0       0       0       0       0
  4026 ;;Total ram usage:        0 bytes
  4027 ;; Hardware stack levels used: 1
  4028 ;; This function calls:
  4029 ;;		Nothing
  4030 ;; This function is called by:
  4031 ;;		_Tx_DATO
  4032 ;; This function uses a non-reentrant model
  4033 ;;
  4034                           
  4035                           	psect	text16
  4036   001E38                     __ptext16:
  4037                           	callstack 0
  4038   001E38                     _BitEN:
  4039                           	callstack 29
  4040   001E38  848C               	bsf	140,2,c	;volatile
  4041   001E3A  0E08               	movlw	8
  4042   001E3C                     u2767:
  4043   001E3C  2EE8               	decfsz	wreg,f,c
  4044   001E3E  D7FE               	bra	u2767
  4045   001E40  948C               	bcf	140,2,c	;volatile
  4046   001E42  0EC8               	movlw	200
  4047   001E44                     u2777:
  4048   001E44  2EE8               	decfsz	wreg,f,c
  4049   001E46  D7FE               	bra	u2777
  4050   001E48  0012               	return		;funcret
  4051   001E4A                     __end_of_BitEN:
  4052                           	callstack 0
  4053                           
  4054 ;; *************** function _EEPROM_Write *****************
  4055 ;; Defined at:
  4056 ;;		line 89 in file "Codigo_Practica6_Parte4.c"
  4057 ;; Parameters:    Size  Location     Type
  4058 ;;  address         1    wreg     unsigned char 
  4059 ;;  data            1    0[COMRAM] unsigned char 
  4060 ;; Auto vars:     Size  Location     Type
  4061 ;;  address         1    1[COMRAM] unsigned char 
  4062 ;; Return value:  Size  Location     Type
  4063 ;;                  1    wreg      void 
  4064 ;; Registers used:
  4065 ;;		wreg, status,2
  4066 ;; Tracked objects:
  4067 ;;		On entry : 0/0
  4068 ;;		On exit  : 0/0
  4069 ;;		Unchanged: 0/0
  4070 ;; Data sizes:     COMRAM   BANK0   BANK1   BANK2   BANK3   BANK4   BANK5   BANK6   BANK7
  4071 ;;      Params:         1       0       0       0       0       0       0       0       0
  4072 ;;      Locals:         1       0       0       0       0       0       0       0       0
  4073 ;;      Temps:          0       0       0       0       0       0       0       0       0
  4074 ;;      Totals:         2       0       0       0       0       0       0       0       0
  4075 ;;Total ram usage:        2 bytes
  4076 ;; Hardware stack levels used: 1
  4077 ;; This function calls:
  4078 ;;		Nothing
  4079 ;; This function is called by:
  4080 ;;		_main
  4081 ;; This function uses a non-reentrant model
  4082 ;;
  4083                           
  4084                           	psect	text17
  4085   001D80                     __ptext17:
  4086                           	callstack 0
  4087   001D80                     _EEPROM_Write:
  4088                           	callstack 30
  4089                           
  4090                           ;incstack = 0
  4091                           ;EEPROM_Write@address stored from wreg
  4092   001D80  6E02               	movwf	EEPROM_Write@address^0,c
  4093   001D82                     
  4094                           ;Codigo_Practica6_Parte4.c: 90:     EEADR = address; EEDATA = data;
  4095   001D82  C002  FFA9         	movff	EEPROM_Write@address,4009	;volatile
  4096   001D86  C001  FFA8         	movff	EEPROM_Write@data,4008	;volatile
  4097   001D8A                     
  4098                           ;Codigo_Practica6_Parte4.c: 91:     EECON1bits.EEPGD = 0; EECON1bits.CFGS = 0;
  4099   001D8A  9EA6               	bcf	166,7,c	;volsfr
  4100   001D8C  9CA6               	bcf	166,6,c	;volsfr
  4101   001D8E                     
  4102                           ;Codigo_Practica6_Parte4.c: 92:     EECON1bits.WREN = 1;
  4103   001D8E  84A6               	bsf	166,2,c	;volsfr
  4104   001D90                     
  4105                           ;Codigo_Practica6_Parte4.c: 93:     INTCONbits.GIE = 0;
  4106   001D90  9EF2               	bcf	242,7,c	;volatile
  4107   001D92                     
  4108                           ;Codigo_Practica6_Parte4.c: 94:     EECON2 = 0x55; EECON2 = 0xAA;
  4109   001D92  0E55               	movlw	85
  4110   001D94  6EA7               	movwf	167,c	;volsfr
  4111   001D96  0EAA               	movlw	170
  4112   001D98  6EA7               	movwf	167,c	;volsfr
  4113   001D9A                     
  4114                           ;Codigo_Practica6_Parte4.c: 95:     EECON1bits.WR = 1;
  4115   001D9A  82A6               	bsf	166,1,c	;volsfr
  4116   001D9C                     l58:
  4117   001D9C  B2A6               	btfsc	166,1,c	;volsfr
  4118   001D9E  EFD3  F00E         	goto	u2171
  4119   001DA2  EFD5  F00E         	goto	u2170
  4120   001DA6                     u2171:
  4121   001DA6  EFCE  F00E         	goto	l58
  4122   001DAA                     u2170:
  4123   001DAA                     
  4124                           ;Codigo_Practica6_Parte4.c: 97:     INTCONbits.GIE = 1;
  4125   001DAA  8EF2               	bsf	242,7,c	;volatile
  4126                           
  4127                           ;Codigo_Practica6_Parte4.c: 98:     EECON1bits.WREN = 0;
  4128   001DAC  94A6               	bcf	166,2,c	;volsfr
  4129   001DAE  0012               	return		;funcret
  4130   001DB0                     __end_of_EEPROM_Write:
  4131                           	callstack 0
  4132                           
  4133 ;; *************** function _EEPROM_Read *****************
  4134 ;; Defined at:
  4135 ;;		line 81 in file "Codigo_Practica6_Parte4.c"
  4136 ;; Parameters:    Size  Location     Type
  4137 ;;  address         1    wreg     unsigned char 
  4138 ;; Auto vars:     Size  Location     Type
  4139 ;;  address         1    0[COMRAM] unsigned char 
  4140 ;; Return value:  Size  Location     Type
  4141 ;;                  1    wreg      unsigned char 
  4142 ;; Registers used:
  4143 ;;		wreg, status,2
  4144 ;; Tracked objects:
  4145 ;;		On entry : 0/0
  4146 ;;		On exit  : 0/0
  4147 ;;		Unchanged: 0/0
  4148 ;; Data sizes:     COMRAM   BANK0   BANK1   BANK2   BANK3   BANK4   BANK5   BANK6   BANK7
  4149 ;;      Params:         0       0       0       0       0       0       0       0       0
  4150 ;;      Locals:         1       0       0       0       0       0       0       0       0
  4151 ;;      Temps:          0       0       0       0       0       0       0       0       0
  4152 ;;      Totals:         1       0       0       0       0       0       0       0       0
  4153 ;;Total ram usage:        1 bytes
  4154 ;; Hardware stack levels used: 1
  4155 ;; This function calls:
  4156 ;;		Nothing
  4157 ;; This function is called by:
  4158 ;;		_main
  4159 ;; This function uses a non-reentrant model
  4160 ;;
  4161                           
  4162                           	psect	text18
  4163   001E4A                     __ptext18:
  4164                           	callstack 0
  4165   001E4A                     _EEPROM_Read:
  4166                           	callstack 30
  4167                           
  4168                           ;incstack = 0
  4169                           ;EEPROM_Read@address stored from wreg
  4170   001E4A  6E01               	movwf	EEPROM_Read@address^0,c
  4171   001E4C                     
  4172                           ;Codigo_Practica6_Parte4.c: 82:     EEADR = address;
  4173   001E4C  C001  FFA9         	movff	EEPROM_Read@address,4009	;volatile
  4174   001E50                     
  4175                           ;Codigo_Practica6_Parte4.c: 83:     EECON1bits.EEPGD = 0;
  4176   001E50  9EA6               	bcf	166,7,c	;volsfr
  4177   001E52                     
  4178                           ;Codigo_Practica6_Parte4.c: 84:     EECON1bits.CFGS = 0;
  4179   001E52  9CA6               	bcf	166,6,c	;volsfr
  4180   001E54                     
  4181                           ;Codigo_Practica6_Parte4.c: 85:     EECON1bits.RD = 1;
  4182   001E54  80A6               	bsf	166,0,c	;volsfr
  4183   001E56                     
  4184                           ;Codigo_Practica6_Parte4.c: 86:     return EEDATA;
  4185   001E56  50A8               	movf	168,w,c	;volatile
  4186   001E58  0012               	return		;funcret
  4187   001E5A                     __end_of_EEPROM_Read:
  4188                           	callstack 0
  4189                           
  4190                           	psect	rparam
  4191   000000                     
  4192                           	psect	idloc
  4193                           
  4194                           ;Config register IDLOC0 @ 0x200000
  4195                           ;	unspecified, using default values
  4196   200000                     	org	2097152
  4197   200000  FF                 	db	255
  4198                           
  4199                           ;Config register IDLOC1 @ 0x200001
  4200                           ;	unspecified, using default values
  4201   200001                     	org	2097153
  4202   200001  FF                 	db	255
  4203                           
  4204                           ;Config register IDLOC2 @ 0x200002
  4205                           ;	unspecified, using default values
  4206   200002                     	org	2097154
  4207   200002  FF                 	db	255
  4208                           
  4209                           ;Config register IDLOC3 @ 0x200003
  4210                           ;	unspecified, using default values
  4211   200003                     	org	2097155
  4212   200003  FF                 	db	255
  4213                           
  4214                           ;Config register IDLOC4 @ 0x200004
  4215                           ;	unspecified, using default values
  4216   200004                     	org	2097156
  4217   200004  FF                 	db	255
  4218                           
  4219                           ;Config register IDLOC5 @ 0x200005
  4220                           ;	unspecified, using default values
  4221   200005                     	org	2097157
  4222   200005  FF                 	db	255
  4223                           
  4224                           ;Config register IDLOC6 @ 0x200006
  4225                           ;	unspecified, using default values
  4226   200006                     	org	2097158
  4227   200006  FF                 	db	255
  4228                           
  4229                           ;Config register IDLOC7 @ 0x200007
  4230                           ;	unspecified, using default values
  4231   200007                     	org	2097159
  4232   200007  FF                 	db	255
  4233                           
  4234                           	psect	config
  4235                           
  4236                           ;Config register CONFIG1L @ 0x300000
  4237                           ;	PLL Prescaler Selection bits
  4238                           ;	PLLDIV = 5, Divide by 5 (20 MHz oscillator input)
  4239                           ;	System Clock Postscaler Selection bits
  4240                           ;	CPUDIV = OSC1_PLL2, [Primary Oscillator Src: /1][96 MHz PLL Src: /2]
  4241                           ;	USB Clock Selection bit (used in Full-Speed USB mode only; UCFG:FSEN = 1)
  4242                           ;	USBDIV = 1, USB clock source comes directly from the primary oscillator block with no 
      +                          postscale
  4243   300000                     	org	3145728
  4244   300000  04                 	db	4
  4245                           
  4246                           ;Config register CONFIG1H @ 0x300001
  4247                           ;	Oscillator Selection bits
  4248                           ;	FOSC = HSPLL_HS, HS oscillator, PLL enabled (HSPLL)
  4249                           ;	Fail-Safe Clock Monitor Enable bit
  4250                           ;	FCMEN = OFF, Fail-Safe Clock Monitor disabled
  4251                           ;	Internal/External Oscillator Switchover bit
  4252                           ;	IESO = OFF, Oscillator Switchover mode disabled
  4253   300001                     	org	3145729
  4254   300001  0E                 	db	14
  4255                           
  4256                           ;Config register CONFIG2L @ 0x300002
  4257                           ;	Power-up Timer Enable bit
  4258                           ;	PWRT = ON, PWRT enabled
  4259                           ;	Brown-out Reset Enable bits
  4260                           ;	BOR = ON, Brown-out Reset enabled in hardware only (SBOREN is disabled)
  4261                           ;	Brown-out Reset Voltage bits
  4262                           ;	BORV = 3, Minimum setting 2.05V
  4263                           ;	USB Voltage Regulator Enable bit
  4264                           ;	VREGEN = OFF, USB voltage regulator disabled
  4265   300002                     	org	3145730
  4266   300002  1E                 	db	30
  4267                           
  4268                           ;Config register CONFIG2H @ 0x300003
  4269                           ;	Watchdog Timer Enable bit
  4270                           ;	WDT = OFF, WDT disabled (control is placed on the SWDTEN bit)
  4271                           ;	Watchdog Timer Postscale Select bits
  4272                           ;	WDTPS = 32768, 1:32768
  4273   300003                     	org	3145731
  4274   300003  1E                 	db	30
  4275                           
  4276                           ; Padding undefined space
  4277   300004                     	org	3145732
  4278   300004  FF                 	db	255
  4279                           
  4280                           ;Config register CONFIG3H @ 0x300005
  4281                           ;	CCP2 MUX bit
  4282                           ;	CCP2MX = ON, CCP2 input/output is multiplexed with RC1
  4283                           ;	PORTB A/D Enable bit
  4284                           ;	PBADEN = OFF, PORTB<4:0> pins are configured as digital I/O on Reset
  4285                           ;	Low-Power Timer 1 Oscillator Enable bit
  4286                           ;	LPT1OSC = OFF, Timer1 configured for higher power operation
  4287                           ;	MCLR Pin Enable bit
  4288                           ;	MCLRE = ON, MCLR pin enabled; RE3 input pin disabled
  4289   300005                     	org	3145733
  4290   300005  81                 	db	129
  4291                           
  4292                           ;Config register CONFIG4L @ 0x300006
  4293                           ;	Stack Full/Underflow Reset Enable bit
  4294                           ;	STVREN = ON, Stack full/underflow will cause Reset
  4295                           ;	Single-Supply ICSP Enable bit
  4296                           ;	LVP = OFF, Single-Supply ICSP disabled
  4297                           ;	Dedicated In-Circuit Debug/Programming Port (ICPORT) Enable bit
  4298                           ;	ICPRT = OFF, ICPORT disabled
  4299                           ;	Extended Instruction Set Enable bit
  4300                           ;	XINST = OFF, Instruction set extension and Indexed Addressing mode disabled (Legacy mo
      +                          de)
  4301                           ;	Background Debugger Enable bit
  4302                           ;	DEBUG = 0x1, unprogrammed default
  4303   300006                     	org	3145734
  4304   300006  81                 	db	129
  4305                           
  4306                           ; Padding undefined space
  4307   300007                     	org	3145735
  4308   300007  FF                 	db	255
  4309                           
  4310                           ;Config register CONFIG5L @ 0x300008
  4311                           ;	Code Protection bit
  4312                           ;	CP0 = OFF, Block 0 (000800-001FFFh) is not code-protected
  4313                           ;	Code Protection bit
  4314                           ;	CP1 = OFF, Block 1 (002000-003FFFh) is not code-protected
  4315                           ;	Code Protection bit
  4316                           ;	CP2 = OFF, Block 2 (004000-005FFFh) is not code-protected
  4317                           ;	Code Protection bit
  4318                           ;	CP3 = OFF, Block 3 (006000-007FFFh) is not code-protected
  4319   300008                     	org	3145736
  4320   300008  0F                 	db	15
  4321                           
  4322                           ;Config register CONFIG5H @ 0x300009
  4323                           ;	Boot Block Code Protection bit
  4324                           ;	CPB = OFF, Boot block (000000-0007FFh) is not code-protected
  4325                           ;	Data EEPROM Code Protection bit
  4326                           ;	CPD = OFF, Data EEPROM is not code-protected
  4327   300009                     	org	3145737
  4328   300009  C0                 	db	192
  4329                           
  4330                           ;Config register CONFIG6L @ 0x30000A
  4331                           ;	Write Protection bit
  4332                           ;	WRT0 = OFF, Block 0 (000800-001FFFh) is not write-protected
  4333                           ;	Write Protection bit
  4334                           ;	WRT1 = OFF, Block 1 (002000-003FFFh) is not write-protected
  4335                           ;	Write Protection bit
  4336                           ;	WRT2 = OFF, Block 2 (004000-005FFFh) is not write-protected
  4337                           ;	Write Protection bit
  4338                           ;	WRT3 = OFF, Block 3 (006000-007FFFh) is not write-protected
  4339   30000A                     	org	3145738
  4340   30000A  0F                 	db	15
  4341                           
  4342                           ;Config register CONFIG6H @ 0x30000B
  4343                           ;	Configuration Register Write Protection bit
  4344                           ;	WRTC = OFF, Configuration registers (300000-3000FFh) are not write-protected
  4345                           ;	Boot Block Write Protection bit
  4346                           ;	WRTB = OFF, Boot block (000000-0007FFh) is not write-protected
  4347                           ;	Data EEPROM Write Protection bit
  4348                           ;	WRTD = OFF, Data EEPROM is not write-protected
  4349   30000B                     	org	3145739
  4350   30000B  E0                 	db	224
  4351                           
  4352                           ;Config register CONFIG7L @ 0x30000C
  4353                           ;	Table Read Protection bit
  4354                           ;	EBTR0 = OFF, Block 0 (000800-001FFFh) is not protected from table reads executed in ot
      +                          her blocks
  4355                           ;	Table Read Protection bit
  4356                           ;	EBTR1 = OFF, Block 1 (002000-003FFFh) is not protected from table reads executed in ot
      +                          her blocks
  4357                           ;	Table Read Protection bit
  4358                           ;	EBTR2 = OFF, Block 2 (004000-005FFFh) is not protected from table reads executed in ot
      +                          her blocks
  4359                           ;	Table Read Protection bit
  4360                           ;	EBTR3 = OFF, Block 3 (006000-007FFFh) is not protected from table reads executed in ot
      +                          her blocks
  4361   30000C                     	org	3145740
  4362   30000C  0F                 	db	15
  4363                           
  4364                           ;Config register CONFIG7H @ 0x30000D
  4365                           ;	Boot Block Table Read Protection bit
  4366                           ;	EBTRB = OFF, Boot block (000000-0007FFh) is not protected from table reads executed in
      +                           other blocks
  4367   30000D                     	org	3145741
  4368   30000D  40                 	db	64
  4369                           tosu	equ	0xFFF
  4370                           tosh	equ	0xFFE
  4371                           tosl	equ	0xFFD
  4372                           stkptr	equ	0xFFC
  4373                           pclatu	equ	0xFFB
  4374                           pclath	equ	0xFFA
  4375                           pcl	equ	0xFF9
  4376                           tblptru	equ	0xFF8
  4377                           tblptrh	equ	0xFF7
  4378                           tblptrl	equ	0xFF6
  4379                           tablat	equ	0xFF5
  4380                           prodh	equ	0xFF4
  4381                           prodl	equ	0xFF3
  4382                           indf0	equ	0xFEF
  4383                           postinc0	equ	0xFEE
  4384                           postdec0	equ	0xFED
  4385                           preinc0	equ	0xFEC
  4386                           plusw0	equ	0xFEB
  4387                           fsr0h	equ	0xFEA
  4388                           fsr0l	equ	0xFE9
  4389                           wreg	equ	0xFE8
  4390                           indf1	equ	0xFE7
  4391                           postinc1	equ	0xFE6
  4392                           postdec1	equ	0xFE5
  4393                           preinc1	equ	0xFE4
  4394                           plusw1	equ	0xFE3
  4395                           fsr1h	equ	0xFE2
  4396                           fsr1l	equ	0xFE1
  4397                           bsr	equ	0xFE0
  4398                           indf2	equ	0xFDF
  4399                           postinc2	equ	0xFDE
  4400                           postdec2	equ	0xFDD
  4401                           preinc2	equ	0xFDC
  4402                           plusw2	equ	0xFDB
  4403                           fsr2h	equ	0xFDA
  4404                           fsr2l	equ	0xFD9
  4405                           status	equ	0xFD8

Data Sizes:
    Strings     102
    Constant    0
    Data        0
    BSS         0
    Persistent  0
    Stack       0

Auto Spaces:
    Space          Size  Autos    Used
    COMRAM           95     89      89
    BANK0           160      0       0
    BANK1           256      0       0
    BANK2           256      0       0
    BANK3           256      0       0
    BANK4           256      0       0
    BANK5           256      0       0
    BANK6           256      0       0
    BANK7           256      0       0

Pointer List with Targets:

    LCD_print@str	PTR const unsigned char  size(1) Largest target is 18
		 -> STR_1(CODE[15]), STR_10(CODE[17]), STR_2(CODE[7]), STR_3(CODE[11]), 
		 -> STR_4(CODE[17]), STR_5(CODE[18]), STR_6(CODE[16]), STR_7(CODE[17]), 
		 -> STR_8(CODE[13]), STR_9(CODE[5]), 


Critical Paths under _main in COMRAM

    _main->_UART_Initial
    _UART_Initial->___fladd
    ___fldiv->___xxtofl
    ___fladd->___fldiv
    _LCD_set_cursor->_Tx_DATO
    _LCD_print->_Tx_DATO
    _LCD_init->_Tx_DATO
    _LCD_cursor_blink->_Tx_DATO
    _LCD_clear->_Tx_DATO

Critical Paths under _main in BANK0

    None.

Critical Paths under _main in BANK1

    None.

Critical Paths under _main in BANK2

    None.

Critical Paths under _main in BANK3

    None.

Critical Paths under _main in BANK4

    None.

Critical Paths under _main in BANK5

    None.

Critical Paths under _main in BANK6

    None.

Critical Paths under _main in BANK7

    None.

Call Graph Tables:

 ---------------------------------------------------------------------------------
 (Depth) Function   	        Calls       Base Space   Used Autos Params    Refs
 ---------------------------------------------------------------------------------
 (0) _main                                                22    22      0   15536
                                             67 COMRAM    22    22      0
                        _EEPROM_Read
                       _EEPROM_Write
                          _LCD_clear
                   _LCD_cursor_blink
                           _LCD_init
                          _LCD_print
                     _LCD_set_cursor
                            _Tx_DATO
                       _UART_Initial
                         _UART_Write
                         _USART_Read
                       _mapear_tecla
                            _teclado
 ---------------------------------------------------------------------------------
 (1) _teclado                                              2     2      0       0
                                              0 COMRAM     2     2      0
 ---------------------------------------------------------------------------------
 (1) _mapear_tecla                                         1     1      0     120
                                              0 COMRAM     1     1      0
 ---------------------------------------------------------------------------------
 (1) _USART_Read                                           0     0      0       0
 ---------------------------------------------------------------------------------
 (1) _UART_Write                                           1     1      0      15
                                              0 COMRAM     1     1      0
 ---------------------------------------------------------------------------------
 (1) _UART_Initial                                        12     8      4    4611
                                             55 COMRAM    12     8      4
                            ___fladd
                            ___fldiv
                            ___fltol
                           ___xxtofl
 ---------------------------------------------------------------------------------
 (2) ___xxtofl                                            14    10      4     398
                                              0 COMRAM    14    10      4
 ---------------------------------------------------------------------------------
 (2) ___fltol                                             10     6      4     305
                                              0 COMRAM    10     6      4
 ---------------------------------------------------------------------------------
 (2) ___fldiv                                             25    17      8    1399
                                             14 COMRAM    25    17      8
                           ___xxtofl (ARG)
 ---------------------------------------------------------------------------------
 (2) ___fladd                                             16     8      8    2388
                                             39 COMRAM    16     8      8
                            ___fldiv (ARG)
                           ___xxtofl (ARG)
 ---------------------------------------------------------------------------------
 (1) _LCD_set_cursor                                       5     4      1    2548
                                              4 COMRAM     5     4      1
                            _Tx_DATO
 ---------------------------------------------------------------------------------
 (1) _LCD_print                                            1     0      1    1948
                                              4 COMRAM     1     0      1
                            _Tx_DATO
 ---------------------------------------------------------------------------------
 (1) _LCD_init                                             2     2      0    1143
                                              4 COMRAM     2     2      0
                            _Tx_DATO
 ---------------------------------------------------------------------------------
 (1) _LCD_cursor_blink                                     1     1      0    1165
                                              4 COMRAM     1     1      0
                            _Tx_DATO
 ---------------------------------------------------------------------------------
 (1) _LCD_clear                                            1     1      0    1143
                                              4 COMRAM     1     1      0
                            _Tx_DATO
 ---------------------------------------------------------------------------------
 (1) _Tx_DATO                                              4     3      1    1143
                                              0 COMRAM     4     3      1
                              _BitEN
 ---------------------------------------------------------------------------------
 (2) _BitEN                                                0     0      0       0
 ---------------------------------------------------------------------------------
 (1) _EEPROM_Write                                         2     1      1     500
                                              0 COMRAM     2     1      1
 ---------------------------------------------------------------------------------
 (1) _EEPROM_Read                                          1     1      0      15
                                              0 COMRAM     1     1      0
 ---------------------------------------------------------------------------------
 Estimated maximum stack depth 2
 ---------------------------------------------------------------------------------

 Call Graph Graphs:

 _main (ROOT)
   _EEPROM_Read
   _EEPROM_Write
   _LCD_clear
     _Tx_DATO
       _BitEN
   _LCD_cursor_blink
     _Tx_DATO
   _LCD_init
     _Tx_DATO
   _LCD_print
     _Tx_DATO
   _LCD_set_cursor
     _Tx_DATO
   _Tx_DATO
   _UART_Initial
     ___fladd
       ___fldiv (ARG)
         ___xxtofl (ARG)
       ___xxtofl (ARG)
     ___fldiv
     ___fltol
     ___xxtofl
   _UART_Write
   _USART_Read
   _mapear_tecla
   _teclado

 Address spaces:
Name               Size   Autos  Total    Cost      Usage
BITCOMRAM           5F      0       0       0        0.0%
EEDATA             100      0       0       0        0.0%
NULL                 0      0       0       0        0.0%
CODE                 0      0       0       0        0.0%
COMRAM              5F     59      59       1       93.7%
STACK                0      0       0       2        0.0%
DATA                 0      0       0       3        0.0%
BITBANK0            A0      0       0       4        0.0%
BANK0               A0      0       0       5        0.0%
BITBANK1           100      0       0       6        0.0%
BANK1              100      0       0       7        0.0%
BITBANK2           100      0       0       8        0.0%
BANK2              100      0       0       9        0.0%
BITBANK3           100      0       0      10        0.0%
BANK3              100      0       0      11        0.0%
BITBANK4           100      0       0      12        0.0%
BANK4              100      0       0      13        0.0%
BITBANK5           100      0       0      14        0.0%
BANK5              100      0       0      15        0.0%
BITBANK6           100      0       0      16        0.0%
BANK6              100      0       0      17        0.0%
BITBANK7           100      0       0      18        0.0%
BANK7              100      0       0      19        0.0%
BITBIGSFRhh          D      0       0      20        0.0%
BITBIGSFRhlhhh      30      0       0      21        0.0%
BITBIGSFRhlhhl       8      0       0      22        0.0%
BITBIGSFRhlhlh       3      0       0      23        0.0%
BITBIGSFRhlhll       4      0       0      24        0.0%
BITBIGSFRhlll        1      0       0      25        0.0%
BITBIGSFRllhh        7      0       0      26        0.0%
BITBIGSFRllhl        8      0       0      27        0.0%
BITBIGSFRlllh        6      0       0      28        0.0%
BITBIGSFRllllh       1      0       0      29        0.0%
BITBIGSFRlllllh      8      0       0      30        0.0%
BITBIGSFRllllll     21      0       0      31        0.0%
ABS                  0      0       0      32        0.0%
BIGRAM             7FF      0       0      33        0.0%
BIGSFR               0      0       0     200        0.0%
BITSFR               0      0       0     200        0.0%
SFR                  0      0       0     200        0.0%


Microchip Technology PIC18 Macro Assembler V2.45 build 20230818022343 
Symbol Table                                                                                   Tue Jun 30 15:55:48 2026

   main@comando_pendiente 0049              ___fldiv@aexp 0027              ___fldiv@bexp 0026  
            ___fldiv@sign 001F                        l60 1DAA                        l61 1DAE  
                      l70 1E36                        l55 1E58                        l80 1E48  
                      l64 1BA4                        l73 1DB0                        l58 1D9C  
                      l83 1D08                        l67 1E28                        l75 1DBE  
                      l77 1DDA                        l86 1CB8                        l96 1D46  
                      l89 1E20         mapear_tecla@valor 0001                       l102 1D7E  
                     l112 19E0                       l107 1E06                       l152 092E  
                     l153 0970                       l138 1C52                       l166 0CEA  
                     l177 0E00                       l720 0FF2                       l718 103E  
                     l735 1158                       l727 130E                       l719 102C  
                     l487 1AE6                       l744 1228                       l745 1216  
                     l772 16A8                       l852 1798                       l845 1700  
                     l774 1508                       l783 154E                       l848 185C  
                     l785 15C6                       l777 14CC                       l786 15B4  
                     l859 17F4                       u910 1BB8                       u911 1BB4  
                     u920 1BD2                       u921 1BCE                       u850 1E36  
                     u930 1BEA                       u851 1E32                       u931 1BE6  
                     u860 1DBE                       u940 1C02                       u861 1DBA  
                     u941 1BFE                       u870 1DCC                       u950 1C1A  
                     u871 1DC8                       u951 1C16                       u960 1C32  
                     u961 1C2E                       u970 1C4A                       u971 1C46  
                     wreg 0FE8              ___fltol@exp1 000A                      l2001 119C  
                    l2011 11C6                      l2003 11AA                      l2021 11F8  
                    l2013 11D6                      l2005 11AC                      l2101 1402  
                    l2031 1252                      l2023 120E                      l2007 11BA  
                    l2015 11D8                      l2111 1432                      l2103 140A  
                    l1321 1E56                      l1313 1E4C                      l2041 12CE  
                    l2033 128C                      l2009 11C2                      l2017 11E6  
                    l2121 1470                      l2113 1432                      l2105 140E  
                    l1315 1E50                      l2051 12EE                      l2043 12D2  
                    l2027 1238                      l2035 128E                      l2019 11EA  
                    l2131 14BC                      l2123 1480                      l2211 1A4C  
                    l2203 1A0C                      l1317 1E52                      l2301 1D96  
                    l2053 12FC                      l2045 12E0                      l2037 129E  
                    l2029 1244                      l2141 1506                      l2133 14CA  
                    l2125 1490                      l2117 1446                      l2109 1422  
                    l2061 131C                      l2221 1A7C                      l2213 1A5A  
                    l2205 1A36                      l1421 1862                      l1319 1E54  
                    l2303 1D9A                      l2055 12FE                      l2047 12E6  
                    l2039 12AE                      l2151 154C                      l2143 1518  
                    l2135 14D6                      l2127 1498                      l2119 1460  
                    l2071 135C                      l2063 132A                      l2231 1AA6  
                    l2223 1A86                      l2207 1A38                      l2311 1B96  
                    l1503 1998                      l1431 1878                      l1423 186C  
                    l2049 12E8                      l2161 15AC                      l2145 152E  
                    l2153 155E                      l2137 14F4                      l2129 14A8  
                    l2081 1382                      l2073 135E                      l2065 132C  
                    l2233 1AB6                      l2209 1A48                      l2241 16AC  
                    l2321 1BA0                      l2313 1B98                      l2305 1AE8  
                    l1361 1E24                      l1513 19A4                      l1441 1884  
                    l2401 0946                      l2331 1C82                      l2323 1C54  
                    l2171 161A                      l2155 156C                      l2147 1534  
                    l2139 14F6                      l2091 13C2                      l2083 1390  
                    l2067 133C                      l2075 1366                      l2059 1310  
                    l2235 1AC6                      l2219 1A72                      l2243 16BC  
                    l2315 1B9A                      l2307 1AEC                      l1371 1DD8  
                    l1363 1DB0                      l1515 19DE                      l1507 199E  
                    l1451 18D2                      l1443 18BE                      l1435 187E  
                    l1427 1872                      l1419 185E                      l2411 0996  
                    l2403 095E                      l2341 1E12                      l2333 1C8C  
                    l2325 1C6C                      l2181 1684                      l2165 15D6  
                    l2173 161E                      l2157 1570                      l2149 153E  
                    l2093 13C4                      l2085 1392                      l2077 1376  
                    l2069 134C                      l2237 1AD6                      l2229 1A9A  
                    l2261 1782                      l2253 173A                      l2245 16CA  
                    l2317 1B9C                      l2309 1B94                      l1365 1DCC  
                    l1541 1BC0                      l1445 18C2                      l2501 0B84  
                    l2421 09EE                      l2413 09AC                      l2405 0972  
                    l2335 1C96                      l2327 1C6E                      l2351 1D3C  
                    l2343 1D0C                      l2183 1688                      l2175 1638  
                    l2167 15E2                      l2159 157E                      l2087 13A2  
                    l2095 13CC                      l2079 137C                      l2271 1802  
                    l2263 178E                      l2255 1742                      l2247 1710  
                    l2319 1B9E                      l1367 1DD2                      l1543 1BD2  
                    l1535 1BA8                      l1471 192C                      l1455 18D8  
                    l1447 18CC                      l2511 0BC4                      l2503 0B8E  
                    l2431 0A14                      l2423 09F2                      l2415 09B0  
                    l2407 097C                      l2361 1DDE                      l2337 1CA0  
                    l2329 1C78                      l2353 1D48                      l2345 1D1C  
                    l2185 1696                      l2177 164E                      l2169 15F0  
                    l2097 13DC                      l2089 13B2                      l2281 184A  
                    l2273 1804                      l2265 17CA                      l2257 174E  
                    l2249 1726                      l1561 1C1A                      l1553 1BF0  
                    l1537 1BB8                      l1465 18E4                      l2601 0E32  
                    l2513 0BD6                      l2505 0B9A                      l2521 0C00  
                    l2441 0A3C                      l2433 0A18                      l2425 0A08  
                    l2417 09C6                      l2409 0984                      l2291 1D8A  
                    l2339 1E08                      l2363 1DEE                      l2355 1D4C  
                    l2347 1D2C                      l2187 169C                      l2179 1668  
                    l2099 13F2                      l2283 184C                      l2275 1808  
                    l2267 17D6                      l2259 1780                      l1571 1C38  
                    l1555 1C02                      l1547 1BD8                      l1491 197E  
                    l1483 193E                      l1475 1932                      l1467 191E  
                    l1459 18DE                      l2603 0E34                      l2531 0C40  
                    l2523 0C10                      l2515 0BE4                      l2451 0A6E  
                    l2443 0A42                      l2435 0A1C                      l2427 0A0C  
                    l2419 09D8                      l2371 0880                      l2293 1D8C  
                    l2365 1DFC                      l2357 1D60                      l2349 1D38  
                    l1901 0F42                      l2189 169E                      l2197 19E2  
                    l2277 182C                      l2269 17E4                      l1573 1C4A  
                    l1565 1C20                      l1549 1BEA                      l1493 1982  
                    l1469 1922                      l2605 0E44                      l2541 0C9C  
                    l2533 0C54                      l2525 0C20                      l2517 0BEC  
                    l2509 0BAE                      l2461 0AA6                      l2453 0A80  
                    l2445 0A50                      l2437 0A20                      l2429 0A10  
                    l2381 08BC                      l2373 0894                      l2295 1D8E  
                    l2287 1D82                      l2359 1D62                      l1911 0F60  
                    l1903 0F50                      l2199 19F8                      l2279 183C  
                    l1567 1C32                      l1559 1C08                      l1495 198C  
                    l1479 1938                      l2623 1898                      l2551 0CE2  
                    l2535 0C6A                      l2543 0CA4                      l2527 0C2C  
                    l2519 0BF6                      l2471 0AF2                      l2463 0AAE  
                    l2455 0A90                      l2447 0A56                      l2439 0A32  
                    l2383 08CC                      l2391 090C                      l2375 089C  
                    l2367 0868                      l2297 1D90                      l2289 1D86  
                    l1841 1E40                      l1921 0F74                      l1913 0F64  
                    l1905 0F54                      l1577 1C50                      l1489 1944  
                    l2625 18F8                      l2561 0D2C                      l2537 0C80  
                    l2545 0CAE                      l2529 0C2E                      l2481 0B22  
                    l2473 0AFA                      l2457 0A98                      l2465 0ABC  
                    l2449 0A66                      l2553 0CEA                      l2393 092A  
                    l2385 08DC                      l2377 08A4                      l2369 087C  
                    l2299 1D92                      l1851 1CE2                      l1843 1CBC  
                    l1931 0F88                      l1923 0F78                      l1915 0F68  
                    l1907 0F58                      l1499 1992                      l2627 1958  
                    l2571 0D70                      l2563 0D34                      l2555 0CF0  
                    l2547 0CBE                      l2539 0C96                      l2491 0B60  
                    l2483 0B2A                      l2475 0B10                      l2467 0ACE  
                    l2459 0A9C                      l2387 08EC                      l2379 08AC  
                    l1837 1E38                      l1853 1CEC                      l1845 1CC2  
                    l1941 0FDA                      l1933 0F8C                      l1925 0F7C  
                    l1917 0F6C                      l1909 0F5C                      l1861 0E6A  
                    l2629 19B8                      l2581 0DAC                      l2573 0D7A  
                    l2565 0D44                      l2557 0D00                      l2549 0CDC  
                    l2493 0B68                      l2485 0B34                      l2477 0B14  
                    l2469 0ADE                      l2389 08FC                      l1839 1E3A  
                    l1855 1CFA                      l1847 1CD4                      l1951 101E  
                    l1943 0FEA                      l1927 0F80                      l1919 0F70  
                    l1935 0F90                      l1871 0E9E                      l1863 0E6C  
                    l2591 0DE2                      l2583 0DAE                      l2575 0D84  
                    l2567 0D54                      l2559 0D18                      l2495 0B6E  
                    l2479 0B18                      l2487 0B3E                      l2399 0930  
                    l1849 1CDE                      l1953 1020                      l1945 1000  
                    l1937 0F94                      l1929 0F84                      l1881 0ED0  
                    l1865 0E7C                      l1873 0EA6                      l1857 0E50  
                    l2593 0DF4                      l2585 0DB8                      l2569 0D64  
                    l2577 0D8A                      l2497 0B72                      l2489 0B50  
                    l1971 10A8                      l1963 1070                      l1955 102A  
                    l1947 100C                      l1939 0FBE                      l1891 0F06  
                    l1883 0ED6                      l1875 0EB6                      l1867 0E8C  
                    l1859 0E5C                      l2587 0DC2                      l2579 0D9C  
                    l2595 0E00                      l2499 0B7C                      l1973 10AC  
                    l1965 1080                      l1957 104C                      l1981 10CC  
                    l1949 1010                      l1893 0F16                      l1885 0EE4  
                    l1877 0EBC                      l1869 0E9C                      l2589 0DD0  
                    l2597 0E14                      l1983 10F2                      l1991 1148  
                    l1975 10BA                      l1967 108E                      l1959 105C  
                    l1895 0F18                      l1887 0EE6                      l1879 0ECE  
                    l2599 0E24                      l1993 116E                      l1985 1126  
                    l1977 10BC                      l1969 109C                      l1889 0EF6  
                    l1897 0F20                      l1995 117E                      l1987 1128  
                    l1979 10C6                      l1899 0F30                      l1989 1138  
                    l1999 1192                      STR_1 0834                      STR_2 085B  
                    STR_3 0850                      STR_4 0813                      STR_5 0801  
                    STR_6 0824                      STR_7 0813                      STR_8 0843  
                    STR_9 0862                      _CREN 7D5C                      u2000 19F8  
                    u2001 19F4                      u2010 1A2C                      u2020 1A5A  
                    u2100 177C                      u2021 1A56                      u2101 1778  
                    u2030 1A6E                      u2110 17C6                      u2031 1A6A  
                    u2015 1A22                      u2111 17C2                      u2200 1D7E  
                    u1400 0E8C                      u2040 1A96                      u2120 17E4  
                    u2201 1D7A                      u1401 0E88                      u2041 1A92  
                    u2121 17E0                      u2210 1DEE                      u1410 0ECE  
                    u2050 1AB6                      u2130 17F4                      u2211 1DEA  
                    u1411 0ECA                      u2051 1AB2                      u2131 17F0  
                    u1500 1000                      u1420 0EE4                      u2060 1AC6  
                    u2140 1802                      u2300 0A66                      u2220 08BC  
                    u1501 0FFC                      u1421 0EE0                      u2061 1AC2  
                    u2141 17FE                      u2301 0A62                      u2221 08B8  
                    u1510 101E                      u1430 0EF6                      u2150 183C  
                    u2070 16BC                      u2310 0A80                      u2230 08CC  
                    _LATB 0F8A                      u1511 101A                      u1431 0EF2  
                    u2151 1838                      u2071 16B8                      u2311 0A7C  
                    u2231 08C8                      u1600 116E                      u1520 103E  
                    u1440 0F06                      u2160 184A                      u2080 16CA  
                    u2400 0C20                      u2320 0A90                      u2240 08DC  
                    _LATD 0F8C                      u1601 116A                      u1521 103A  
                    u1441 0F02                      u2161 1846                      u2081 16C6  
                    u2401 0C1C                      u2321 0A8C                      u2241 08D8  
                    u2170 1DAA                      u1610 117E                      u1530 104C  
                    u1450 0F42                      u2090 1726                      u2410 0C40  
                    u2330 0ACE                      u2250 08EC                      u2171 1DA6  
                    u1355 1CCA                      u1611 117A                      u1531 1048  
                    u1451 0F3E                      u2091 1722                      u2411 0C3C  
                    u2331 0ACA                      u2251 08E8                      u1356 1CCC  
                    u1700 1252                      u1620 11AA                      u1540 105C  
                    u1460 0F50                      u1380 0E6A                      u2500 0D54  
                    u2420 0C54                      u2340 0ADE                      u2260 08FC  
                    u1365 1CDC                      u1701 124E                      u1621 11A6  
                    u1541 1058                      u1461 0F4C                      u1381 0E66  
                    u2501 0D50                      u2421 0C50                      u2341 0ADA  
                    u2261 08F8                      u1366 1CDE                      u2190 1D1C  
                    u1710 128C                      u1630 11BA                      u1550 108E  
                    u1470 0FBE                      u1390 0E7C                      u2510 0D64  
                    u2430 0C6A                      u2350 0B50                      u2270 090C  
                    u1375 1CF4                      u2191 1D18                      u1711 1288  
                    u1631 11B6                      u1551 108A                      u1471 0FBA  
                    u1391 0E78                      u2511 0D60                      u2431 0C66  
                    u2351 0B4C                      u2271 0908                      u1376 1CF6  
                    u1720 129E                      u1640 11D6                      u1560 109C  
                    u1480 0FD6                      u1800 1390                      u2520 0D9C  
                    u2440 0C80                      u2360 0B60                      u2280 0970  
                    u1721 129A                      u1641 11D2                      u1561 1098  
                    u1481 0FD0                      u1801 138C                      u2185 1AFE  
                    u2521 0D98                      u2441 0C7C                      u2361 0B5C  
                    u2281 096C                      u1730 12AE                      u1650 11E6  
                    u1570 10BA                      u1490 0FD8                      u1810 13A2  
                    u2530 0DAC                      u2450 0C96                      u2370 0BAA  
                    u2290 0A50                      u1731 12AA                      u1651 11E2  
                    u1571 10B6                      u1811 139E                      u2531 0DA8  
                    u2451 0C92                      u2371 0BA6                      u2291 0A4C  
                    u1740 12CE                      u1660 11F8                      u1580 10F2  
                    u1900 154C                      u1820 13B2                      u2540 0DE2  
                    u2460 0CBE                      u2380 0BD6                      u1741 12CA  
                    u1661 11F4                      u1581 10EE                      u1901 1548  
                    u1821 13AE                      u2541 0DDE                      u2461 0CBA  
                    u2381 0BD2                      u1750 12E0                      u1670 120E  
                    u1590 1138                      u1910 156C                      u1830 13F2  
                    u2550 0DF4                      u2470 0D00                      u2390 0C10  
                    u1751 12DC                      u1671 120A                      u1591 1134  
                    u1911 1568                      u1831 13EE                      u2551 0DF0  
                    u2471 0CFC                      u2391 0C0C                      u2607 0952  
                    u1760 12FC                      u1680 1224                      u1920 157E  
                    u1840 1432                      u2560 0E14                      u2480 0D2C  
                    u1761 12F8                      u1681 1220                      u1921 157A  
                    u1841 142E                      u2561 0E10                      u2481 0D28  
                    u2617 09A0                      u1690 1238                      u1930 15AC  
                    u1850 14A8                      u1770 132A                      u2570 0E24  
                    u2490 0D44                      u1691 1234                      u1931 15A8  
                    u1851 14A4                      u1771 1326                      u2707 1924  
                    u2571 0E20                      u2491 0D40                      u2627 09BA  
                    u1940 15C2                      u1860 14CA                      u1780 133C  
                    u2580 0E44                      u1941 15BE                      u1861 14C6  
                    u1781 1338                      u2717 1984                      u2581 0E40  
                    u2637 09E2                      u1950 15D6                      u1870 14F4  
                    u1790 134C                      u2727 1C5E                      u1951 15D2  
                    u1871 14F0                      u1791 1348                      u2647 09FC  
                    u1960 15F0                      u1880 1518                      u2737 1CB0  
                    u1961 15EC                      u1881 1514                      u2657 0B04  
                    u1970 1638                      u1890 152E                      u2747 1E18  
                    u1971 1634                      u1891 152A                      u2667 0BB8  
                    u1980 1668                      u2757 1D00                      u1981 1664  
                    u2677 0D0A                      u2597 093A                      u1990 1696  
                    u2767 1E3C                      u1991 1692                      u2687 1864  
                    u2777 1E44                      u2697 18C4                      _RCIF 7CF5  
                    _TRMT 7D61                      _main 0868                      fsr2h 0FDA  
                    indf2 0FDF                      fsr2l 0FD9                      start 0000  
         ___fldiv@new_exp 0020              ___param_bank 0000      __end_of_EEPROM_Write 1DB0  
         __end_of_Tx_DATO 1D0A          __end_of_LCD_init 1CBA             ___fltol@sign1 0009  
         __end_of___fladd 1310                     ?_main 0001           __end_of___fldiv 16AA  
                   _EEADR 0FA9                     STR_10 0813           __end_of___fltol 1AE8  
                   _CMCON 0FB4                     _RCREG 0FAE                     _RCSTA 0FAB  
                   _SPBRG 0FAF                     _PORTB 0F81                     _TRISB 0F93  
                   _TRISD 0F95                     _BitEN 1E38                     _TXREG 0FAD  
             ?_UART_Write 0001             ?_mapear_tecla 0001                     main@i 0050  
         __end_of_teclado 19E2                     tablat 0FF5              main@rx_index 0054  
        _LCD_cursor_blink 1DDC                     status 0FD8              main@tx_index 0053  
        EEPROM_Write@data 0001               ?_USART_Read 0001           __initialization 1E5A  
            __end_of_main 0E50                    ??_main 0044             __activetblptr 0002  
                  ?_BitEN 0001         __end_of_LCD_clear 1E22            ??_mapear_tecla 0001  
       __end_of_LCD_print 1D80                    _ADCON1 0FC1                    _EEDATA 0FA8  
                  _EECON2 0FA7          __end_of___xxtofl 185E                 ??_Tx_DATO 0002  
               ??___fladd 0030                 ??___fldiv 0017                 ??___fltol 0005  
                  isa$std 0001                    main@v1 004A                    main@v2 004B  
                  main@v3 004C                 ??_teclado 0001              __mediumconst 0000  
                  tblptrh 0FF7                    tblptrl 0FF6                    tblptru 0FF8  
           main@rx_buffer 004D            Tx_DATO@is_char 0001        _LCD_set_cursor$430 0007  
            ___xxtofl@arg 000B              ___xxtofl@exp 000A              ___xxtofl@val 0001  
              __accesstop 0060   __end_of__initialization 1E5A                 ?_LCD_init 0001  
           ___rparam_used 0001          main@client_state 0056                ___fltol@f1 0001  
           __end_of_BitEN 1E4A            __pcstackCOMRAM 0001               Tx_DATO@DATO 0003  
                 ??_BitEN 0001              LCD_print@str 0005              _EEPROM_Write 1D80  
              ??_LCD_init 0005            _LCD_set_cursor 1D0A      __end_of_mapear_tecla 1C54  
__end_of_LCD_cursor_blink 1E08                 ?___xxtofl 0001              ??_UART_Write 0001  
           ?_UART_Initial 0038    __end_of_LCD_set_cursor 1D48              ??_USART_Read 0001  
                 __Hparam 0000                   _Tx_DATO 1CBA                   __Lparam 0000  
          main@pass_index 0059                   ___fladd 0E50                   ___fldiv 1310  
                 ___fltol 19E2        __end_of_UART_Write 1E38              __psmallconst 0800  
                 __pcinit 1E5A                   __ramtop 0800                   __ptext0 0868  
                 __ptext1 185E                   __ptext2 1BA6                   __ptext3 1DB0  
                 __ptext4 1E22                   __ptext5 1AE8                   __ptext6 16AA  
                 __ptext7 19E2                   __ptext8 1310                   __ptext9 0E50  
   UART_Initial@baud_rate 0038                ??___xxtofl 0005                   _teclado 185E  
  LCD_cursor_blink@enable 0005        __end_of_USART_Read 1DDC                 _LCD_clear 1E08  
    end_of_initialization 1E5A            ??_UART_Initial 003C                 _LCD_print 1D48  
           ??_EEPROM_Read 0001             __Lmediumconst 0000           ?_LCD_set_cursor 0005  
               _RCSTAbits 0FAB            UART_Write@data 0001               ___fladd@grs 0037  
           ___xxtofl@sign 0009                 _TRISCbits 0F94               ___fldiv@grs 0022  
             ___fldiv@rem 001B                ?_LCD_clear 0001                ?_LCD_print 0005  
               _TXSTAbits 0FAC       __end_of_EEPROM_Read 1E5A               _BAUDCONbits 0FB8  
     start_initialization 1E5A              _mapear_tecla 1BA6         LCD_set_cursor@cmd 0009  
       LCD_set_cursor@col 0005         LCD_set_cursor@row 0006      __end_of_UART_Initial 1BA6  
       ?_LCD_cursor_blink 0001                 ___fladd@a 002C                 ___fladd@b 0028  
               ___fldiv@a 0013                 ___fldiv@b 000F        ??_LCD_cursor_blink 0005  
             ??_LCD_clear 0005          main@tecla_actual 0055               ??_LCD_print 0006  
             _EEPROM_Read 1E4A                  ?_Tx_DATO 0001                  ?___fladd 0028  
                ?___fldiv 000F                  ?___fltol 0001               __smallconst 0800  
                ?_teclado 0001          ??_LCD_set_cursor 0006                  _LATDbits 0F8C  
                _LCD_init 1C54           UART_Initial@bps 0040                 main@i_474 0051  
              _EECON1bits 0FA6                  __Hrparam 0000                  __Lrparam 0000  
         main@pass_buffer 0046          main@server_state 0052           main@tecla_ascii 0057  
                ___xxtofl 16AA                  __ptext10 1D0A                  __ptext11 1D48  
                __ptext12 1C54                  __ptext13 1DDC                  __ptext14 1E08  
                __ptext15 1CBA                  __ptext16 1E38                  __ptext17 1D80  
                __ptext18 1E4A             ?_EEPROM_Write 0001              _UART_Initial 1AE8  
                isa$xinst 0000                  main@data 0058                _INTCONbits 0FF2  
          ??_EEPROM_Write 0002              ?_EEPROM_Read 0001        EEPROM_Read@address 0001  
        Tx_DATO@led_state 0004                _UART_Write 1E22             ___fladd@signs 0034  
            ___fladd@aexp 0035              ___fladd@bexp 0036       EEPROM_Write@address 0002  
              _USART_Read 1DB0  
