

Microchip MPLAB XC8 Assembler V2.45 build 20230818022343 
                                                                                               Fri Jun 19 10:54:41 2026

Microchip MPLAB XC8 C Compiler v2.45 (Free license) build 20230818022343 Og1 
     1                           	processor	18F4550
     2                           	fnconf	rparam,??,?,0
     3                           	pagewidth 120
     4                           	opt	flic
     5                           	psect	idataCOMRAM,global,class=CODE,delta=1,noexec
     6                           	psect	smallconst,global,reloc=2,class=SMALLCONST,delta=1,noexec
     7                           	psect	cinit,global,reloc=2,class=CODE,delta=1
     8                           	psect	bssCOMRAM,global,class=COMRAM,space=1,delta=1,lowdata,noexec
     9                           	psect	dataCOMRAM,global,class=COMRAM,space=1,delta=1,lowdata,noexec
    10                           	psect	cstackCOMRAM,global,class=COMRAM,space=1,delta=1,lowdata,noexec
    11                           	psect	text0,global,reloc=2,class=CODE,delta=1
    12                           	psect	text1,global,reloc=2,class=CODE,delta=1
    13                           	psect	text2,global,reloc=2,class=CODE,delta=1,group=1
    14                           	psect	text3,global,reloc=2,class=CODE,delta=1
    15                           	psect	text4,global,reloc=2,class=CODE,delta=1
    16                           	psect	text5,global,reloc=2,class=CODE,delta=1
    17                           	psect	text6,global,reloc=2,class=CODE,delta=1
    18                           	psect	text7,global,reloc=2,class=CODE,delta=1
    19                           	psect	text8,global,reloc=2,class=CODE,delta=1
    20                           	psect	text9,global,reloc=2,class=CODE,delta=1,group=1
    21                           	psect	text10,global,reloc=2,class=CODE,delta=1,group=1
    22                           	psect	text11,global,reloc=2,class=CODE,delta=1
    23                           	psect	text12,global,reloc=2,class=CODE,delta=1
    24                           	psect	text13,global,reloc=2,class=CODE,delta=1
    25                           	psect	text14,global,reloc=2,class=CODE,delta=1
    26                           	psect	text15,global,reloc=2,class=CODE,delta=1
    27                           	psect	text16,global,reloc=2,class=CODE,delta=1
    28                           	psect	text17,global,reloc=2,class=CODE,delta=1
    29                           	psect	text18,global,reloc=2,class=CODE,delta=1
    30                           	psect	text19,global,reloc=2,class=CODE,delta=1
    31                           	psect	text20,global,reloc=2,class=CODE,delta=1
    32                           	psect	text21,global,reloc=2,class=CODE,delta=1
    33                           	psect	text22,global,reloc=2,class=CODE,delta=1
    34                           	psect	text23,global,reloc=2,class=CODE,delta=1
    35                           	psect	text24,global,reloc=2,class=CODE,delta=1
    36                           	psect	text25,global,reloc=2,class=CODE,delta=1
    37                           	psect	text26,global,reloc=2,class=CODE,delta=1
    38                           	psect	intcode,global,reloc=2,class=CODE,delta=1
    39                           	psect	intcode_body,global,reloc=2,class=CODE,delta=1
    40                           	psect	text28,global,reloc=2,class=CODE,delta=1
    41                           	psect	text29,global,reloc=2,class=CODE,delta=1
    42                           	psect	intsave_regs,global,class=BIGRAM,space=1,delta=1,noexec
    43                           	psect	rparam,global,class=COMRAM,space=1,delta=1,noexec
    44                           	psect	temp,global,ovrld,common,class=COMRAM,space=1,delta=1
    45                           	psect	idloc,global,abs,ovrld,class=IDLOC,space=5,delta=1,noexec
    46                           	psect	config,global,abs,ovrld,class=CONFIG,space=4,delta=1,noexec
    47   000000                     
    48                           ; Version 2.20
    49                           ; Generated 12/02/2020 GMT
    50                           ; 
    51                           ; Copyright © 2020, Microchip Technology Inc. and its subsidiaries ("Microchip")
    52                           ; All rights reserved.
    53                           ; 
    54                           ; This software is developed by Microchip Technology Inc. and its subsidiaries ("Microch
      +                          ip").
    55                           ; 
    56                           ; Redistribution and use in source and binary forms, with or without modification, are
    57                           ; permitted provided that the following conditions are met:
    58                           ; 
    59                           ;     1. Redistributions of source code must retain the above copyright notice, this lis
      +                          t of
    60                           ;        conditions and the following disclaimer.
    61                           ; 
    62                           ;     2. Redistributions in binary form must reproduce the above copyright notice, this 
      +                          list
    63                           ;        of conditions and the following disclaimer in the documentation and/or other
    64                           ;        materials provided with the distribution.
    65                           ; 
    66                           ;     3. Microchip's name may not be used to endorse or promote products derived from th
      +                          is
    67                           ;        software without specific prior written permission.
    68                           ; 
    69                           ; THIS SOFTWARE IS PROVIDED BY MICROCHIP "AS IS" AND ANY EXPRESS OR IMPLIED WARRANTIES,
    70                           ; INCLUDING, BUT NOT LIMITED TO, THE IMPLIED WARRANTIES OF MERCHANTABILITY AND FITNESS F
      +                          OR
    71                           ; PURPOSE ARE DISCLAIMED.  IN NO EVENT SHALL MICROCHIP BE LIABLE FOR ANY DIRECT, INDIREC
      +                          T,
    72                           ; INCIDENTAL, SPECIAL, EXEMPLARY, OR CONSEQUENTIAL DAMAGES (INCLUDING BUT NOT LIMITED TO
    73                           ; PROCUREMENT OF SUBSTITUTE GOODS OR SERVICES; LOSS OF USE, DATA OR PROFITS; OR BUSINESS
    74                           ; INTERRUPTION) HOWSOEVER CAUSED AND ON ANY THEORY OF LIABILITY, WHETHER IN CONTRACT, ST
      +                          RICT
    75                           ; LIABILITY, OR TORT (INCLUDING NEGLIGENCE OR OTHERWISE) ARISING IN ANY WAY OUT OF THE U
      +                          SE OF
    76                           ; THIS SOFTWARE, EVEN IF ADVISED OF THE POSSIBILITY OF SUCH DAMAGE.
    77                           ; 
    78                           ; 
    79                           ; Code-generator required, PIC18F4550 Definitions
    80                           ; 
    81                           ; SFR Addresses
    82   000000                     
    83                           	psect	idataCOMRAM
    84   00151E                     __pidataCOMRAM:
    85                           	callstack 0
    86                           
    87                           ;initializer for _ledManual
    88   00151E  0064               	dw	100
    89                           
    90                           ;initializer for _ledPeriodo
    91   001520  0019               	dw	25
    92                           
    93                           ;initializer for _modo
    94   001522  03                 	db	3
    95   000000                     _TMR0L	set	4054
    96   000000                     _TMR0H	set	4055
    97   000000                     _LATAbits	set	3977
    98   000000                     _LATDbits	set	3980
    99   000000                     _GO_DONE	set	32273
   100   000000                     _ADON	set	32272
   101   000000                     _CHS0	set	32274
   102   000000                     _CHS1	set	32275
   103   000000                     _CHS2	set	32276
   104   000000                     _PORTB	set	3969
   105   000000                     _LATA	set	3977
   106   000000                     _TRISAbits	set	3986
   107   000000                     _TRISD	set	3989
   108   000000                     _ADCON2	set	4032
   109   000000                     _ADCON1	set	4033
   110   000000                     _TRISB	set	3987
   111   000000                     _LATB	set	3978
   112   000000                     _LATD	set	3980
   113   000000                     _RCONbits	set	4048
   114   000000                     _ADRESH	set	4036
   115   000000                     _ADRESL	set	4035
   116   000000                     _CHS3	set	32277
   117   000000                     _T0CON	set	4053
   118   000000                     _INTCON2bits	set	4081
   119   000000                     _INTCONbits	set	4082
   120                           
   121                           	psect	smallconst
   122   000800                     __psmallconst:
   123                           	callstack 0
   124   000800  00                 	db	0
   125   000801                     STR_9:
   126   000801  43                 	db	67	;'C'
   127   000802  3A                 	db	58	;':'
   128   000803  4A                 	db	74	;'J'
   129   000804  55                 	db	85	;'U'
   130   000805  45                 	db	69	;'E'
   131   000806  47                 	db	71	;'G'
   132   000807  4F                 	db	79	;'O'
   133   000808  20                 	db	32
   134   000809  2A                 	db	42
   135   00080A  2C                 	db	44
   136   00080B  23                 	db	35
   137   00080C  3A                 	db	58	;':'
   138   00080D  52                 	db	82	;'R'
   139   00080E  53                 	db	83	;'S'
   140   00080F  54                 	db	84	;'T'
   141   000810  00                 	db	0
   142   000811                     STR_3:
   143   000811  41                 	db	65	;'A'
   144   000812  44                 	db	68	;'D'
   145   000813  49                 	db	73	;'I'
   146   000814  56                 	db	86	;'V'
   147   000815  49                 	db	73	;'I'
   148   000816  4E                 	db	78	;'N'
   149   000817  45                 	db	69	;'E'
   150   000818  20                 	db	32
   151   000819  41                 	db	65	;'A'
   152   00081A  44                 	db	68	;'D'
   153   00081B  43                 	db	67	;'C'
   154   00081C  00                 	db	0
   155   00081D                     STR_8:
   156   00081D  41                 	db	65	;'A'
   157   00081E  3A                 	db	58	;':'
   158   00081F  41                 	db	65	;'A'
   159   000820  44                 	db	68	;'D'
   160   000821  43                 	db	67	;'C'
   161   000822  20                 	db	32
   162   000823  42                 	db	66	;'B'
   163   000824  3A                 	db	58	;':'
   164   000825  4C                 	db	76	;'L'
   165   000826  45                 	db	69	;'E'
   166   000827  44                 	db	68	;'D'
   167   000828  00                 	db	0
   168   000829                     STR_7:
   169   000829  52                 	db	82	;'R'
   170   00082A  45                 	db	69	;'E'
   171   00082B  49                 	db	73	;'I'
   172   00082C  4E                 	db	78	;'N'
   173   00082D  49                 	db	73	;'I'
   174   00082E  43                 	db	67	;'C'
   175   00082F  49                 	db	73	;'I'
   176   000830  41                 	db	65	;'A'
   177   000831  4E                 	db	78	;'N'
   178   000832  44                 	db	68	;'D'
   179   000833  4F                 	db	79	;'O'
   180   000834  00                 	db	0
   181   000835                     STR_5:
   182   000835  49                 	db	73	;'I'
   183   000836  4E                 	db	78	;'N'
   184   000837  43                 	db	67	;'C'
   185   000838  4F                 	db	79	;'O'
   186   000839  52                 	db	82	;'R'
   187   00083A  52                 	db	82	;'R'
   188   00083B  45                 	db	69	;'E'
   189   00083C  43                 	db	67	;'C'
   190   00083D  54                 	db	84	;'T'
   191   00083E  4F                 	db	79	;'O'
   192   00083F  00                 	db	0
   193   000840                     STR_4:
   194   000840  43                 	db	67	;'C'
   195   000841  4F                 	db	79	;'O'
   196   000842  52                 	db	82	;'R'
   197   000843  52                 	db	82	;'R'
   198   000844  45                 	db	69	;'E'
   199   000845  43                 	db	67	;'C'
   200   000846  54                 	db	84	;'T'
   201   000847  4F                 	db	79	;'O'
   202   000848  21                 	db	33
   203   000849  00                 	db	0
   204   00084A                     STR_10:
   205   00084A  41                 	db	65	;'A'
   206   00084B  44                 	db	68	;'D'
   207   00084C  43                 	db	67	;'C'
   208   00084D  20                 	db	32
   209   00084E  48                 	db	72	;'H'
   210   00084F  4F                 	db	79	;'O'
   211   000850  4C                 	db	76	;'L'
   212   000851  44                 	db	68	;'D'
   213   000852  00                 	db	0
   214   000853                     STR_11:
   215   000853  41                 	db	65	;'A'
   216   000854  44                 	db	68	;'D'
   217   000855  43                 	db	67	;'C'
   218   000856  20                 	db	32
   219   000857  52                 	db	82	;'R'
   220   000858  55                 	db	85	;'U'
   221   000859  4E                 	db	78	;'N'
   222   00085A  00                 	db	0
   223   00085B                     STR_1:
   224   00085B  41                 	db	65	;'A'
   225   00085C  44                 	db	68	;'D'
   226   00085D  43                 	db	67	;'C'
   227   00085E  20                 	db	32
   228   00085F  3D                 	db	61	;'='
   229   000860  20                 	db	32
   230   000861  00                 	db	0
   231   000862                     STR_2:
   232   000862  20                 	db	32
   233   000863  20                 	db	32
   234   000864  20                 	db	32
   235   000865  20                 	db	32
   236   000866  00                 	db	0
   237   000867                     STR_6:
   238   000867  50                 	db	80	;'P'
   239   000868  54                 	db	84	;'T'
   240   000869  53                 	db	83	;'S'
   241   00086A  3A                 	db	58	;':'
   242   00086B  00                 	db	0
   243   00086C  00                 	db	0	; dummy byte at the end
   244   000000                     
   245                           ; #config settings
   246                           
   247                           	psect	cinit
   248   0012E0                     __pcinit:
   249                           	callstack 0
   250   0012E0                     start_initialization:
   251                           	callstack 0
   252   0012E0                     __initialization:
   253                           	callstack 0
   254                           
   255                           ; Initialize objects allocated to COMRAM (5 bytes)
   256                           ; load TBLPTR registers with __pidataCOMRAM
   257   0012E0  0E1E               	movlw	low __pidataCOMRAM
   258   0012E2  6EF6               	movwf	tblptrl,c
   259   0012E4  0E15               	movlw	high __pidataCOMRAM
   260   0012E6  6EF7               	movwf	tblptrh,c
   261   0012E8  0E00               	movlw	low (__pidataCOMRAM shr (0+16))
   262   0012EA  6EF8               	movwf	tblptru,c
   263   0012EC  EE00  F025         	lfsr	0,__pdataCOMRAM
   264   0012F0  EE10 F005          	lfsr	1,5
   265   0012F4                     copy_data0:
   266   0012F4  0009               	tblrd		*+
   267   0012F6  CFF5 FFEE          	movff	tablat,postinc0
   268   0012FA  50E5               	movf	postdec1,w,c
   269   0012FC  50E1               	movf	fsr1l,w,c
   270   0012FE  E1FA               	bnz	copy_data0
   271                           
   272                           ; Clear objects allocated to COMRAM (10 bytes)
   273   001300  EE00  F01B         	lfsr	0,__pbssCOMRAM
   274   001304  0E0A               	movlw	10
   275   001306                     clear_0:
   276   001306  6AEE               	clrf	postinc0,c
   277   001308  06E8               	decf	wreg,f,c
   278   00130A  E1FD               	bnz	clear_0
   279   00130C                     end_of_initialization:
   280                           	callstack 0
   281   00130C                     __end_of__initialization:
   282                           	callstack 0
   283   00130C  902A               	bcf	int$flags,0,c	;clear compiler interrupt flag (level 1)
   284   00130E  922A               	bcf	int$flags,1,c	;clear compiler interrupt flag (level 2)
   285   001310  0E00               	movlw	low (__Lmediumconst shr (0+16))
   286   001312  6EF8               	movwf	tblptru,c
   287   001314  0100               	movlb	0
   288   001316  EF37  F004         	goto	_main	;jump to C main() function
   289                           
   290                           	psect	bssCOMRAM
   291   00001B                     __pbssCOMRAM:
   292                           	callstack 0
   293   00001B                     _numeroIngresado:
   294                           	callstack 0
   295   00001B                     	ds	2
   296   00001D                     _puntaje:
   297                           	callstack 0
   298   00001D                     	ds	2
   299   00001F                     _adcValue:
   300                           	callstack 0
   301   00001F                     	ds	2
   302   000021                     _digitosIngresados:
   303                           	callstack 0
   304   000021                     	ds	1
   305   000022                     _holdADC:
   306                           	callstack 0
   307   000022                     	ds	1
   308   000023                     _flagADC:
   309                           	callstack 0
   310   000023                     	ds	1
   311   000024                     _temp:
   312                           	callstack 0
   313   000024                     	ds	1
   314                           
   315                           	psect	dataCOMRAM
   316   000025                     __pdataCOMRAM:
   317                           	callstack 0
   318   000025                     _ledManual:
   319                           	callstack 0
   320   000025                     	ds	2
   321   000027                     _ledPeriodo:
   322                           	callstack 0
   323   000027                     	ds	2
   324   000029                     _modo:
   325                           	callstack 0
   326   000029                     	ds	1
   327                           
   328                           	psect	cstackCOMRAM
   329   000001                     __pcstackCOMRAM:
   330                           	callstack 0
   331   000001                     i2Delay1ms@veces:
   332                           	callstack 0
   333                           
   334                           ; 2 bytes @ 0x0
   335   000001                     	ds	2
   336   000003                     ??_LeerADC:
   337                           
   338                           ; 1 bytes @ 0x2
   339   000003                     	ds	2
   340   000005                     ??_AjustarLEDManual:
   341   000005                     ?___wmul:
   342                           	callstack 0
   343   000005                     ?___lwmod:
   344                           	callstack 0
   345   000005                     Delay1ms@veces:
   346                           	callstack 0
   347   000005                     ___wmul@multiplier:
   348                           	callstack 0
   349   000005                     ___lwmod@dividend:
   350                           	callstack 0
   351                           
   352                           ; 2 bytes @ 0x4
   353   000005                     	ds	2
   354   000007                     ??_TxDato:
   355   000007                     AjustarLEDManual@tecla:
   356                           	callstack 0
   357   000007                     DelayXms@Milis:
   358                           	callstack 0
   359   000007                     ___wmul@multiplicand:
   360                           	callstack 0
   361   000007                     ___lwmod@divisor:
   362                           	callstack 0
   363                           
   364                           ; 2 bytes @ 0x6
   365   000007                     	ds	2
   366   000009                     ??_DelayXms:
   367   000009                     TxDato@dato:
   368                           	callstack 0
   369   000009                     ___lwmod@counter:
   370                           	callstack 0
   371   000009                     ___wmul@product:
   372                           	callstack 0
   373                           
   374                           ; 2 bytes @ 0x8
   375   000009                     	ds	1
   376   00000A                     ?___lwdiv:
   377                           	callstack 0
   378   00000A                     LCD_Comando@cmd:
   379                           	callstack 0
   380   00000A                     LCD_Caracter@dato:
   381                           	callstack 0
   382   00000A                     DelayXms@i:
   383                           	callstack 0
   384   00000A                     ___lwdiv@dividend:
   385                           	callstack 0
   386                           
   387                           ; 2 bytes @ 0x9
   388   00000A                     	ds	1
   389   00000B                     LCD_Texto@PALABRA:
   390                           	callstack 0
   391                           
   392                           ; 1 bytes @ 0xA
   393   00000B                     	ds	1
   394   00000C                     ??_LCD_Texto:
   395   00000C                     ??_LeerTeclado:
   396   00000C                     led_blink@tiempo_ms:
   397                           	callstack 0
   398   00000C                     ___lwdiv@divisor:
   399                           	callstack 0
   400                           
   401                           ; 2 bytes @ 0xB
   402   00000C                     	ds	1
   403   00000D                     LCD_Texto@i:
   404                           	callstack 0
   405                           
   406                           ; 2 bytes @ 0xC
   407   00000D                     	ds	1
   408   00000E                     ??_led_blink:
   409   00000E                     LeerTeclado@tecla:
   410                           	callstack 0
   411   00000E                     ___lwdiv@quotient:
   412                           	callstack 0
   413                           
   414                           ; 2 bytes @ 0xD
   415   00000E                     	ds	1
   416   00000F                     
   417                           ; 1 bytes @ 0xE
   418   00000F                     	ds	1
   419   000010                     ___lwdiv@counter:
   420                           	callstack 0
   421                           
   422                           ; 1 bytes @ 0xF
   423   000010                     	ds	1
   424   000011                     ??_MostrarBarraADC:
   425   000011                     MostrarADC@miles:
   426                           	callstack 0
   427   000011                     MostrarNumeroIngresado@miles:
   428                           	callstack 0
   429   000011                     MostrarScore@correcto:
   430                           	callstack 0
   431                           
   432                           ; 1 bytes @ 0x10
   433   000011                     	ds	1
   434   000012                     MostrarADC@centenas:
   435                           	callstack 0
   436   000012                     MostrarNumeroIngresado@centenas:
   437                           	callstack 0
   438                           
   439                           ; 1 bytes @ 0x11
   440   000012                     	ds	1
   441   000013                     MostrarADC@decenas:
   442                           	callstack 0
   443   000013                     MostrarBarraADC@barras:
   444                           	callstack 0
   445   000013                     MostrarNumeroIngresado@decenas:
   446                           	callstack 0
   447                           
   448                           ; 1 bytes @ 0x12
   449   000013                     	ds	1
   450   000014                     MostrarADC@unidades:
   451                           	callstack 0
   452   000014                     MostrarBarraADC@i:
   453                           	callstack 0
   454   000014                     MostrarNumeroIngresado@unidades:
   455                           	callstack 0
   456                           
   457                           ; 1 bytes @ 0x13
   458   000014                     	ds	1
   459   000015                     ??_main:
   460                           
   461                           ; 1 bytes @ 0x14
   462   000015                     	ds	2
   463   000017                     main@i:
   464                           	callstack 0
   465                           
   466                           ; 1 bytes @ 0x16
   467   000017                     	ds	1
   468   000018                     main@diferencia:
   469                           	callstack 0
   470                           
   471                           ; 2 bytes @ 0x17
   472   000018                     	ds	2
   473   00001A                     main@tecla:
   474                           	callstack 0
   475                           
   476                           ; 1 bytes @ 0x19
   477   00001A                     	ds	1
   478                           
   479 ;;
   480 ;;Main: autosize = 0, tempsize = 2, incstack = 0, save=0
   481 ;;
   482 ;; *************** function _main *****************
   483 ;; Defined at:
   484 ;;		line 502 in file "Codigo_Pr5_Parte4.c"
   485 ;; Parameters:    Size  Location     Type
   486 ;;		None
   487 ;; Auto vars:     Size  Location     Type
   488 ;;  diferencia      2   23[COMRAM] int 
   489 ;;  i               1   22[COMRAM] unsigned char 
   490 ;;  tecla           1   25[COMRAM] unsigned char 
   491 ;; Return value:  Size  Location     Type
   492 ;;                  1    wreg      void 
   493 ;; Registers used:
   494 ;;		wreg, status,2, status,0, tblptrl, tblptrh, tblptru, prodl, prodh, cstack
   495 ;; Tracked objects:
   496 ;;		On entry : 0/0
   497 ;;		On exit  : 0/0
   498 ;;		Unchanged: 0/0
   499 ;; Data sizes:     COMRAM   BANK0   BANK1   BANK2   BANK3   BANK4   BANK5   BANK6   BANK7
   500 ;;      Params:         0       0       0       0       0       0       0       0       0
   501 ;;      Locals:         4       0       0       0       0       0       0       0       0
   502 ;;      Temps:          2       0       0       0       0       0       0       0       0
   503 ;;      Totals:         6       0       0       0       0       0       0       0       0
   504 ;;Total ram usage:        6 bytes
   505 ;; Hardware stack levels required when called: 10
   506 ;; This function calls:
   507 ;;		_ActualizarVelocidadLED
   508 ;;		_AjustarLEDManual
   509 ;;		_ConfiguracionInterrupciones_TMR0
   510 ;;		_Configuracion_inicialPIC
   511 ;;		_DelayXms
   512 ;;		_InitADC
   513 ;;		_InitLCD
   514 ;;		_LCD_Caracter
   515 ;;		_LCD_Comando
   516 ;;		_LCD_Texto
   517 ;;		_LeerTeclado
   518 ;;		_MostrarADC
   519 ;;		_MostrarMenuScroll
   520 ;;		_MostrarNumeroIngresado
   521 ;;		_MostrarScore
   522 ;;		_PantallaLEDManual
   523 ;;		_ResetLCD
   524 ;;		___wmul
   525 ;;		_led_blink
   526 ;; This function is called by:
   527 ;;		Startup code after reset
   528 ;; This function uses a non-reentrant model
   529 ;;
   530                           
   531                           	psect	text0
   532   00086E                     __ptext0:
   533                           	callstack 0
   534   00086E                     _main:
   535                           	callstack 21
   536   00086E                     
   537                           ;Codigo_Pr5_Parte4.c: 504:     TRISB = 0b00001111;
   538   00086E  0E0F               	movlw	15
   539   000870  6E93               	movwf	147,c	;volatile
   540                           
   541                           ;Codigo_Pr5_Parte4.c: 505:     LATB = 0b11110000;
   542   000872  0EF0               	movlw	240
   543   000874  6E8A               	movwf	138,c	;volatile
   544   000876                     
   545                           ;Codigo_Pr5_Parte4.c: 507:     Configuracion_inicialPIC();
   546   000876  EC5D  F00A         	call	_Configuracion_inicialPIC	;wreg free
   547   00087A                     
   548                           ;Codigo_Pr5_Parte4.c: 510:     for(char i=0;i<10;i++) led_blink(50);
   549   00087A  0E00               	movlw	0
   550   00087C  6E17               	movwf	main@i^0,c
   551   00087E                     l1701:
   552   00087E  0E00               	movlw	0
   553   000880  6E0D               	movwf	(led_blink@tiempo_ms+1)^0,c
   554   000882  0E32               	movlw	50
   555   000884  6E0C               	movwf	led_blink@tiempo_ms^0,c
   556   000886  ECDB  F009         	call	_led_blink	;wreg free
   557   00088A  2A17               	incf	main@i^0,f,c
   558   00088C  0E09               	movlw	9
   559   00088E  6417               	cpfsgt	main@i^0,c
   560   000890  EF4C  F004         	goto	u631
   561   000894  EF4E  F004         	goto	u630
   562   000898                     u631:
   563   000898  EF3F  F004         	goto	l1701
   564   00089C                     u630:
   565   00089C                     
   566                           ;Codigo_Pr5_Parte4.c: 511:     LATDbits.LATD0 = 1;
   567   00089C  808C               	bsf	140,0,c	;volatile
   568   00089E                     
   569                           ;Codigo_Pr5_Parte4.c: 513:     ConfiguracionInterrupciones_TMR0();
   570   00089E  EC50  F00A         	call	_ConfiguracionInterrupciones_TMR0	;wreg free
   571   0008A2                     
   572                           ;Codigo_Pr5_Parte4.c: 514:     InitLCD();
   573   0008A2  EC51  F009         	call	_InitLCD	;wreg free
   574   0008A6                     
   575                           ;Codigo_Pr5_Parte4.c: 515:     InitADC();
   576   0008A6  EC69  F00A         	call	_InitADC	;wreg free
   577   0008AA                     
   578                           ;Codigo_Pr5_Parte4.c: 516:     MostrarMenuScroll();
   579   0008AA  EC3F  F00A         	call	_MostrarMenuScroll	;wreg free
   580   0008AE                     l1715:
   581                           
   582                           ;Codigo_Pr5_Parte4.c: 520:         tecla = LeerTeclado();
   583   0008AE  ECB7  F005         	call	_LeerTeclado	;wreg free
   584   0008B2  6E1A               	movwf	main@tecla^0,c
   585   0008B4                     
   586                           ;Codigo_Pr5_Parte4.c: 521:         if(modo == 3){
   587   0008B4  0E03               	movlw	3
   588   0008B6  1829               	xorwf	_modo^0,w,c	;volatile
   589   0008B8  A4D8               	btfss	status,2,c
   590   0008BA  EF61  F004         	goto	u641
   591   0008BE  EF63  F004         	goto	u640
   592   0008C2                     u641:
   593   0008C2  EF65  F004         	goto	l1721
   594   0008C6                     u640:
   595   0008C6                     
   596                           ;Codigo_Pr5_Parte4.c: 522:             MostrarMenuScroll();
   597   0008C6  EC3F  F00A         	call	_MostrarMenuScroll	;wreg free
   598   0008CA                     l1721:
   599                           
   600                           ;Codigo_Pr5_Parte4.c: 524:         if(modo == 3 && tecla != 0xFF){
   601   0008CA  0E03               	movlw	3
   602   0008CC  1829               	xorwf	_modo^0,w,c	;volatile
   603   0008CE  A4D8               	btfss	status,2,c
   604   0008D0  EF6C  F004         	goto	u651
   605   0008D4  EF6E  F004         	goto	u650
   606   0008D8                     u651:
   607   0008D8  EF83  F004         	goto	l218
   608   0008DC                     u650:
   609   0008DC  281A               	incf	main@tecla^0,w,c
   610   0008DE  B4D8               	btfsc	status,2,c
   611   0008E0  EF74  F004         	goto	u661
   612   0008E4  EF76  F004         	goto	u660
   613   0008E8                     u661:
   614   0008E8  EF83  F004         	goto	l218
   615   0008EC                     u660:
   616   0008EC                     
   617                           ;Codigo_Pr5_Parte4.c: 525:             LCD_Comando(0xC0);
   618   0008EC  0EC0               	movlw	192
   619   0008EE  EC80  F00A         	call	_LCD_Comando
   620                           
   621                           ;Codigo_Pr5_Parte4.c: 526:             LCD_Caracter('T');
   622   0008F2  0E54               	movlw	84
   623   0008F4  EC7A  F00A         	call	_LCD_Caracter
   624                           
   625                           ;Codigo_Pr5_Parte4.c: 527:             LCD_Caracter('=');
   626   0008F8  0E3D               	movlw	61
   627   0008FA  EC7A  F00A         	call	_LCD_Caracter
   628                           
   629                           ;Codigo_Pr5_Parte4.c: 528:             LCD_Caracter(tecla + '0');
   630   0008FE  501A               	movf	main@tecla^0,w,c
   631   000900  0F30               	addlw	48
   632   000902  EC7A  F00A         	call	_LCD_Caracter
   633   000906                     l218:
   634                           
   635                           ;Codigo_Pr5_Parte4.c: 530:         LCD_Comando(0x01);
   636   000906  0E01               	movlw	1
   637   000908  EC80  F00A         	call	_LCD_Comando
   638   00090C                     
   639                           ;Codigo_Pr5_Parte4.c: 532:         if(tecla == 10) modo = 0;
   640   00090C  0E0A               	movlw	10
   641   00090E  181A               	xorwf	main@tecla^0,w,c
   642   000910  A4D8               	btfss	status,2,c
   643   000912  EF8D  F004         	goto	u671
   644   000916  EF8F  F004         	goto	u670
   645   00091A                     u671:
   646   00091A  EF91  F004         	goto	l1731
   647   00091E                     u670:
   648   00091E  0E00               	movlw	0
   649   000920  6E29               	movwf	_modo^0,c	;volatile
   650   000922                     l1731:
   651                           
   652                           ;Codigo_Pr5_Parte4.c: 534:         if(tecla == 11) modo = 1;
   653   000922  0E0B               	movlw	11
   654   000924  181A               	xorwf	main@tecla^0,w,c
   655   000926  A4D8               	btfss	status,2,c
   656   000928  EF98  F004         	goto	u681
   657   00092C  EF9A  F004         	goto	u680
   658   000930                     u681:
   659   000930  EF9C  F004         	goto	l1735
   660   000934                     u680:
   661   000934  0E01               	movlw	1
   662   000936  6E29               	movwf	_modo^0,c	;volatile
   663   000938                     l1735:
   664                           
   665                           ;Codigo_Pr5_Parte4.c: 535:         if(tecla == 12){
   666   000938  0E0C               	movlw	12
   667   00093A  181A               	xorwf	main@tecla^0,w,c
   668   00093C  A4D8               	btfss	status,2,c
   669   00093E  EFA3  F004         	goto	u691
   670   000942  EFA5  F004         	goto	u690
   671   000946                     u691:
   672   000946  EFAD  F004         	goto	l1739
   673   00094A                     u690:
   674   00094A                     
   675                           ;Codigo_Pr5_Parte4.c: 536:             modo = 2;
   676   00094A  0E02               	movlw	2
   677   00094C  6E29               	movwf	_modo^0,c	;volatile
   678                           
   679                           ;Codigo_Pr5_Parte4.c: 537:             numeroIngresado = 0;
   680   00094E  0E00               	movlw	0
   681   000950  6E1C               	movwf	(_numeroIngresado+1)^0,c
   682   000952  0E00               	movlw	0
   683   000954  6E1B               	movwf	_numeroIngresado^0,c
   684                           
   685                           ;Codigo_Pr5_Parte4.c: 538:             digitosIngresados = 0;
   686   000956  0E00               	movlw	0
   687   000958  6E21               	movwf	_digitosIngresados^0,c
   688   00095A                     l1739:
   689                           
   690                           ;Codigo_Pr5_Parte4.c: 540:         if(tecla == 14)if(tecla == 14){
   691   00095A  0E0E               	movlw	14
   692   00095C  181A               	xorwf	main@tecla^0,w,c
   693   00095E  A4D8               	btfss	status,2,c
   694   000960  EFB4  F004         	goto	u701
   695   000964  EFB6  F004         	goto	u700
   696   000968                     u701:
   697   000968  EFC3  F004         	goto	l1747
   698   00096C                     u700:
   699   00096C  0E0E               	movlw	14
   700   00096E  181A               	xorwf	main@tecla^0,w,c
   701   000970  A4D8               	btfss	status,2,c
   702   000972  EFBD  F004         	goto	u711
   703   000976  EFBF  F004         	goto	u710
   704   00097A                     u711:
   705   00097A  EFC3  F004         	goto	l1747
   706   00097E                     u710:
   707   00097E                     
   708                           ;Codigo_Pr5_Parte4.c: 541:             ResetLCD();
   709   00097E  EC2E  F00A         	call	_ResetLCD	;wreg free
   710   000982                     
   711                           ;Codigo_Pr5_Parte4.c: 542:             modo = 3;
   712   000982  0E03               	movlw	3
   713   000984  6E29               	movwf	_modo^0,c	;volatile
   714   000986                     l1747:
   715                           
   716                           ;Codigo_Pr5_Parte4.c: 544:         if(tecla == 15){
   717   000986  0E0F               	movlw	15
   718   000988  181A               	xorwf	main@tecla^0,w,c
   719   00098A  A4D8               	btfss	status,2,c
   720   00098C  EFCA  F004         	goto	u721
   721   000990  EFCC  F004         	goto	u720
   722   000994                     u721:
   723   000994  EFF2  F004         	goto	l1761
   724   000998                     u720:
   725   000998                     
   726                           ;Codigo_Pr5_Parte4.c: 545:             holdADC = !holdADC;
   727   000998  5022               	movf	_holdADC^0,w,c	;volatile
   728   00099A  B4D8               	btfsc	status,2,c
   729   00099C  EFD2  F004         	goto	u731
   730   0009A0  EFD5  F004         	goto	u730
   731   0009A4                     u731:
   732   0009A4  0E01               	movlw	1
   733   0009A6  EFD6  F004         	goto	u740
   734   0009AA                     u730:
   735   0009AA  0E00               	movlw	0
   736   0009AC                     u740:
   737   0009AC  6E22               	movwf	_holdADC^0,c	;volatile
   738   0009AE                     
   739                           ;Codigo_Pr5_Parte4.c: 546:             LCD_Comando(0x01);
   740   0009AE  0E01               	movlw	1
   741   0009B0  EC80  F00A         	call	_LCD_Comando
   742   0009B4                     
   743                           ;Codigo_Pr5_Parte4.c: 547:             if(holdADC)
   744   0009B4  5022               	movf	_holdADC^0,w,c	;volatile
   745   0009B6  B4D8               	btfsc	status,2,c
   746   0009B8  EFE0  F004         	goto	u751
   747   0009BC  EFE2  F004         	goto	u750
   748   0009C0                     u751:
   749   0009C0  EFE8  F004         	goto	l1757
   750   0009C4                     u750:
   751   0009C4                     
   752                           ;Codigo_Pr5_Parte4.c: 548:                 LCD_Texto("ADC HOLD");
   753   0009C4  0E4A               	movlw	low STR_10
   754   0009C6  6E0B               	movwf	LCD_Texto@PALABRA^0,c
   755   0009C8  EC2C  F009         	call	_LCD_Texto	;wreg free
   756   0009CC  EFEC  F004         	goto	l1759
   757   0009D0                     l1757:
   758                           
   759                           ;Codigo_Pr5_Parte4.c: 550:                 LCD_Texto("ADC RUN");
   760   0009D0  0E53               	movlw	low STR_11
   761   0009D2  6E0B               	movwf	LCD_Texto@PALABRA^0,c
   762   0009D4  EC2C  F009         	call	_LCD_Texto	;wreg free
   763   0009D8                     l1759:
   764                           
   765                           ;Codigo_Pr5_Parte4.c: 551:             DelayXms(1000);
   766   0009D8  0E03               	movlw	3
   767   0009DA  6E08               	movwf	(DelayXms@Milis+1)^0,c
   768   0009DC  0EE8               	movlw	232
   769   0009DE  6E07               	movwf	DelayXms@Milis^0,c
   770   0009E0  ECA8  F009         	call	_DelayXms	;wreg free
   771   0009E4                     l1761:
   772                           
   773                           ;Codigo_Pr5_Parte4.c: 553:         if(modo == 1){
   774   0009E4  0429               	decf	_modo^0,w,c	;volatile
   775   0009E6  A4D8               	btfss	status,2,c
   776   0009E8  EFF8  F004         	goto	u761
   777   0009EC  EFFA  F004         	goto	u760
   778   0009F0                     u761:
   779   0009F0  EFFD  F004         	goto	l1765
   780   0009F4                     u760:
   781   0009F4                     
   782                           ;Codigo_Pr5_Parte4.c: 554:             AjustarLEDManual(tecla);
   783   0009F4  501A               	movf	main@tecla^0,w,c
   784   0009F6  EC52  F008         	call	_AjustarLEDManual
   785   0009FA                     l1765:
   786                           
   787                           ;Codigo_Pr5_Parte4.c: 556:         if(modo == 2){
   788   0009FA  0E02               	movlw	2
   789   0009FC  1829               	xorwf	_modo^0,w,c	;volatile
   790   0009FE  A4D8               	btfss	status,2,c
   791   000A00  EF04  F005         	goto	u771
   792   000A04  EF06  F005         	goto	u770
   793   000A08                     u771:
   794   000A08  EF2F  F005         	goto	l1777
   795   000A0C                     u770:
   796   000A0C                     
   797                           ;Codigo_Pr5_Parte4.c: 557:             if(tecla != 0xFF && tecla <= 9){
   798   000A0C  281A               	incf	main@tecla^0,w,c
   799   000A0E  B4D8               	btfsc	status,2,c
   800   000A10  EF0C  F005         	goto	u781
   801   000A14  EF0E  F005         	goto	u780
   802   000A18                     u781:
   803   000A18  EF2F  F005         	goto	l1777
   804   000A1C                     u780:
   805   000A1C  0E0A               	movlw	10
   806   000A1E  601A               	cpfslt	main@tecla^0,c
   807   000A20  EF14  F005         	goto	u791
   808   000A24  EF16  F005         	goto	u790
   809   000A28                     u791:
   810   000A28  EF2F  F005         	goto	l1777
   811   000A2C                     u790:
   812   000A2C                     
   813                           ;Codigo_Pr5_Parte4.c: 558:                 if(digitosIngresados < 4){
   814   000A2C  0E04               	movlw	4
   815   000A2E  6021               	cpfslt	_digitosIngresados^0,c
   816   000A30  EF1C  F005         	goto	u801
   817   000A34  EF1E  F005         	goto	u800
   818   000A38                     u801:
   819   000A38  EF2F  F005         	goto	l1777
   820   000A3C                     u800:
   821   000A3C                     
   822                           ;Codigo_Pr5_Parte4.c: 559:                     numeroIngresado =
   823   000A3C  C01B  F005         	movff	_numeroIngresado,___wmul@multiplier
   824   000A40  C01C  F006         	movff	_numeroIngresado+1,___wmul@multiplier+1
   825   000A44  0E00               	movlw	0
   826   000A46  6E08               	movwf	(___wmul@multiplicand+1)^0,c
   827   000A48  0E0A               	movlw	10
   828   000A4A  6E07               	movwf	___wmul@multiplicand^0,c
   829   000A4C  EC1B  F00A         	call	___wmul	;wreg free
   830   000A50  501A               	movf	main@tecla^0,w,c
   831   000A52  2405               	addwf	?___wmul^0,w,c
   832   000A54  6E1B               	movwf	_numeroIngresado^0,c
   833   000A56  0E00               	movlw	0
   834   000A58  2006               	addwfc	(?___wmul+1)^0,w,c
   835   000A5A  6E1C               	movwf	(_numeroIngresado+1)^0,c
   836   000A5C                     
   837                           ;Codigo_Pr5_Parte4.c: 561:                     digitosIngresados++;
   838   000A5C  2A21               	incf	_digitosIngresados^0,f,c
   839   000A5E                     l1777:
   840                           
   841                           ;Codigo_Pr5_Parte4.c: 565:         if(modo == 2 && tecla == 13){
   842   000A5E  0E02               	movlw	2
   843   000A60  1829               	xorwf	_modo^0,w,c	;volatile
   844   000A62  A4D8               	btfss	status,2,c
   845   000A64  EF36  F005         	goto	u811
   846   000A68  EF38  F005         	goto	u810
   847   000A6C                     u811:
   848   000A6C  EF76  F005         	goto	l1799
   849   000A70                     u810:
   850   000A70  0E0D               	movlw	13
   851   000A72  181A               	xorwf	main@tecla^0,w,c
   852   000A74  A4D8               	btfss	status,2,c
   853   000A76  EF3F  F005         	goto	u821
   854   000A7A  EF41  F005         	goto	u820
   855   000A7E                     u821:
   856   000A7E  EF76  F005         	goto	l1799
   857   000A82                     u820:
   858   000A82                     
   859                           ;Codigo_Pr5_Parte4.c: 567:             int diferencia;;Codigo_Pr5_Parte4.c: 568:        
      +                               diferencia = adcValue - numeroIngresado;
   860   000A82  501B               	movf	_numeroIngresado^0,w,c
   861   000A84  5C1F               	subwf	_adcValue^0,w,c	;volatile
   862   000A86  6E18               	movwf	main@diferencia^0,c
   863   000A88  501C               	movf	(_numeroIngresado+1)^0,w,c
   864   000A8A  5820               	subwfb	(_adcValue+1)^0,w,c	;volatile
   865   000A8C  6E19               	movwf	(main@diferencia+1)^0,c
   866                           
   867                           ;Codigo_Pr5_Parte4.c: 570:             if(diferencia < 0)
   868   000A8E  BE19               	btfsc	(main@diferencia+1)^0,7,c
   869   000A90  EF4E  F005         	goto	u830
   870   000A94  EF4C  F005         	goto	u831
   871   000A98                     u831:
   872   000A98  EF52  F005         	goto	l1785
   873   000A9C                     u830:
   874   000A9C                     
   875                           ;Codigo_Pr5_Parte4.c: 571:                 diferencia = -diferencia;
   876   000A9C  6C18               	negf	main@diferencia^0,c
   877   000A9E  1E19               	comf	(main@diferencia+1)^0,f,c
   878   000AA0  B0D8               	btfsc	status,0,c
   879   000AA2  2A19               	incf	(main@diferencia+1)^0,f,c
   880   000AA4                     l1785:
   881                           
   882                           ;Codigo_Pr5_Parte4.c: 573:             if(diferencia <= 20){
   883   000AA4  BE19               	btfsc	(main@diferencia+1)^0,7,c
   884   000AA6  EF60  F005         	goto	u840
   885   000AAA  5019               	movf	(main@diferencia+1)^0,w,c
   886   000AAC  E107               	bnz	u841
   887   000AAE  0E15               	movlw	21
   888   000AB0  5C18               	subwf	main@diferencia^0,w,c
   889   000AB2  B0D8               	btfsc	status,0,c
   890   000AB4  EF5E  F005         	goto	u841
   891   000AB8  EF60  F005         	goto	u840
   892   000ABC                     u841:
   893   000ABC  EF67  F005         	goto	l1791
   894   000AC0                     u840:
   895   000AC0                     
   896                           ;Codigo_Pr5_Parte4.c: 574:                 puntaje++;
   897   000AC0  4A1D               	infsnz	_puntaje^0,f,c	;volatile
   898   000AC2  2A1E               	incf	(_puntaje+1)^0,f,c	;volatile
   899   000AC4                     
   900                           ;Codigo_Pr5_Parte4.c: 575:                 MostrarScore(1);
   901   000AC4  0E01               	movlw	1
   902   000AC6  EC19  F008         	call	_MostrarScore
   903                           
   904                           ;Codigo_Pr5_Parte4.c: 576:             }
   905   000ACA  EF6A  F005         	goto	l1793
   906   000ACE                     l1791:
   907                           
   908                           ;Codigo_Pr5_Parte4.c: 578:                 MostrarScore(0);
   909   000ACE  0E00               	movlw	0
   910   000AD0  EC19  F008         	call	_MostrarScore
   911   000AD4                     l1793:
   912                           
   913                           ;Codigo_Pr5_Parte4.c: 581:             DelayXms(2000);
   914   000AD4  0E07               	movlw	7
   915   000AD6  6E08               	movwf	(DelayXms@Milis+1)^0,c
   916   000AD8  0ED0               	movlw	208
   917   000ADA  6E07               	movwf	DelayXms@Milis^0,c
   918   000ADC  ECA8  F009         	call	_DelayXms	;wreg free
   919   000AE0                     
   920                           ;Codigo_Pr5_Parte4.c: 583:             numeroIngresado = 0;
   921   000AE0  0E00               	movlw	0
   922   000AE2  6E1C               	movwf	(_numeroIngresado+1)^0,c
   923   000AE4  0E00               	movlw	0
   924   000AE6  6E1B               	movwf	_numeroIngresado^0,c
   925   000AE8                     
   926                           ;Codigo_Pr5_Parte4.c: 584:             digitosIngresados = 0;
   927   000AE8  0E00               	movlw	0
   928   000AEA  6E21               	movwf	_digitosIngresados^0,c
   929   000AEC                     l1799:
   930                           
   931                           ;Codigo_Pr5_Parte4.c: 586:         if(flagADC){
   932   000AEC  5023               	movf	_flagADC^0,w,c	;volatile
   933   000AEE  B4D8               	btfsc	status,2,c
   934   000AF0  EF7C  F005         	goto	u851
   935   000AF4  EF7E  F005         	goto	u850
   936   000AF8                     u851:
   937   000AF8  EFAD  F005         	goto	l1817
   938   000AFC                     u850:
   939   000AFC                     
   940                           ;Codigo_Pr5_Parte4.c: 587:             flagADC = 0;
   941   000AFC  0E00               	movlw	0
   942   000AFE  6E23               	movwf	_flagADC^0,c	;volatile
   943                           
   944                           ;Codigo_Pr5_Parte4.c: 588:             switch(modo){
   945   000B00  EF94  F005         	goto	l1815
   946   000B04                     l1803:
   947                           
   948                           ;Codigo_Pr5_Parte4.c: 590:                     MostrarADC();
   949   000B04  EC21  F007         	call	_MostrarADC	;wreg free
   950   000B08                     
   951                           ;Codigo_Pr5_Parte4.c: 591:                     ActualizarVelocidadLED();
   952   000B08  EC8B  F008         	call	_ActualizarVelocidadLED	;wreg free
   953                           
   954                           ;Codigo_Pr5_Parte4.c: 592:                     break;
   955   000B0C  EFAD  F005         	goto	l1817
   956   000B10                     l1807:
   957                           
   958                           ;Codigo_Pr5_Parte4.c: 594:                     PantallaLEDManual();
   959   000B10  EC86  F00A         	call	_PantallaLEDManual	;wreg free
   960   000B14                     
   961                           ;Codigo_Pr5_Parte4.c: 595:                     ledPeriodo = ledManual;
   962   000B14  C025  F027         	movff	_ledManual,_ledPeriodo	;volatile
   963   000B18  C026  F028         	movff	_ledManual+1,_ledPeriodo+1	;volatile
   964                           
   965                           ;Codigo_Pr5_Parte4.c: 596:                     break;
   966   000B1C  EFAD  F005         	goto	l1817
   967   000B20                     l1811:
   968                           
   969                           ;Codigo_Pr5_Parte4.c: 598:                     MostrarNumeroIngresado();
   970   000B20  EC81  F007         	call	_MostrarNumeroIngresado	;wreg free
   971                           
   972                           ;Codigo_Pr5_Parte4.c: 599:                     break;
   973   000B24  EFAD  F005         	goto	l1817
   974   000B28                     l1815:
   975   000B28  5029               	movf	_modo^0,w,c	;volatile
   976   000B2A  6E15               	movwf	??_main^0,c
   977   000B2C  6A16               	clrf	(??_main+1)^0,c
   978                           
   979                           ; Switch on 2 bytes has been partitioned into a top level switch of size 1, and 1 sub-sw
      +                          itches
   980                           ; Switch size 1, requested type "simple"
   981                           ; Number of cases is 1, Range of values is 0 to 0
   982                           ; switch strategies available:
   983                           ; Name         Instructions Cycles
   984                           ; simple_byte            4     3 (average)
   985                           ;	Chosen strategy is simple_byte
   986   000B2E  5016               	movf	(??_main+1)^0,w,c
   987   000B30  0A00               	xorlw	0	; case 0
   988   000B32  B4D8               	btfsc	status,2,c
   989   000B34  EF9E  F005         	goto	l1847
   990   000B38  EFAD  F005         	goto	l1817
   991   000B3C                     l1847:
   992                           
   993                           ; Switch size 1, requested type "simple"
   994                           ; Number of cases is 3, Range of values is 0 to 2
   995                           ; switch strategies available:
   996                           ; Name         Instructions Cycles
   997                           ; simple_byte           10     6 (average)
   998                           ;	Chosen strategy is simple_byte
   999   000B3C  5015               	movf	??_main^0,w,c
  1000   000B3E  0A00               	xorlw	0	; case 0
  1001   000B40  B4D8               	btfsc	status,2,c
  1002   000B42  EF82  F005         	goto	l1803
  1003   000B46  0A01               	xorlw	1	; case 1
  1004   000B48  B4D8               	btfsc	status,2,c
  1005   000B4A  EF88  F005         	goto	l1807
  1006   000B4E  0A03               	xorlw	3	; case 2
  1007   000B50  B4D8               	btfsc	status,2,c
  1008   000B52  EF90  F005         	goto	l1811
  1009   000B56  EFAD  F005         	goto	l1817
  1010   000B5A                     l1817:
  1011                           
  1012                           ;Codigo_Pr5_Parte4.c: 602:         led_blink(ledPeriodo);
  1013   000B5A  C027  F00C         	movff	_ledPeriodo,led_blink@tiempo_ms	;volatile
  1014   000B5E  C028  F00D         	movff	_ledPeriodo+1,led_blink@tiempo_ms+1	;volatile
  1015   000B62  ECDB  F009         	call	_led_blink	;wreg free
  1016   000B66  EF57  F004         	goto	l1715
  1017   000B6A  EF07  F000         	goto	start
  1018   000B6E                     __end_of_main:
  1019                           	callstack 0
  1020                           
  1021 ;; *************** function _led_blink *****************
  1022 ;; Defined at:
  1023 ;;		line 213 in file "Codigo_Pr5_Parte4.c"
  1024 ;; Parameters:    Size  Location     Type
  1025 ;;  tiempo_ms       2   11[COMRAM] int 
  1026 ;; Auto vars:     Size  Location     Type
  1027 ;;		None
  1028 ;; Return value:  Size  Location     Type
  1029 ;;                  1    wreg      void 
  1030 ;; Registers used:
  1031 ;;		wreg, status,2, status,0, cstack
  1032 ;; Tracked objects:
  1033 ;;		On entry : 0/0
  1034 ;;		On exit  : 0/0
  1035 ;;		Unchanged: 0/0
  1036 ;; Data sizes:     COMRAM   BANK0   BANK1   BANK2   BANK3   BANK4   BANK5   BANK6   BANK7
  1037 ;;      Params:         2       0       0       0       0       0       0       0       0
  1038 ;;      Locals:         0       0       0       0       0       0       0       0       0
  1039 ;;      Temps:          1       0       0       0       0       0       0       0       0
  1040 ;;      Totals:         3       0       0       0       0       0       0       0       0
  1041 ;;Total ram usage:        3 bytes
  1042 ;; Hardware stack levels used: 1
  1043 ;; Hardware stack levels required when called: 5
  1044 ;; This function calls:
  1045 ;;		_DelayXms
  1046 ;; This function is called by:
  1047 ;;		_main
  1048 ;; This function uses a non-reentrant model
  1049 ;;
  1050                           
  1051                           	psect	text1
  1052   0013B6                     __ptext1:
  1053                           	callstack 0
  1054   0013B6                     _led_blink:
  1055                           	callstack 25
  1056   0013B6                     
  1057                           ;Codigo_Pr5_Parte4.c: 214:     LATDbits.LATD0 = !LATDbits.LATD0;
  1058   0013B6  A08C               	btfss	140,0,c	;volatile
  1059   0013B8  EFE0  F009         	goto	u591
  1060   0013BC  EFE4  F009         	goto	u590
  1061   0013C0                     u591:
  1062   0013C0  6A0E               	clrf	??_led_blink^0,c
  1063   0013C2  2A0E               	incf	??_led_blink^0,f,c
  1064   0013C4  EFE5  F009         	goto	u608
  1065   0013C8                     u590:
  1066   0013C8  6A0E               	clrf	??_led_blink^0,c
  1067   0013CA                     u608:
  1068   0013CA  508C               	movf	140,w,c	;volatile
  1069   0013CC  180E               	xorwf	??_led_blink^0,w,c
  1070   0013CE  0BFE               	andlw	-2
  1071   0013D0  180E               	xorwf	??_led_blink^0,w,c
  1072   0013D2  6E8C               	movwf	140,c	;volatile
  1073   0013D4                     
  1074                           ;Codigo_Pr5_Parte4.c: 215:     DelayXms(tiempo_ms);
  1075   0013D4  C00C  F007         	movff	led_blink@tiempo_ms,DelayXms@Milis
  1076   0013D8  C00D  F008         	movff	led_blink@tiempo_ms+1,DelayXms@Milis+1
  1077   0013DC  ECA8  F009         	call	_DelayXms	;wreg free
  1078   0013E0  0012               	return		;funcret
  1079   0013E2                     __end_of_led_blink:
  1080                           	callstack 0
  1081                           
  1082 ;; *************** function ___wmul *****************
  1083 ;; Defined at:
  1084 ;;		line 15 in file "C:\Program Files\Microchip\xc8\v2.45\pic\sources\c99\common\Umul16.c"
  1085 ;; Parameters:    Size  Location     Type
  1086 ;;  multiplier      2    4[COMRAM] unsigned int 
  1087 ;;  multiplicand    2    6[COMRAM] unsigned int 
  1088 ;; Auto vars:     Size  Location     Type
  1089 ;;  product         2    8[COMRAM] unsigned int 
  1090 ;; Return value:  Size  Location     Type
  1091 ;;                  2    4[COMRAM] unsigned int 
  1092 ;; Registers used:
  1093 ;;		wreg, status,2, status,0, prodl, prodh
  1094 ;; Tracked objects:
  1095 ;;		On entry : 0/0
  1096 ;;		On exit  : 0/0
  1097 ;;		Unchanged: 0/0
  1098 ;; Data sizes:     COMRAM   BANK0   BANK1   BANK2   BANK3   BANK4   BANK5   BANK6   BANK7
  1099 ;;      Params:         4       0       0       0       0       0       0       0       0
  1100 ;;      Locals:         2       0       0       0       0       0       0       0       0
  1101 ;;      Temps:          0       0       0       0       0       0       0       0       0
  1102 ;;      Totals:         6       0       0       0       0       0       0       0       0
  1103 ;;Total ram usage:        6 bytes
  1104 ;; Hardware stack levels used: 1
  1105 ;; Hardware stack levels required when called: 3
  1106 ;; This function calls:
  1107 ;;		Nothing
  1108 ;; This function is called by:
  1109 ;;		_main
  1110 ;; This function uses a non-reentrant model
  1111 ;;
  1112                           
  1113                           	psect	text2
  1114   001436                     __ptext2:
  1115                           	callstack 0
  1116   001436                     ___wmul:
  1117                           	callstack 27
  1118   001436  5005               	movf	___wmul@multiplier^0,w,c
  1119   001438  0207               	mulwf	___wmul@multiplicand^0,c
  1120   00143A  CFF3 F009          	movff	prodl,___wmul@product
  1121   00143E  CFF4 F00A          	movff	prodh,___wmul@product+1
  1122   001442  5005               	movf	___wmul@multiplier^0,w,c
  1123   001444  0208               	mulwf	(___wmul@multiplicand+1)^0,c
  1124   001446  50F3               	movf	243,w,c
  1125   001448  260A               	addwf	(___wmul@product+1)^0,f,c
  1126   00144A  5006               	movf	(___wmul@multiplier+1)^0,w,c
  1127   00144C  0207               	mulwf	___wmul@multiplicand^0,c
  1128   00144E  50F3               	movf	243,w,c
  1129   001450  260A               	addwf	(___wmul@product+1)^0,f,c
  1130   001452  C009  F005         	movff	___wmul@product,?___wmul
  1131   001456  C00A  F006         	movff	___wmul@product+1,?___wmul+1
  1132   00145A  0012               	return		;funcret
  1133   00145C                     __end_of___wmul:
  1134                           	callstack 0
  1135                           
  1136 ;; *************** function _ResetLCD *****************
  1137 ;; Defined at:
  1138 ;;		line 480 in file "Codigo_Pr5_Parte4.c"
  1139 ;; Parameters:    Size  Location     Type
  1140 ;;		None
  1141 ;; Auto vars:     Size  Location     Type
  1142 ;;		None
  1143 ;; Return value:  Size  Location     Type
  1144 ;;                  1    wreg      void 
  1145 ;; Registers used:
  1146 ;;		wreg, status,2, status,0, tblptrl, tblptrh, tblptru, cstack
  1147 ;; Tracked objects:
  1148 ;;		On entry : 0/0
  1149 ;;		On exit  : 0/0
  1150 ;;		Unchanged: 0/0
  1151 ;; Data sizes:     COMRAM   BANK0   BANK1   BANK2   BANK3   BANK4   BANK5   BANK6   BANK7
  1152 ;;      Params:         0       0       0       0       0       0       0       0       0
  1153 ;;      Locals:         0       0       0       0       0       0       0       0       0
  1154 ;;      Temps:          0       0       0       0       0       0       0       0       0
  1155 ;;      Totals:         0       0       0       0       0       0       0       0       0
  1156 ;;Total ram usage:        0 bytes
  1157 ;; Hardware stack levels used: 1
  1158 ;; Hardware stack levels required when called: 8
  1159 ;; This function calls:
  1160 ;;		_DelayXms
  1161 ;;		_LCD_Comando
  1162 ;;		_LCD_Texto
  1163 ;; This function is called by:
  1164 ;;		_main
  1165 ;; This function uses a non-reentrant model
  1166 ;;
  1167                           
  1168                           	psect	text3
  1169   00145C                     __ptext3:
  1170                           	callstack 0
  1171   00145C                     _ResetLCD:
  1172                           	callstack 22
  1173   00145C                     
  1174                           ;Codigo_Pr5_Parte4.c: 482:     LCD_Comando(0x01);
  1175   00145C  0E01               	movlw	1
  1176   00145E  EC80  F00A         	call	_LCD_Comando
  1177   001462                     
  1178                           ;Codigo_Pr5_Parte4.c: 483:     LCD_Texto("REINICIANDO");
  1179   001462  0E29               	movlw	low STR_7
  1180   001464  6E0B               	movwf	LCD_Texto@PALABRA^0,c
  1181   001466  EC2C  F009         	call	_LCD_Texto	;wreg free
  1182   00146A                     
  1183                           ;Codigo_Pr5_Parte4.c: 484:     DelayXms(1000);
  1184   00146A  0E03               	movlw	3
  1185   00146C  6E08               	movwf	(DelayXms@Milis+1)^0,c
  1186   00146E  0EE8               	movlw	232
  1187   001470  6E07               	movwf	DelayXms@Milis^0,c
  1188   001472  ECA8  F009         	call	_DelayXms	;wreg free
  1189   001476                     
  1190                           ;Codigo_Pr5_Parte4.c: 485:     LCD_Comando(0x01);
  1191   001476  0E01               	movlw	1
  1192   001478  EC80  F00A         	call	_LCD_Comando
  1193   00147C  0012               	return		;funcret
  1194   00147E                     __end_of_ResetLCD:
  1195                           	callstack 0
  1196                           
  1197 ;; *************** function _PantallaLEDManual *****************
  1198 ;; Defined at:
  1199 ;;		line 396 in file "Codigo_Pr5_Parte4.c"
  1200 ;; Parameters:    Size  Location     Type
  1201 ;;		None
  1202 ;; Auto vars:     Size  Location     Type
  1203 ;;		None
  1204 ;; Return value:  Size  Location     Type
  1205 ;;                  1    wreg      void 
  1206 ;; Registers used:
  1207 ;;		wreg, status,2, status,0, tblptrl, tblptrh, tblptru, cstack
  1208 ;; Tracked objects:
  1209 ;;		On entry : 0/0
  1210 ;;		On exit  : 0/0
  1211 ;;		Unchanged: 0/0
  1212 ;; Data sizes:     COMRAM   BANK0   BANK1   BANK2   BANK3   BANK4   BANK5   BANK6   BANK7
  1213 ;;      Params:         0       0       0       0       0       0       0       0       0
  1214 ;;      Locals:         0       0       0       0       0       0       0       0       0
  1215 ;;      Temps:          0       0       0       0       0       0       0       0       0
  1216 ;;      Totals:         0       0       0       0       0       0       0       0       0
  1217 ;;Total ram usage:        0 bytes
  1218 ;; Hardware stack levels used: 1
  1219 ;; Hardware stack levels required when called: 9
  1220 ;; This function calls:
  1221 ;;		_MostrarADC
  1222 ;;		_MostrarBarraADC
  1223 ;; This function is called by:
  1224 ;;		_main
  1225 ;; This function uses a non-reentrant model
  1226 ;;
  1227                           
  1228                           	psect	text4
  1229   00150C                     __ptext4:
  1230                           	callstack 0
  1231   00150C                     _PantallaLEDManual:
  1232                           	callstack 21
  1233   00150C                     
  1234                           ;Codigo_Pr5_Parte4.c: 397:     MostrarADC();
  1235   00150C  EC21  F007         	call	_MostrarADC	;wreg free
  1236   001510                     
  1237                           ;Codigo_Pr5_Parte4.c: 398:     MostrarBarraADC();
  1238   001510  ECC3  F008         	call	_MostrarBarraADC	;wreg free
  1239   001514  0012               	return		;funcret
  1240   001516                     __end_of_PantallaLEDManual:
  1241                           	callstack 0
  1242                           
  1243 ;; *************** function _MostrarBarraADC *****************
  1244 ;; Defined at:
  1245 ;;		line 381 in file "Codigo_Pr5_Parte4.c"
  1246 ;; Parameters:    Size  Location     Type
  1247 ;;		None
  1248 ;; Auto vars:     Size  Location     Type
  1249 ;;  i               1   19[COMRAM] unsigned char 
  1250 ;;  barras          1   18[COMRAM] unsigned char 
  1251 ;; Return value:  Size  Location     Type
  1252 ;;                  1    wreg      void 
  1253 ;; Registers used:
  1254 ;;		wreg, status,2, status,0, cstack
  1255 ;; Tracked objects:
  1256 ;;		On entry : 0/0
  1257 ;;		On exit  : 0/0
  1258 ;;		Unchanged: 0/0
  1259 ;; Data sizes:     COMRAM   BANK0   BANK1   BANK2   BANK3   BANK4   BANK5   BANK6   BANK7
  1260 ;;      Params:         0       0       0       0       0       0       0       0       0
  1261 ;;      Locals:         2       0       0       0       0       0       0       0       0
  1262 ;;      Temps:          2       0       0       0       0       0       0       0       0
  1263 ;;      Totals:         4       0       0       0       0       0       0       0       0
  1264 ;;Total ram usage:        4 bytes
  1265 ;; Hardware stack levels used: 1
  1266 ;; Hardware stack levels required when called: 8
  1267 ;; This function calls:
  1268 ;;		_LCD_Caracter
  1269 ;;		_LCD_Linea2
  1270 ;;		___lwdiv
  1271 ;; This function is called by:
  1272 ;;		_PantallaLEDManual
  1273 ;; This function uses a non-reentrant model
  1274 ;;
  1275                           
  1276                           	psect	text5
  1277   001186                     __ptext5:
  1278                           	callstack 0
  1279   001186                     _MostrarBarraADC:
  1280                           	callstack 21
  1281   001186                     
  1282                           ;Codigo_Pr5_Parte4.c: 382:     unsigned char barras;;Codigo_Pr5_Parte4.c: 384:     barra
      +                          s = (adcValue * 16)/1023;
  1283   001186  C01F  F011         	movff	_adcValue,??_MostrarBarraADC	;volatile
  1284   00118A  C020  F012         	movff	_adcValue+1,??_MostrarBarraADC+1	;volatile
  1285   00118E  3A11               	swapf	??_MostrarBarraADC^0,f,c
  1286   001190  3A12               	swapf	(??_MostrarBarraADC+1)^0,f,c
  1287   001192  0EF0               	movlw	240
  1288   001194  1612               	andwf	(??_MostrarBarraADC+1)^0,f,c
  1289   001196  5011               	movf	??_MostrarBarraADC^0,w,c
  1290   001198  0B0F               	andlw	15
  1291   00119A  1212               	iorwf	(??_MostrarBarraADC+1)^0,f,c
  1292   00119C  0EF0               	movlw	240
  1293   00119E  1611               	andwf	??_MostrarBarraADC^0,f,c
  1294   0011A0  C011  F00A         	movff	??_MostrarBarraADC,___lwdiv@dividend
  1295   0011A4  C012  F00B         	movff	??_MostrarBarraADC+1,___lwdiv@dividend+1
  1296   0011A8  0E03               	movlw	3
  1297   0011AA  6E0D               	movwf	(___lwdiv@divisor+1)^0,c
  1298   0011AC  680C               	setf	___lwdiv@divisor^0,c
  1299   0011AE  ECDF  F007         	call	___lwdiv	;wreg free
  1300   0011B2  500A               	movf	?___lwdiv^0,w,c
  1301   0011B4  6E13               	movwf	MostrarBarraADC@barras^0,c
  1302                           
  1303                           ;Codigo_Pr5_Parte4.c: 385:     LCD_Linea2();
  1304   0011B6  EC8B  F00A         	call	_LCD_Linea2	;wreg free
  1305   0011BA                     
  1306                           ;Codigo_Pr5_Parte4.c: 386:     for(char i=0;i<16;i++){
  1307   0011BA  0E00               	movlw	0
  1308   0011BC  6E14               	movwf	MostrarBarraADC@i^0,c
  1309   0011BE                     l1523:
  1310                           
  1311                           ;Codigo_Pr5_Parte4.c: 387:         if(i < barras)
  1312   0011BE  5013               	movf	MostrarBarraADC@barras^0,w,c
  1313   0011C0  5C14               	subwf	MostrarBarraADC@i^0,w,c
  1314   0011C2  B0D8               	btfsc	status,0,c
  1315   0011C4  EFE6  F008         	goto	u571
  1316   0011C8  EFE8  F008         	goto	u570
  1317   0011CC                     u571:
  1318   0011CC  EFED  F008         	goto	l1527
  1319   0011D0                     u570:
  1320   0011D0                     
  1321                           ;Codigo_Pr5_Parte4.c: 388:             LCD_Caracter(255);
  1322   0011D0  0EFF               	movlw	255
  1323   0011D2  EC7A  F00A         	call	_LCD_Caracter
  1324   0011D6  EFF0  F008         	goto	l1529
  1325   0011DA                     l1527:
  1326                           
  1327                           ;Codigo_Pr5_Parte4.c: 390:             LCD_Caracter(' ');
  1328   0011DA  0E20               	movlw	32
  1329   0011DC  EC7A  F00A         	call	_LCD_Caracter
  1330   0011E0                     l1529:
  1331                           
  1332                           ;Codigo_Pr5_Parte4.c: 391:     }
  1333   0011E0  2A14               	incf	MostrarBarraADC@i^0,f,c
  1334   0011E2  0E0F               	movlw	15
  1335   0011E4  6414               	cpfsgt	MostrarBarraADC@i^0,c
  1336   0011E6  EFF7  F008         	goto	u581
  1337   0011EA  EFF9  F008         	goto	u580
  1338   0011EE                     u581:
  1339   0011EE  EFDF  F008         	goto	l1523
  1340   0011F2                     u580:
  1341   0011F2  0012               	return		;funcret
  1342   0011F4                     __end_of_MostrarBarraADC:
  1343                           	callstack 0
  1344                           
  1345 ;; *************** function _MostrarADC *****************
  1346 ;; Defined at:
  1347 ;;		line 267 in file "Codigo_Pr5_Parte4.c"
  1348 ;; Parameters:    Size  Location     Type
  1349 ;;		None
  1350 ;; Auto vars:     Size  Location     Type
  1351 ;;  unidades        1   19[COMRAM] unsigned char 
  1352 ;;  decenas         1   18[COMRAM] unsigned char 
  1353 ;;  centenas        1   17[COMRAM] unsigned char 
  1354 ;;  miles           1   16[COMRAM] unsigned char 
  1355 ;; Return value:  Size  Location     Type
  1356 ;;                  1    wreg      void 
  1357 ;; Registers used:
  1358 ;;		wreg, status,2, status,0, tblptrl, tblptrh, tblptru, cstack
  1359 ;; Tracked objects:
  1360 ;;		On entry : 0/0
  1361 ;;		On exit  : 0/0
  1362 ;;		Unchanged: 0/0
  1363 ;; Data sizes:     COMRAM   BANK0   BANK1   BANK2   BANK3   BANK4   BANK5   BANK6   BANK7
  1364 ;;      Params:         0       0       0       0       0       0       0       0       0
  1365 ;;      Locals:         4       0       0       0       0       0       0       0       0
  1366 ;;      Temps:          0       0       0       0       0       0       0       0       0
  1367 ;;      Totals:         4       0       0       0       0       0       0       0       0
  1368 ;;Total ram usage:        4 bytes
  1369 ;; Hardware stack levels used: 1
  1370 ;; Hardware stack levels required when called: 8
  1371 ;; This function calls:
  1372 ;;		_LCD_Caracter
  1373 ;;		_LCD_Comando
  1374 ;;		_LCD_Texto
  1375 ;;		___lwdiv
  1376 ;;		___lwmod
  1377 ;; This function is called by:
  1378 ;;		_PantallaLEDManual
  1379 ;;		_main
  1380 ;;		_PantallaADC
  1381 ;; This function uses a non-reentrant model
  1382 ;;
  1383                           
  1384                           	psect	text6
  1385   000E42                     __ptext6:
  1386                           	callstack 0
  1387   000E42                     _MostrarADC:
  1388                           	callstack 21
  1389   000E42                     
  1390                           ;Codigo_Pr5_Parte4.c: 269:     char miles;;Codigo_Pr5_Parte4.c: 270:     char centenas;;
      +                          Codigo_Pr5_Parte4.c: 271:     char decenas;;Codigo_Pr5_Parte4.c: 272:     char unidades;
      +                          ;Codigo_Pr5_Parte4.c: 274:     miles = adcValue / 1000;
  1391   000E42  C01F  F00A         	movff	_adcValue,___lwdiv@dividend	;volatile
  1392   000E46  C020  F00B         	movff	_adcValue+1,___lwdiv@dividend+1	;volatile
  1393   000E4A  0E03               	movlw	3
  1394   000E4C  6E0D               	movwf	(___lwdiv@divisor+1)^0,c
  1395   000E4E  0EE8               	movlw	232
  1396   000E50  6E0C               	movwf	___lwdiv@divisor^0,c
  1397   000E52  ECDF  F007         	call	___lwdiv	;wreg free
  1398   000E56  500A               	movf	?___lwdiv^0,w,c
  1399   000E58  6E11               	movwf	MostrarADC@miles^0,c
  1400                           
  1401                           ;Codigo_Pr5_Parte4.c: 275:     centenas = (adcValue % 1000)/100;
  1402   000E5A  0E03               	movlw	3
  1403   000E5C  6E08               	movwf	(___lwmod@divisor+1)^0,c
  1404   000E5E  0EE8               	movlw	232
  1405   000E60  6E07               	movwf	___lwmod@divisor^0,c
  1406   000E62  C01F  F005         	movff	_adcValue,___lwmod@dividend	;volatile
  1407   000E66  C020  F006         	movff	_adcValue+1,___lwmod@dividend+1	;volatile
  1408   000E6A  ECFA  F008         	call	___lwmod	;wreg free
  1409   000E6E  C005  F00A         	movff	?___lwmod,___lwdiv@dividend
  1410   000E72  C006  F00B         	movff	?___lwmod+1,___lwdiv@dividend+1
  1411   000E76  0E00               	movlw	0
  1412   000E78  6E0D               	movwf	(___lwdiv@divisor+1)^0,c
  1413   000E7A  0E64               	movlw	100
  1414   000E7C  6E0C               	movwf	___lwdiv@divisor^0,c
  1415   000E7E  ECDF  F007         	call	___lwdiv	;wreg free
  1416   000E82  500A               	movf	?___lwdiv^0,w,c
  1417   000E84  6E12               	movwf	MostrarADC@centenas^0,c
  1418                           
  1419                           ;Codigo_Pr5_Parte4.c: 276:     decenas = (adcValue % 100)/10;
  1420   000E86  0E00               	movlw	0
  1421   000E88  6E08               	movwf	(___lwmod@divisor+1)^0,c
  1422   000E8A  0E64               	movlw	100
  1423   000E8C  6E07               	movwf	___lwmod@divisor^0,c
  1424   000E8E  C01F  F005         	movff	_adcValue,___lwmod@dividend	;volatile
  1425   000E92  C020  F006         	movff	_adcValue+1,___lwmod@dividend+1	;volatile
  1426   000E96  ECFA  F008         	call	___lwmod	;wreg free
  1427   000E9A  C005  F00A         	movff	?___lwmod,___lwdiv@dividend
  1428   000E9E  C006  F00B         	movff	?___lwmod+1,___lwdiv@dividend+1
  1429   000EA2  0E00               	movlw	0
  1430   000EA4  6E0D               	movwf	(___lwdiv@divisor+1)^0,c
  1431   000EA6  0E0A               	movlw	10
  1432   000EA8  6E0C               	movwf	___lwdiv@divisor^0,c
  1433   000EAA  ECDF  F007         	call	___lwdiv	;wreg free
  1434   000EAE  500A               	movf	?___lwdiv^0,w,c
  1435   000EB0  6E13               	movwf	MostrarADC@decenas^0,c
  1436                           
  1437                           ;Codigo_Pr5_Parte4.c: 277:     unidades = adcValue % 10;
  1438   000EB2  C01F  F005         	movff	_adcValue,___lwmod@dividend	;volatile
  1439   000EB6  C020  F006         	movff	_adcValue+1,___lwmod@dividend+1	;volatile
  1440   000EBA  0E00               	movlw	0
  1441   000EBC  6E08               	movwf	(___lwmod@divisor+1)^0,c
  1442   000EBE  0E0A               	movlw	10
  1443   000EC0  6E07               	movwf	___lwmod@divisor^0,c
  1444   000EC2  ECFA  F008         	call	___lwmod	;wreg free
  1445   000EC6  5005               	movf	?___lwmod^0,w,c
  1446   000EC8  6E14               	movwf	MostrarADC@unidades^0,c
  1447                           
  1448                           ;Codigo_Pr5_Parte4.c: 279:     LCD_Comando(0x80);
  1449   000ECA  0E80               	movlw	128
  1450   000ECC  EC80  F00A         	call	_LCD_Comando
  1451   000ED0                     
  1452                           ;Codigo_Pr5_Parte4.c: 281:     LCD_Texto("ADC = ");
  1453   000ED0  0E5B               	movlw	low STR_1
  1454   000ED2  6E0B               	movwf	LCD_Texto@PALABRA^0,c
  1455   000ED4  EC2C  F009         	call	_LCD_Texto	;wreg free
  1456   000ED8                     
  1457                           ;Codigo_Pr5_Parte4.c: 283:     LCD_Caracter(miles + '0');
  1458   000ED8  5011               	movf	MostrarADC@miles^0,w,c
  1459   000EDA  0F30               	addlw	48
  1460   000EDC  EC7A  F00A         	call	_LCD_Caracter
  1461   000EE0                     
  1462                           ;Codigo_Pr5_Parte4.c: 284:     LCD_Caracter(centenas + '0');
  1463   000EE0  5012               	movf	MostrarADC@centenas^0,w,c
  1464   000EE2  0F30               	addlw	48
  1465   000EE4  EC7A  F00A         	call	_LCD_Caracter
  1466   000EE8                     
  1467                           ;Codigo_Pr5_Parte4.c: 285:     LCD_Caracter(decenas + '0');
  1468   000EE8  5013               	movf	MostrarADC@decenas^0,w,c
  1469   000EEA  0F30               	addlw	48
  1470   000EEC  EC7A  F00A         	call	_LCD_Caracter
  1471   000EF0                     
  1472                           ;Codigo_Pr5_Parte4.c: 286:     LCD_Caracter(unidades + '0');
  1473   000EF0  5014               	movf	MostrarADC@unidades^0,w,c
  1474   000EF2  0F30               	addlw	48
  1475   000EF4  EC7A  F00A         	call	_LCD_Caracter
  1476   000EF8                     
  1477                           ;Codigo_Pr5_Parte4.c: 287:     LCD_Texto("    ");
  1478   000EF8  0E62               	movlw	low STR_2
  1479   000EFA  6E0B               	movwf	LCD_Texto@PALABRA^0,c
  1480   000EFC  EC2C  F009         	call	_LCD_Texto	;wreg free
  1481   000F00  0012               	return		;funcret
  1482   000F02                     __end_of_MostrarADC:
  1483                           	callstack 0
  1484                           
  1485 ;; *************** function _MostrarScore *****************
  1486 ;; Defined at:
  1487 ;;		line 425 in file "Codigo_Pr5_Parte4.c"
  1488 ;; Parameters:    Size  Location     Type
  1489 ;;  correcto        1    wreg     unsigned char 
  1490 ;; Auto vars:     Size  Location     Type
  1491 ;;  correcto        1   16[COMRAM] unsigned char 
  1492 ;; Return value:  Size  Location     Type
  1493 ;;                  1    wreg      void 
  1494 ;; Registers used:
  1495 ;;		wreg, status,2, status,0, tblptrl, tblptrh, tblptru, cstack
  1496 ;; Tracked objects:
  1497 ;;		On entry : 0/0
  1498 ;;		On exit  : 0/0
  1499 ;;		Unchanged: 0/0
  1500 ;; Data sizes:     COMRAM   BANK0   BANK1   BANK2   BANK3   BANK4   BANK5   BANK6   BANK7
  1501 ;;      Params:         0       0       0       0       0       0       0       0       0
  1502 ;;      Locals:         1       0       0       0       0       0       0       0       0
  1503 ;;      Temps:          0       0       0       0       0       0       0       0       0
  1504 ;;      Totals:         1       0       0       0       0       0       0       0       0
  1505 ;;Total ram usage:        1 bytes
  1506 ;; Hardware stack levels used: 1
  1507 ;; Hardware stack levels required when called: 8
  1508 ;; This function calls:
  1509 ;;		_LCD_Caracter
  1510 ;;		_LCD_Comando
  1511 ;;		_LCD_Linea2
  1512 ;;		_LCD_Texto
  1513 ;;		___lwdiv
  1514 ;;		___lwmod
  1515 ;; This function is called by:
  1516 ;;		_main
  1517 ;; This function uses a non-reentrant model
  1518 ;;
  1519                           
  1520                           	psect	text7
  1521   001032                     __ptext7:
  1522                           	callstack 0
  1523   001032                     _MostrarScore:
  1524                           	callstack 22
  1525                           
  1526                           ;incstack = 0
  1527                           ;MostrarScore@correcto stored from wreg
  1528   001032  6E11               	movwf	MostrarScore@correcto^0,c
  1529   001034                     
  1530                           ;Codigo_Pr5_Parte4.c: 426:     LCD_Comando(0x01);
  1531   001034  0E01               	movlw	1
  1532   001036  EC80  F00A         	call	_LCD_Comando
  1533   00103A                     
  1534                           ;Codigo_Pr5_Parte4.c: 428:     if(correcto)
  1535   00103A  5011               	movf	MostrarScore@correcto^0,w,c
  1536   00103C  B4D8               	btfsc	status,2,c
  1537   00103E  EF23  F008         	goto	u621
  1538   001042  EF25  F008         	goto	u620
  1539   001046                     u621:
  1540   001046  EF2B  F008         	goto	l1657
  1541   00104A                     u620:
  1542   00104A                     
  1543                           ;Codigo_Pr5_Parte4.c: 429:         LCD_Texto("CORRECTO!");
  1544   00104A  0E40               	movlw	low STR_4
  1545   00104C  6E0B               	movwf	LCD_Texto@PALABRA^0,c
  1546   00104E  EC2C  F009         	call	_LCD_Texto	;wreg free
  1547   001052  EF2F  F008         	goto	l1659
  1548   001056                     l1657:
  1549                           
  1550                           ;Codigo_Pr5_Parte4.c: 431:         LCD_Texto("INCORRECTO");
  1551   001056  0E35               	movlw	low STR_5
  1552   001058  6E0B               	movwf	LCD_Texto@PALABRA^0,c
  1553   00105A  EC2C  F009         	call	_LCD_Texto	;wreg free
  1554   00105E                     l1659:
  1555                           
  1556                           ;Codigo_Pr5_Parte4.c: 433:     LCD_Linea2();
  1557   00105E  EC8B  F00A         	call	_LCD_Linea2	;wreg free
  1558   001062                     
  1559                           ;Codigo_Pr5_Parte4.c: 434:     LCD_Texto("PTS:");
  1560   001062  0E67               	movlw	low STR_6
  1561   001064  6E0B               	movwf	LCD_Texto@PALABRA^0,c
  1562   001066  EC2C  F009         	call	_LCD_Texto	;wreg free
  1563                           
  1564                           ;Codigo_Pr5_Parte4.c: 435:     LCD_Caracter((puntaje/10)+'0');
  1565   00106A  C01D  F00A         	movff	_puntaje,___lwdiv@dividend	;volatile
  1566   00106E  C01E  F00B         	movff	_puntaje+1,___lwdiv@dividend+1	;volatile
  1567   001072  0E00               	movlw	0
  1568   001074  6E0D               	movwf	(___lwdiv@divisor+1)^0,c
  1569   001076  0E0A               	movlw	10
  1570   001078  6E0C               	movwf	___lwdiv@divisor^0,c
  1571   00107A  ECDF  F007         	call	___lwdiv	;wreg free
  1572   00107E  500A               	movf	?___lwdiv^0,w,c
  1573   001080  0F30               	addlw	48
  1574   001082  EC7A  F00A         	call	_LCD_Caracter
  1575                           
  1576                           ;Codigo_Pr5_Parte4.c: 436:     LCD_Caracter((puntaje%10)+'0');
  1577   001086  C01D  F005         	movff	_puntaje,___lwmod@dividend	;volatile
  1578   00108A  C01E  F006         	movff	_puntaje+1,___lwmod@dividend+1	;volatile
  1579   00108E  0E00               	movlw	0
  1580   001090  6E08               	movwf	(___lwmod@divisor+1)^0,c
  1581   001092  0E0A               	movlw	10
  1582   001094  6E07               	movwf	___lwmod@divisor^0,c
  1583   001096  ECFA  F008         	call	___lwmod	;wreg free
  1584   00109A  5005               	movf	?___lwmod^0,w,c
  1585   00109C  0F30               	addlw	48
  1586   00109E  EC7A  F00A         	call	_LCD_Caracter
  1587   0010A2  0012               	return		;funcret
  1588   0010A4                     __end_of_MostrarScore:
  1589                           	callstack 0
  1590                           
  1591 ;; *************** function _MostrarNumeroIngresado *****************
  1592 ;; Defined at:
  1593 ;;		line 403 in file "Codigo_Pr5_Parte4.c"
  1594 ;; Parameters:    Size  Location     Type
  1595 ;;		None
  1596 ;; Auto vars:     Size  Location     Type
  1597 ;;  unidades        1   19[COMRAM] unsigned char 
  1598 ;;  decenas         1   18[COMRAM] unsigned char 
  1599 ;;  centenas        1   17[COMRAM] unsigned char 
  1600 ;;  miles           1   16[COMRAM] unsigned char 
  1601 ;; Return value:  Size  Location     Type
  1602 ;;                  1    wreg      void 
  1603 ;; Registers used:
  1604 ;;		wreg, status,2, status,0, tblptrl, tblptrh, tblptru, cstack
  1605 ;; Tracked objects:
  1606 ;;		On entry : 0/0
  1607 ;;		On exit  : 0/0
  1608 ;;		Unchanged: 0/0
  1609 ;; Data sizes:     COMRAM   BANK0   BANK1   BANK2   BANK3   BANK4   BANK5   BANK6   BANK7
  1610 ;;      Params:         0       0       0       0       0       0       0       0       0
  1611 ;;      Locals:         4       0       0       0       0       0       0       0       0
  1612 ;;      Temps:          0       0       0       0       0       0       0       0       0
  1613 ;;      Totals:         4       0       0       0       0       0       0       0       0
  1614 ;;Total ram usage:        4 bytes
  1615 ;; Hardware stack levels used: 1
  1616 ;; Hardware stack levels required when called: 8
  1617 ;; This function calls:
  1618 ;;		_LCD_Caracter
  1619 ;;		_LCD_Comando
  1620 ;;		_LCD_Linea2
  1621 ;;		_LCD_Texto
  1622 ;;		___lwdiv
  1623 ;;		___lwmod
  1624 ;; This function is called by:
  1625 ;;		_main
  1626 ;; This function uses a non-reentrant model
  1627 ;;
  1628                           
  1629                           	psect	text8
  1630   000F02                     __ptext8:
  1631                           	callstack 0
  1632   000F02                     _MostrarNumeroIngresado:
  1633                           	callstack 22
  1634   000F02                     
  1635                           ;Codigo_Pr5_Parte4.c: 404:     char miles;;Codigo_Pr5_Parte4.c: 405:     char centenas;;
      +                          Codigo_Pr5_Parte4.c: 406:     char decenas;;Codigo_Pr5_Parte4.c: 407:     char unidades;
      +                          ;Codigo_Pr5_Parte4.c: 409:     miles = numeroIngresado/1000;
  1636   000F02  C01B  F00A         	movff	_numeroIngresado,___lwdiv@dividend
  1637   000F06  C01C  F00B         	movff	_numeroIngresado+1,___lwdiv@dividend+1
  1638   000F0A  0E03               	movlw	3
  1639   000F0C  6E0D               	movwf	(___lwdiv@divisor+1)^0,c
  1640   000F0E  0EE8               	movlw	232
  1641   000F10  6E0C               	movwf	___lwdiv@divisor^0,c
  1642   000F12  ECDF  F007         	call	___lwdiv	;wreg free
  1643   000F16  500A               	movf	?___lwdiv^0,w,c
  1644   000F18  6E11               	movwf	MostrarNumeroIngresado@miles^0,c
  1645                           
  1646                           ;Codigo_Pr5_Parte4.c: 410:     centenas = (numeroIngresado%1000)/100;
  1647   000F1A  0E03               	movlw	3
  1648   000F1C  6E08               	movwf	(___lwmod@divisor+1)^0,c
  1649   000F1E  0EE8               	movlw	232
  1650   000F20  6E07               	movwf	___lwmod@divisor^0,c
  1651   000F22  C01B  F005         	movff	_numeroIngresado,___lwmod@dividend
  1652   000F26  C01C  F006         	movff	_numeroIngresado+1,___lwmod@dividend+1
  1653   000F2A  ECFA  F008         	call	___lwmod	;wreg free
  1654   000F2E  C005  F00A         	movff	?___lwmod,___lwdiv@dividend
  1655   000F32  C006  F00B         	movff	?___lwmod+1,___lwdiv@dividend+1
  1656   000F36  0E00               	movlw	0
  1657   000F38  6E0D               	movwf	(___lwdiv@divisor+1)^0,c
  1658   000F3A  0E64               	movlw	100
  1659   000F3C  6E0C               	movwf	___lwdiv@divisor^0,c
  1660   000F3E  ECDF  F007         	call	___lwdiv	;wreg free
  1661   000F42  500A               	movf	?___lwdiv^0,w,c
  1662   000F44  6E12               	movwf	MostrarNumeroIngresado@centenas^0,c
  1663                           
  1664                           ;Codigo_Pr5_Parte4.c: 411:     decenas = (numeroIngresado%100)/10;
  1665   000F46  0E00               	movlw	0
  1666   000F48  6E08               	movwf	(___lwmod@divisor+1)^0,c
  1667   000F4A  0E64               	movlw	100
  1668   000F4C  6E07               	movwf	___lwmod@divisor^0,c
  1669   000F4E  C01B  F005         	movff	_numeroIngresado,___lwmod@dividend
  1670   000F52  C01C  F006         	movff	_numeroIngresado+1,___lwmod@dividend+1
  1671   000F56  ECFA  F008         	call	___lwmod	;wreg free
  1672   000F5A  C005  F00A         	movff	?___lwmod,___lwdiv@dividend
  1673   000F5E  C006  F00B         	movff	?___lwmod+1,___lwdiv@dividend+1
  1674   000F62  0E00               	movlw	0
  1675   000F64  6E0D               	movwf	(___lwdiv@divisor+1)^0,c
  1676   000F66  0E0A               	movlw	10
  1677   000F68  6E0C               	movwf	___lwdiv@divisor^0,c
  1678   000F6A  ECDF  F007         	call	___lwdiv	;wreg free
  1679   000F6E  500A               	movf	?___lwdiv^0,w,c
  1680   000F70  6E13               	movwf	MostrarNumeroIngresado@decenas^0,c
  1681                           
  1682                           ;Codigo_Pr5_Parte4.c: 412:     unidades = numeroIngresado%10;
  1683   000F72  C01B  F005         	movff	_numeroIngresado,___lwmod@dividend
  1684   000F76  C01C  F006         	movff	_numeroIngresado+1,___lwmod@dividend+1
  1685   000F7A  0E00               	movlw	0
  1686   000F7C  6E08               	movwf	(___lwmod@divisor+1)^0,c
  1687   000F7E  0E0A               	movlw	10
  1688   000F80  6E07               	movwf	___lwmod@divisor^0,c
  1689   000F82  ECFA  F008         	call	___lwmod	;wreg free
  1690   000F86  5005               	movf	?___lwmod^0,w,c
  1691   000F88  6E14               	movwf	MostrarNumeroIngresado@unidades^0,c
  1692                           
  1693                           ;Codigo_Pr5_Parte4.c: 414:     LCD_Comando(0x80);
  1694   000F8A  0E80               	movlw	128
  1695   000F8C  EC80  F00A         	call	_LCD_Comando
  1696   000F90                     
  1697                           ;Codigo_Pr5_Parte4.c: 415:     LCD_Texto("ADIVINE ADC");
  1698   000F90  0E11               	movlw	low STR_3
  1699   000F92  6E0B               	movwf	LCD_Texto@PALABRA^0,c
  1700   000F94  EC2C  F009         	call	_LCD_Texto	;wreg free
  1701   000F98                     
  1702                           ;Codigo_Pr5_Parte4.c: 416:     LCD_Linea2();
  1703   000F98  EC8B  F00A         	call	_LCD_Linea2	;wreg free
  1704   000F9C                     
  1705                           ;Codigo_Pr5_Parte4.c: 417:     LCD_Caracter(miles+'0');
  1706   000F9C  5011               	movf	MostrarNumeroIngresado@miles^0,w,c
  1707   000F9E  0F30               	addlw	48
  1708   000FA0  EC7A  F00A         	call	_LCD_Caracter
  1709   000FA4                     
  1710                           ;Codigo_Pr5_Parte4.c: 418:     LCD_Caracter(centenas+'0');
  1711   000FA4  5012               	movf	MostrarNumeroIngresado@centenas^0,w,c
  1712   000FA6  0F30               	addlw	48
  1713   000FA8  EC7A  F00A         	call	_LCD_Caracter
  1714   000FAC                     
  1715                           ;Codigo_Pr5_Parte4.c: 419:     LCD_Caracter(decenas+'0');
  1716   000FAC  5013               	movf	MostrarNumeroIngresado@decenas^0,w,c
  1717   000FAE  0F30               	addlw	48
  1718   000FB0  EC7A  F00A         	call	_LCD_Caracter
  1719   000FB4                     
  1720                           ;Codigo_Pr5_Parte4.c: 420:     LCD_Caracter(unidades+'0');
  1721   000FB4  5014               	movf	MostrarNumeroIngresado@unidades^0,w,c
  1722   000FB6  0F30               	addlw	48
  1723   000FB8  EC7A  F00A         	call	_LCD_Caracter
  1724   000FBC  0012               	return		;funcret
  1725   000FBE                     __end_of_MostrarNumeroIngresado:
  1726                           	callstack 0
  1727                           
  1728 ;; *************** function ___lwmod *****************
  1729 ;; Defined at:
  1730 ;;		line 7 in file "C:\Program Files\Microchip\xc8\v2.45\pic\sources\c99\common\lwmod.c"
  1731 ;; Parameters:    Size  Location     Type
  1732 ;;  dividend        2    4[COMRAM] unsigned int 
  1733 ;;  divisor         2    6[COMRAM] unsigned int 
  1734 ;; Auto vars:     Size  Location     Type
  1735 ;;  counter         1    8[COMRAM] unsigned char 
  1736 ;; Return value:  Size  Location     Type
  1737 ;;                  2    4[COMRAM] unsigned int 
  1738 ;; Registers used:
  1739 ;;		wreg, status,2, status,0
  1740 ;; Tracked objects:
  1741 ;;		On entry : 0/0
  1742 ;;		On exit  : 0/0
  1743 ;;		Unchanged: 0/0
  1744 ;; Data sizes:     COMRAM   BANK0   BANK1   BANK2   BANK3   BANK4   BANK5   BANK6   BANK7
  1745 ;;      Params:         4       0       0       0       0       0       0       0       0
  1746 ;;      Locals:         1       0       0       0       0       0       0       0       0
  1747 ;;      Temps:          0       0       0       0       0       0       0       0       0
  1748 ;;      Totals:         5       0       0       0       0       0       0       0       0
  1749 ;;Total ram usage:        5 bytes
  1750 ;; Hardware stack levels used: 1
  1751 ;; Hardware stack levels required when called: 3
  1752 ;; This function calls:
  1753 ;;		Nothing
  1754 ;; This function is called by:
  1755 ;;		_MostrarADC
  1756 ;;		_MostrarNumeroIngresado
  1757 ;;		_MostrarScore
  1758 ;; This function uses a non-reentrant model
  1759 ;;
  1760                           
  1761                           	psect	text9
  1762   0011F4                     __ptext9:
  1763                           	callstack 0
  1764   0011F4                     ___lwmod:
  1765                           	callstack 25
  1766   0011F4  5007               	movf	___lwmod@divisor^0,w,c
  1767   0011F6  1008               	iorwf	(___lwmod@divisor+1)^0,w,c
  1768   0011F8  B4D8               	btfsc	status,2,c
  1769   0011FA  EF01  F009         	goto	u531
  1770   0011FE  EF03  F009         	goto	u530
  1771   001202                     u531:
  1772   001202  EF27  F009         	goto	l747
  1773   001206                     u530:
  1774   001206  0E01               	movlw	1
  1775   001208  6E09               	movwf	___lwmod@counter^0,c
  1776   00120A  EF0B  F009         	goto	l1483
  1777   00120E                     l1481:
  1778   00120E  90D8               	bcf	status,0,c
  1779   001210  3607               	rlcf	___lwmod@divisor^0,f,c
  1780   001212  3608               	rlcf	(___lwmod@divisor+1)^0,f,c
  1781   001214  2A09               	incf	___lwmod@counter^0,f,c
  1782   001216                     l1483:
  1783   001216  AE08               	btfss	(___lwmod@divisor+1)^0,7,c
  1784   001218  EF10  F009         	goto	u541
  1785   00121C  EF12  F009         	goto	u540
  1786   001220                     u541:
  1787   001220  EF07  F009         	goto	l1481
  1788   001224                     u540:
  1789   001224                     l1485:
  1790   001224  5007               	movf	___lwmod@divisor^0,w,c
  1791   001226  5C05               	subwf	___lwmod@dividend^0,w,c
  1792   001228  5008               	movf	(___lwmod@divisor+1)^0,w,c
  1793   00122A  5806               	subwfb	(___lwmod@dividend+1)^0,w,c
  1794   00122C  A0D8               	btfss	status,0,c
  1795   00122E  EF1B  F009         	goto	u551
  1796   001232  EF1D  F009         	goto	u550
  1797   001236                     u551:
  1798   001236  EF21  F009         	goto	l1489
  1799   00123A                     u550:
  1800   00123A  5007               	movf	___lwmod@divisor^0,w,c
  1801   00123C  5E05               	subwf	___lwmod@dividend^0,f,c
  1802   00123E  5008               	movf	(___lwmod@divisor+1)^0,w,c
  1803   001240  5A06               	subwfb	(___lwmod@dividend+1)^0,f,c
  1804   001242                     l1489:
  1805   001242  90D8               	bcf	status,0,c
  1806   001244  3208               	rrcf	(___lwmod@divisor+1)^0,f,c
  1807   001246  3207               	rrcf	___lwmod@divisor^0,f,c
  1808   001248  2E09               	decfsz	___lwmod@counter^0,f,c
  1809   00124A  EF12  F009         	goto	l1485
  1810   00124E                     l747:
  1811   00124E  C005  F005         	movff	___lwmod@dividend,?___lwmod
  1812   001252  C006  F006         	movff	___lwmod@dividend+1,?___lwmod+1
  1813   001256  0012               	return		;funcret
  1814   001258                     __end_of___lwmod:
  1815                           	callstack 0
  1816                           
  1817 ;; *************** function ___lwdiv *****************
  1818 ;; Defined at:
  1819 ;;		line 7 in file "C:\Program Files\Microchip\xc8\v2.45\pic\sources\c99\common\lwdiv.c"
  1820 ;; Parameters:    Size  Location     Type
  1821 ;;  dividend        2    9[COMRAM] unsigned int 
  1822 ;;  divisor         2   11[COMRAM] unsigned int 
  1823 ;; Auto vars:     Size  Location     Type
  1824 ;;  quotient        2   13[COMRAM] unsigned int 
  1825 ;;  counter         1   15[COMRAM] unsigned char 
  1826 ;; Return value:  Size  Location     Type
  1827 ;;                  2    9[COMRAM] unsigned int 
  1828 ;; Registers used:
  1829 ;;		wreg, status,2, status,0
  1830 ;; Tracked objects:
  1831 ;;		On entry : 0/0
  1832 ;;		On exit  : 0/0
  1833 ;;		Unchanged: 0/0
  1834 ;; Data sizes:     COMRAM   BANK0   BANK1   BANK2   BANK3   BANK4   BANK5   BANK6   BANK7
  1835 ;;      Params:         4       0       0       0       0       0       0       0       0
  1836 ;;      Locals:         3       0       0       0       0       0       0       0       0
  1837 ;;      Temps:          0       0       0       0       0       0       0       0       0
  1838 ;;      Totals:         7       0       0       0       0       0       0       0       0
  1839 ;;Total ram usage:        7 bytes
  1840 ;; Hardware stack levels used: 1
  1841 ;; Hardware stack levels required when called: 3
  1842 ;; This function calls:
  1843 ;;		Nothing
  1844 ;; This function is called by:
  1845 ;;		_MostrarADC
  1846 ;;		_MostrarBarraADC
  1847 ;;		_MostrarNumeroIngresado
  1848 ;;		_MostrarScore
  1849 ;; This function uses a non-reentrant model
  1850 ;;
  1851                           
  1852                           	psect	text10
  1853   000FBE                     __ptext10:
  1854                           	callstack 0
  1855   000FBE                     ___lwdiv:
  1856                           	callstack 25
  1857   000FBE  0E00               	movlw	0
  1858   000FC0  6E0F               	movwf	(___lwdiv@quotient+1)^0,c
  1859   000FC2  0E00               	movlw	0
  1860   000FC4  6E0E               	movwf	___lwdiv@quotient^0,c
  1861   000FC6  500C               	movf	___lwdiv@divisor^0,w,c
  1862   000FC8  100D               	iorwf	(___lwdiv@divisor+1)^0,w,c
  1863   000FCA  B4D8               	btfsc	status,2,c
  1864   000FCC  EFEA  F007         	goto	u501
  1865   000FD0  EFEC  F007         	goto	u500
  1866   000FD4                     u501:
  1867   000FD4  EF14  F008         	goto	l737
  1868   000FD8                     u500:
  1869   000FD8  0E01               	movlw	1
  1870   000FDA  6E10               	movwf	___lwdiv@counter^0,c
  1871   000FDC  EFF4  F007         	goto	l1463
  1872   000FE0                     l1461:
  1873   000FE0  90D8               	bcf	status,0,c
  1874   000FE2  360C               	rlcf	___lwdiv@divisor^0,f,c
  1875   000FE4  360D               	rlcf	(___lwdiv@divisor+1)^0,f,c
  1876   000FE6  2A10               	incf	___lwdiv@counter^0,f,c
  1877   000FE8                     l1463:
  1878   000FE8  AE0D               	btfss	(___lwdiv@divisor+1)^0,7,c
  1879   000FEA  EFF9  F007         	goto	u511
  1880   000FEE  EFFB  F007         	goto	u510
  1881   000FF2                     u511:
  1882   000FF2  EFF0  F007         	goto	l1461
  1883   000FF6                     u510:
  1884   000FF6                     l1465:
  1885   000FF6  90D8               	bcf	status,0,c
  1886   000FF8  360E               	rlcf	___lwdiv@quotient^0,f,c
  1887   000FFA  360F               	rlcf	(___lwdiv@quotient+1)^0,f,c
  1888   000FFC  500C               	movf	___lwdiv@divisor^0,w,c
  1889   000FFE  5C0A               	subwf	___lwdiv@dividend^0,w,c
  1890   001000  500D               	movf	(___lwdiv@divisor+1)^0,w,c
  1891   001002  580B               	subwfb	(___lwdiv@dividend+1)^0,w,c
  1892   001004  A0D8               	btfss	status,0,c
  1893   001006  EF07  F008         	goto	u521
  1894   00100A  EF09  F008         	goto	u520
  1895   00100E                     u521:
  1896   00100E  EF0E  F008         	goto	l1473
  1897   001012                     u520:
  1898   001012  500C               	movf	___lwdiv@divisor^0,w,c
  1899   001014  5E0A               	subwf	___lwdiv@dividend^0,f,c
  1900   001016  500D               	movf	(___lwdiv@divisor+1)^0,w,c
  1901   001018  5A0B               	subwfb	(___lwdiv@dividend+1)^0,f,c
  1902   00101A  800E               	bsf	___lwdiv@quotient^0,0,c
  1903   00101C                     l1473:
  1904   00101C  90D8               	bcf	status,0,c
  1905   00101E  320D               	rrcf	(___lwdiv@divisor+1)^0,f,c
  1906   001020  320C               	rrcf	___lwdiv@divisor^0,f,c
  1907   001022  2E10               	decfsz	___lwdiv@counter^0,f,c
  1908   001024  EFFB  F007         	goto	l1465
  1909   001028                     l737:
  1910   001028  C00E  F00A         	movff	___lwdiv@quotient,?___lwdiv
  1911   00102C  C00F  F00B         	movff	___lwdiv@quotient+1,?___lwdiv+1
  1912   001030  0012               	return		;funcret
  1913   001032                     __end_of___lwdiv:
  1914                           	callstack 0
  1915                           
  1916 ;; *************** function _MostrarMenuScroll *****************
  1917 ;; Defined at:
  1918 ;;		line 490 in file "Codigo_Pr5_Parte4.c"
  1919 ;; Parameters:    Size  Location     Type
  1920 ;;		None
  1921 ;; Auto vars:     Size  Location     Type
  1922 ;;		None
  1923 ;; Return value:  Size  Location     Type
  1924 ;;                  1    wreg      void 
  1925 ;; Registers used:
  1926 ;;		wreg, status,2, status,0, tblptrl, tblptrh, tblptru, cstack
  1927 ;; Tracked objects:
  1928 ;;		On entry : 0/0
  1929 ;;		On exit  : 0/0
  1930 ;;		Unchanged: 0/0
  1931 ;; Data sizes:     COMRAM   BANK0   BANK1   BANK2   BANK3   BANK4   BANK5   BANK6   BANK7
  1932 ;;      Params:         0       0       0       0       0       0       0       0       0
  1933 ;;      Locals:         0       0       0       0       0       0       0       0       0
  1934 ;;      Temps:          0       0       0       0       0       0       0       0       0
  1935 ;;      Totals:         0       0       0       0       0       0       0       0       0
  1936 ;;Total ram usage:        0 bytes
  1937 ;; Hardware stack levels used: 1
  1938 ;; Hardware stack levels required when called: 8
  1939 ;; This function calls:
  1940 ;;		_LCD_Comando
  1941 ;;		_LCD_Linea2
  1942 ;;		_LCD_Texto
  1943 ;; This function is called by:
  1944 ;;		_main
  1945 ;; This function uses a non-reentrant model
  1946 ;;
  1947                           
  1948                           	psect	text11
  1949   00147E                     __ptext11:
  1950                           	callstack 0
  1951   00147E                     _MostrarMenuScroll:
  1952                           	callstack 22
  1953   00147E                     
  1954                           ;Codigo_Pr5_Parte4.c: 492:     LCD_Comando(0x01);
  1955   00147E  0E01               	movlw	1
  1956   001480  EC80  F00A         	call	_LCD_Comando
  1957                           
  1958                           ;Codigo_Pr5_Parte4.c: 494:     LCD_Comando(0x01);
  1959   001484  0E01               	movlw	1
  1960   001486  EC80  F00A         	call	_LCD_Comando
  1961   00148A                     
  1962                           ;Codigo_Pr5_Parte4.c: 495:     LCD_Texto("A:ADC B:LED");
  1963   00148A  0E1D               	movlw	low STR_8
  1964   00148C  6E0B               	movwf	LCD_Texto@PALABRA^0,c
  1965   00148E  EC2C  F009         	call	_LCD_Texto	;wreg free
  1966   001492                     
  1967                           ;Codigo_Pr5_Parte4.c: 496:     LCD_Linea2();
  1968   001492  EC8B  F00A         	call	_LCD_Linea2	;wreg free
  1969                           
  1970                           ;Codigo_Pr5_Parte4.c: 497:     LCD_Texto("C:JUEGO *,#:RST");
  1971   001496  0E01               	movlw	low STR_9
  1972   001498  6E0B               	movwf	LCD_Texto@PALABRA^0,c
  1973   00149A  EC2C  F009         	call	_LCD_Texto	;wreg free
  1974   00149E  0012               	return		;funcret
  1975   0014A0                     __end_of_MostrarMenuScroll:
  1976                           	callstack 0
  1977                           
  1978 ;; *************** function _LCD_Texto *****************
  1979 ;; Defined at:
  1980 ;;		line 177 in file "Codigo_Pr5_Parte4.c"
  1981 ;; Parameters:    Size  Location     Type
  1982 ;;  PALABRA         1   10[COMRAM] PTR unsigned char 
  1983 ;;		 -> STR_11(8), STR_10(9), STR_9(16), STR_8(12), 
  1984 ;;		 -> STR_7(12), STR_6(5), STR_5(11), STR_4(10), 
  1985 ;;		 -> STR_3(12), STR_2(5), STR_1(7), 
  1986 ;; Auto vars:     Size  Location     Type
  1987 ;;  i               2   12[COMRAM] int 
  1988 ;; Return value:  Size  Location     Type
  1989 ;;                  1    wreg      void 
  1990 ;; Registers used:
  1991 ;;		wreg, status,2, status,0, tblptrl, tblptrh, tblptru, cstack
  1992 ;; Tracked objects:
  1993 ;;		On entry : 0/0
  1994 ;;		On exit  : 0/0
  1995 ;;		Unchanged: 0/0
  1996 ;; Data sizes:     COMRAM   BANK0   BANK1   BANK2   BANK3   BANK4   BANK5   BANK6   BANK7
  1997 ;;      Params:         1       0       0       0       0       0       0       0       0
  1998 ;;      Locals:         2       0       0       0       0       0       0       0       0
  1999 ;;      Temps:          1       0       0       0       0       0       0       0       0
  2000 ;;      Totals:         4       0       0       0       0       0       0       0       0
  2001 ;;Total ram usage:        4 bytes
  2002 ;; Hardware stack levels used: 1
  2003 ;; Hardware stack levels required when called: 7
  2004 ;; This function calls:
  2005 ;;		_LCD_Caracter
  2006 ;; This function is called by:
  2007 ;;		_MostrarADC
  2008 ;;		_MostrarNumeroIngresado
  2009 ;;		_MostrarScore
  2010 ;;		_ResetLCD
  2011 ;;		_MostrarMenuScroll
  2012 ;;		_main
  2013 ;;		_LCD_DosLineas
  2014 ;; This function uses a non-reentrant model
  2015 ;;
  2016                           
  2017                           	psect	text12
  2018   001258                     __ptext12:
  2019                           	callstack 0
  2020   001258                     _LCD_Texto:
  2021                           	callstack 22
  2022   001258                     
  2023                           ;Codigo_Pr5_Parte4.c: 180:      for(int i=0; PALABRA[i]; i++){
  2024   001258  0E00               	movlw	0
  2025   00125A  6E0E               	movwf	(LCD_Texto@i+1)^0,c
  2026   00125C  0E00               	movlw	0
  2027   00125E  6E0D               	movwf	LCD_Texto@i^0,c
  2028   001260  EF3F  F009         	goto	l1453
  2029   001264                     l1449:
  2030                           
  2031                           ;Codigo_Pr5_Parte4.c: 181:         LCD_Caracter(PALABRA[i]);
  2032   001264  500B               	movf	LCD_Texto@PALABRA^0,w,c
  2033   001266  240D               	addwf	LCD_Texto@i^0,w,c
  2034   001268  6E0C               	movwf	??_LCD_Texto^0,c
  2035   00126A  C00C  FFF6         	movff	??_LCD_Texto,tblptrl
  2036   00126E                     	if	1	;There is more than 1 active tblptr byte
  2037   00126E  0E08               	movlw	high __smallconst
  2038   001270  6EF7               	movwf	tblptrh,c
  2039   001272                     	endif
  2040   001272                     	if	0	;tblptru may be non-zero
  2041   001272                     	endif
  2042   001272                     	if	0	;tblptru may be non-zero
  2043   001272                     	endif
  2044   001272  0008               	tblrd		*
  2045   001274  50F5               	movf	tablat,w,c
  2046   001276  EC7A  F00A         	call	_LCD_Caracter
  2047   00127A                     
  2048                           ;Codigo_Pr5_Parte4.c: 182:     }
  2049   00127A  4A0D               	infsnz	LCD_Texto@i^0,f,c
  2050   00127C  2A0E               	incf	(LCD_Texto@i+1)^0,f,c
  2051   00127E                     l1453:
  2052   00127E  500B               	movf	LCD_Texto@PALABRA^0,w,c
  2053   001280  240D               	addwf	LCD_Texto@i^0,w,c
  2054   001282  6E0C               	movwf	??_LCD_Texto^0,c
  2055   001284  C00C  FFF6         	movff	??_LCD_Texto,tblptrl
  2056   001288                     	if	1	;There is more than 1 active tblptr byte
  2057   001288  0E08               	movlw	high __smallconst
  2058   00128A  6EF7               	movwf	tblptrh,c
  2059   00128C                     	endif
  2060   00128C                     	if	0	;tblptru may be non-zero
  2061   00128C                     	endif
  2062   00128C                     	if	0	;tblptru may be non-zero
  2063   00128C                     	endif
  2064   00128C  0008               	tblrd		*
  2065   00128E  50F5               	movf	tablat,w,c
  2066   001290  0900               	iorlw	0
  2067   001292  A4D8               	btfss	status,2,c
  2068   001294  EF4E  F009         	goto	u491
  2069   001298  EF50  F009         	goto	u490
  2070   00129C                     u491:
  2071   00129C  EF32  F009         	goto	l1449
  2072   0012A0                     u490:
  2073   0012A0  0012               	return		;funcret
  2074   0012A2                     __end_of_LCD_Texto:
  2075                           	callstack 0
  2076                           
  2077 ;; *************** function _LCD_Caracter *****************
  2078 ;; Defined at:
  2079 ;;		line 172 in file "Codigo_Pr5_Parte4.c"
  2080 ;; Parameters:    Size  Location     Type
  2081 ;;  dato            1    wreg     unsigned char 
  2082 ;; Auto vars:     Size  Location     Type
  2083 ;;  dato            1    9[COMRAM] unsigned char 
  2084 ;; Return value:  Size  Location     Type
  2085 ;;                  1    wreg      void 
  2086 ;; Registers used:
  2087 ;;		wreg, status,2, status,0, cstack
  2088 ;; Tracked objects:
  2089 ;;		On entry : 0/0
  2090 ;;		On exit  : 0/0
  2091 ;;		Unchanged: 0/0
  2092 ;; Data sizes:     COMRAM   BANK0   BANK1   BANK2   BANK3   BANK4   BANK5   BANK6   BANK7
  2093 ;;      Params:         0       0       0       0       0       0       0       0       0
  2094 ;;      Locals:         1       0       0       0       0       0       0       0       0
  2095 ;;      Temps:          0       0       0       0       0       0       0       0       0
  2096 ;;      Totals:         1       0       0       0       0       0       0       0       0
  2097 ;;Total ram usage:        1 bytes
  2098 ;; Hardware stack levels used: 1
  2099 ;; Hardware stack levels required when called: 6
  2100 ;; This function calls:
  2101 ;;		_TxDato
  2102 ;; This function is called by:
  2103 ;;		_LCD_Texto
  2104 ;;		_MostrarADC
  2105 ;;		_MostrarBarraADC
  2106 ;;		_MostrarNumeroIngresado
  2107 ;;		_MostrarScore
  2108 ;;		_main
  2109 ;; This function uses a non-reentrant model
  2110 ;;
  2111                           
  2112                           	psect	text13
  2113   0014F4                     __ptext13:
  2114                           	callstack 0
  2115   0014F4                     _LCD_Caracter:
  2116                           	callstack 22
  2117                           
  2118                           ;incstack = 0
  2119                           ;LCD_Caracter@dato stored from wreg
  2120   0014F4  6E0A               	movwf	LCD_Caracter@dato^0,c
  2121   0014F6                     
  2122                           ;Codigo_Pr5_Parte4.c: 173:     LATDbits.LATD1 = 1;
  2123   0014F6  828C               	bsf	140,1,c	;volatile
  2124   0014F8                     
  2125                           ;Codigo_Pr5_Parte4.c: 174:     TxDato(dato);
  2126   0014F8  500A               	movf	LCD_Caracter@dato^0,w,c
  2127   0014FA  ECA4  F006         	call	_TxDato
  2128   0014FE  0012               	return		;funcret
  2129   001500                     __end_of_LCD_Caracter:
  2130                           	callstack 0
  2131                           
  2132 ;; *************** function _LCD_Linea2 *****************
  2133 ;; Defined at:
  2134 ;;		line 207 in file "Codigo_Pr5_Parte4.c"
  2135 ;; Parameters:    Size  Location     Type
  2136 ;;		None
  2137 ;; Auto vars:     Size  Location     Type
  2138 ;;		None
  2139 ;; Return value:  Size  Location     Type
  2140 ;;                  1    wreg      void 
  2141 ;; Registers used:
  2142 ;;		wreg, status,2, status,0, cstack
  2143 ;; Tracked objects:
  2144 ;;		On entry : 0/0
  2145 ;;		On exit  : 0/0
  2146 ;;		Unchanged: 0/0
  2147 ;; Data sizes:     COMRAM   BANK0   BANK1   BANK2   BANK3   BANK4   BANK5   BANK6   BANK7
  2148 ;;      Params:         0       0       0       0       0       0       0       0       0
  2149 ;;      Locals:         0       0       0       0       0       0       0       0       0
  2150 ;;      Temps:          0       0       0       0       0       0       0       0       0
  2151 ;;      Totals:         0       0       0       0       0       0       0       0       0
  2152 ;;Total ram usage:        0 bytes
  2153 ;; Hardware stack levels used: 1
  2154 ;; Hardware stack levels required when called: 7
  2155 ;; This function calls:
  2156 ;;		_LCD_Comando
  2157 ;; This function is called by:
  2158 ;;		_MostrarBarraADC
  2159 ;;		_MostrarNumeroIngresado
  2160 ;;		_MostrarScore
  2161 ;;		_MostrarMenuScroll
  2162 ;;		_LCD_DosLineas
  2163 ;; This function uses a non-reentrant model
  2164 ;;
  2165                           
  2166                           	psect	text14
  2167   001516                     __ptext14:
  2168                           	callstack 0
  2169   001516                     _LCD_Linea2:
  2170                           	callstack 21
  2171   001516                     
  2172                           ;Codigo_Pr5_Parte4.c: 208:     LCD_Comando(0xC0);
  2173   001516  0EC0               	movlw	192
  2174   001518  EC80  F00A         	call	_LCD_Comando
  2175   00151C  0012               	return		;funcret
  2176   00151E                     __end_of_LCD_Linea2:
  2177                           	callstack 0
  2178                           
  2179 ;; *************** function _LeerTeclado *****************
  2180 ;; Defined at:
  2181 ;;		line 306 in file "Codigo_Pr5_Parte4.c"
  2182 ;; Parameters:    Size  Location     Type
  2183 ;;		None
  2184 ;; Auto vars:     Size  Location     Type
  2185 ;;  tecla           1   13[COMRAM] unsigned char 
  2186 ;; Return value:  Size  Location     Type
  2187 ;;                  1    wreg      unsigned char 
  2188 ;; Registers used:
  2189 ;;		wreg, status,2, status,0, cstack
  2190 ;; Tracked objects:
  2191 ;;		On entry : 0/0
  2192 ;;		On exit  : 0/0
  2193 ;;		Unchanged: 0/0
  2194 ;; Data sizes:     COMRAM   BANK0   BANK1   BANK2   BANK3   BANK4   BANK5   BANK6   BANK7
  2195 ;;      Params:         0       0       0       0       0       0       0       0       0
  2196 ;;      Locals:         1       0       0       0       0       0       0       0       0
  2197 ;;      Temps:          2       0       0       0       0       0       0       0       0
  2198 ;;      Totals:         3       0       0       0       0       0       0       0       0
  2199 ;;Total ram usage:        3 bytes
  2200 ;; Hardware stack levels used: 1
  2201 ;; Hardware stack levels required when called: 5
  2202 ;; This function calls:
  2203 ;;		_DelayXms
  2204 ;; This function is called by:
  2205 ;;		_main
  2206 ;; This function uses a non-reentrant model
  2207 ;;
  2208                           
  2209                           	psect	text15
  2210   000B6E                     __ptext15:
  2211                           	callstack 0
  2212   000B6E                     _LeerTeclado:
  2213                           	callstack 25
  2214   000B6E                     
  2215                           ;Codigo_Pr5_Parte4.c: 307:     char tecla = 0xFF;
  2216   000B6E  680E               	setf	LeerTeclado@tecla^0,c
  2217   000B70                     
  2218                           ;Codigo_Pr5_Parte4.c: 310:     LATB = 0b01110000;
  2219   000B70  0E70               	movlw	112
  2220   000B72  6E8A               	movwf	138,c	;volatile
  2221   000B74                     
  2222                           ;Codigo_Pr5_Parte4.c: 311:     DelayXms(5);
  2223   000B74  0E00               	movlw	0
  2224   000B76  6E08               	movwf	(DelayXms@Milis+1)^0,c
  2225   000B78  0E05               	movlw	5
  2226   000B7A  6E07               	movwf	DelayXms@Milis^0,c
  2227   000B7C  ECA8  F009         	call	_DelayXms	;wreg free
  2228                           
  2229                           ;Codigo_Pr5_Parte4.c: 312:     switch (PORTB) {
  2230   000B80  EFD2  F005         	goto	l1555
  2231   000B84                     l1545:
  2232   000B84  0E01               	movlw	1
  2233   000B86  6E0E               	movwf	LeerTeclado@tecla^0,c
  2234   000B88  EFEF  F005         	goto	l1557
  2235   000B8C                     l1547:
  2236   000B8C  0E02               	movlw	2
  2237   000B8E  6E0E               	movwf	LeerTeclado@tecla^0,c
  2238   000B90  EFEF  F005         	goto	l1557
  2239   000B94                     l1549:
  2240   000B94  0E03               	movlw	3
  2241   000B96  6E0E               	movwf	LeerTeclado@tecla^0,c
  2242   000B98  EFEF  F005         	goto	l1557
  2243   000B9C                     l1551:
  2244   000B9C  0E0A               	movlw	10
  2245   000B9E  6E0E               	movwf	LeerTeclado@tecla^0,c
  2246   000BA0  EFEF  F005         	goto	l1557
  2247   000BA4                     l1555:
  2248   000BA4  5081               	movf	129,w,c	;volatile
  2249   000BA6  6E0C               	movwf	??_LeerTeclado^0,c
  2250   000BA8  6A0D               	clrf	(??_LeerTeclado+1)^0,c
  2251                           
  2252                           ; Switch on 2 bytes has been partitioned into a top level switch of size 1, and 1 sub-sw
      +                          itches
  2253                           ; Switch size 1, requested type "simple"
  2254                           ; Number of cases is 1, Range of values is 0 to 0
  2255                           ; switch strategies available:
  2256                           ; Name         Instructions Cycles
  2257                           ; simple_byte            4     3 (average)
  2258                           ;	Chosen strategy is simple_byte
  2259   000BAA  500D               	movf	(??_LeerTeclado+1)^0,w,c
  2260   000BAC  0A00               	xorlw	0	; case 0
  2261   000BAE  B4D8               	btfsc	status,2,c
  2262   000BB0  EFDC  F005         	goto	l1849
  2263   000BB4  EFEF  F005         	goto	l1557
  2264   000BB8                     l1849:
  2265                           
  2266                           ; Switch size 1, requested type "simple"
  2267                           ; Number of cases is 4, Range of values is 119 to 126
  2268                           ; switch strategies available:
  2269                           ; Name         Instructions Cycles
  2270                           ; simple_byte           13     7 (average)
  2271                           ;	Chosen strategy is simple_byte
  2272   000BB8  500C               	movf	??_LeerTeclado^0,w,c
  2273   000BBA  0A77               	xorlw	119	; case 119
  2274   000BBC  B4D8               	btfsc	status,2,c
  2275   000BBE  EFC2  F005         	goto	l1545
  2276   000BC2  0A0C               	xorlw	12	; case 123
  2277   000BC4  B4D8               	btfsc	status,2,c
  2278   000BC6  EFC6  F005         	goto	l1547
  2279   000BCA  0A06               	xorlw	6	; case 125
  2280   000BCC  B4D8               	btfsc	status,2,c
  2281   000BCE  EFCA  F005         	goto	l1549
  2282   000BD2  0A03               	xorlw	3	; case 126
  2283   000BD4  B4D8               	btfsc	status,2,c
  2284   000BD6  EFCE  F005         	goto	l1551
  2285   000BDA  EFEF  F005         	goto	l1557
  2286   000BDE                     l1557:
  2287                           
  2288                           ;Codigo_Pr5_Parte4.c: 321:     LATB = 0b10110000;
  2289   000BDE  0EB0               	movlw	176
  2290   000BE0  6E8A               	movwf	138,c	;volatile
  2291   000BE2                     
  2292                           ;Codigo_Pr5_Parte4.c: 322:     DelayXms(5);
  2293   000BE2  0E00               	movlw	0
  2294   000BE4  6E08               	movwf	(DelayXms@Milis+1)^0,c
  2295   000BE6  0E05               	movlw	5
  2296   000BE8  6E07               	movwf	DelayXms@Milis^0,c
  2297   000BEA  ECA8  F009         	call	_DelayXms	;wreg free
  2298                           
  2299                           ;Codigo_Pr5_Parte4.c: 323:     switch (PORTB) {
  2300   000BEE  EF09  F006         	goto	l1571
  2301   000BF2                     l1561:
  2302   000BF2  0E04               	movlw	4
  2303   000BF4  6E0E               	movwf	LeerTeclado@tecla^0,c
  2304   000BF6  EF26  F006         	goto	l1573
  2305   000BFA                     l1563:
  2306   000BFA  0E05               	movlw	5
  2307   000BFC  6E0E               	movwf	LeerTeclado@tecla^0,c
  2308   000BFE  EF26  F006         	goto	l1573
  2309   000C02                     l1565:
  2310   000C02  0E06               	movlw	6
  2311   000C04  6E0E               	movwf	LeerTeclado@tecla^0,c
  2312   000C06  EF26  F006         	goto	l1573
  2313   000C0A                     l1567:
  2314   000C0A  0E0B               	movlw	11
  2315   000C0C  6E0E               	movwf	LeerTeclado@tecla^0,c
  2316   000C0E  EF26  F006         	goto	l1573
  2317   000C12                     l1571:
  2318   000C12  5081               	movf	129,w,c	;volatile
  2319   000C14  6E0C               	movwf	??_LeerTeclado^0,c
  2320   000C16  6A0D               	clrf	(??_LeerTeclado+1)^0,c
  2321                           
  2322                           ; Switch on 2 bytes has been partitioned into a top level switch of size 1, and 1 sub-sw
      +                          itches
  2323                           ; Switch size 1, requested type "simple"
  2324                           ; Number of cases is 1, Range of values is 0 to 0
  2325                           ; switch strategies available:
  2326                           ; Name         Instructions Cycles
  2327                           ; simple_byte            4     3 (average)
  2328                           ;	Chosen strategy is simple_byte
  2329   000C18  500D               	movf	(??_LeerTeclado+1)^0,w,c
  2330   000C1A  0A00               	xorlw	0	; case 0
  2331   000C1C  B4D8               	btfsc	status,2,c
  2332   000C1E  EF13  F006         	goto	l1851
  2333   000C22  EF26  F006         	goto	l1573
  2334   000C26                     l1851:
  2335                           
  2336                           ; Switch size 1, requested type "simple"
  2337                           ; Number of cases is 4, Range of values is 183 to 190
  2338                           ; switch strategies available:
  2339                           ; Name         Instructions Cycles
  2340                           ; simple_byte           13     7 (average)
  2341                           ;	Chosen strategy is simple_byte
  2342   000C26  500C               	movf	??_LeerTeclado^0,w,c
  2343   000C28  0AB7               	xorlw	183	; case 183
  2344   000C2A  B4D8               	btfsc	status,2,c
  2345   000C2C  EFF9  F005         	goto	l1561
  2346   000C30  0A0C               	xorlw	12	; case 187
  2347   000C32  B4D8               	btfsc	status,2,c
  2348   000C34  EFFD  F005         	goto	l1563
  2349   000C38  0A06               	xorlw	6	; case 189
  2350   000C3A  B4D8               	btfsc	status,2,c
  2351   000C3C  EF01  F006         	goto	l1565
  2352   000C40  0A03               	xorlw	3	; case 190
  2353   000C42  B4D8               	btfsc	status,2,c
  2354   000C44  EF05  F006         	goto	l1567
  2355   000C48  EF26  F006         	goto	l1573
  2356   000C4C                     l1573:
  2357                           
  2358                           ;Codigo_Pr5_Parte4.c: 331:     LATB = 0b11010000;
  2359   000C4C  0ED0               	movlw	208
  2360   000C4E  6E8A               	movwf	138,c	;volatile
  2361   000C50                     
  2362                           ;Codigo_Pr5_Parte4.c: 332:     DelayXms(5);
  2363   000C50  0E00               	movlw	0
  2364   000C52  6E08               	movwf	(DelayXms@Milis+1)^0,c
  2365   000C54  0E05               	movlw	5
  2366   000C56  6E07               	movwf	DelayXms@Milis^0,c
  2367   000C58  ECA8  F009         	call	_DelayXms	;wreg free
  2368                           
  2369                           ;Codigo_Pr5_Parte4.c: 333:     switch (PORTB) {
  2370   000C5C  EF40  F006         	goto	l1587
  2371   000C60                     l1577:
  2372   000C60  0E07               	movlw	7
  2373   000C62  6E0E               	movwf	LeerTeclado@tecla^0,c
  2374   000C64  EF5D  F006         	goto	l1589
  2375   000C68                     l1579:
  2376   000C68  0E08               	movlw	8
  2377   000C6A  6E0E               	movwf	LeerTeclado@tecla^0,c
  2378   000C6C  EF5D  F006         	goto	l1589
  2379   000C70                     l1581:
  2380   000C70  0E09               	movlw	9
  2381   000C72  6E0E               	movwf	LeerTeclado@tecla^0,c
  2382   000C74  EF5D  F006         	goto	l1589
  2383   000C78                     l1583:
  2384   000C78  0E0C               	movlw	12
  2385   000C7A  6E0E               	movwf	LeerTeclado@tecla^0,c
  2386   000C7C  EF5D  F006         	goto	l1589
  2387   000C80                     l1587:
  2388   000C80  5081               	movf	129,w,c	;volatile
  2389   000C82  6E0C               	movwf	??_LeerTeclado^0,c
  2390   000C84  6A0D               	clrf	(??_LeerTeclado+1)^0,c
  2391                           
  2392                           ; Switch on 2 bytes has been partitioned into a top level switch of size 1, and 1 sub-sw
      +                          itches
  2393                           ; Switch size 1, requested type "simple"
  2394                           ; Number of cases is 1, Range of values is 0 to 0
  2395                           ; switch strategies available:
  2396                           ; Name         Instructions Cycles
  2397                           ; simple_byte            4     3 (average)
  2398                           ;	Chosen strategy is simple_byte
  2399   000C86  500D               	movf	(??_LeerTeclado+1)^0,w,c
  2400   000C88  0A00               	xorlw	0	; case 0
  2401   000C8A  B4D8               	btfsc	status,2,c
  2402   000C8C  EF4A  F006         	goto	l1853
  2403   000C90  EF5D  F006         	goto	l1589
  2404   000C94                     l1853:
  2405                           
  2406                           ; Switch size 1, requested type "simple"
  2407                           ; Number of cases is 4, Range of values is 215 to 222
  2408                           ; switch strategies available:
  2409                           ; Name         Instructions Cycles
  2410                           ; simple_byte           13     7 (average)
  2411                           ;	Chosen strategy is simple_byte
  2412   000C94  500C               	movf	??_LeerTeclado^0,w,c
  2413   000C96  0AD7               	xorlw	215	; case 215
  2414   000C98  B4D8               	btfsc	status,2,c
  2415   000C9A  EF30  F006         	goto	l1577
  2416   000C9E  0A0C               	xorlw	12	; case 219
  2417   000CA0  B4D8               	btfsc	status,2,c
  2418   000CA2  EF34  F006         	goto	l1579
  2419   000CA6  0A06               	xorlw	6	; case 221
  2420   000CA8  B4D8               	btfsc	status,2,c
  2421   000CAA  EF38  F006         	goto	l1581
  2422   000CAE  0A03               	xorlw	3	; case 222
  2423   000CB0  B4D8               	btfsc	status,2,c
  2424   000CB2  EF3C  F006         	goto	l1583
  2425   000CB6  EF5D  F006         	goto	l1589
  2426   000CBA                     l1589:
  2427                           
  2428                           ;Codigo_Pr5_Parte4.c: 341:     LATB = 0b11100000;
  2429   000CBA  0EE0               	movlw	224
  2430   000CBC  6E8A               	movwf	138,c	;volatile
  2431   000CBE                     
  2432                           ;Codigo_Pr5_Parte4.c: 342:     DelayXms(5);
  2433   000CBE  0E00               	movlw	0
  2434   000CC0  6E08               	movwf	(DelayXms@Milis+1)^0,c
  2435   000CC2  0E05               	movlw	5
  2436   000CC4  6E07               	movwf	DelayXms@Milis^0,c
  2437   000CC6  ECA8  F009         	call	_DelayXms	;wreg free
  2438                           
  2439                           ;Codigo_Pr5_Parte4.c: 343:     switch (PORTB) {
  2440   000CCA  EF77  F006         	goto	l1603
  2441   000CCE                     l1593:
  2442   000CCE  0E0E               	movlw	14
  2443   000CD0  6E0E               	movwf	LeerTeclado@tecla^0,c
  2444   000CD2  EF94  F006         	goto	l1605
  2445   000CD6                     l1595:
  2446   000CD6  0E00               	movlw	0
  2447   000CD8  6E0E               	movwf	LeerTeclado@tecla^0,c
  2448   000CDA  EF94  F006         	goto	l1605
  2449   000CDE                     l1597:
  2450   000CDE  0E0F               	movlw	15
  2451   000CE0  6E0E               	movwf	LeerTeclado@tecla^0,c
  2452   000CE2  EF94  F006         	goto	l1605
  2453   000CE6                     l1599:
  2454   000CE6  0E0D               	movlw	13
  2455   000CE8  6E0E               	movwf	LeerTeclado@tecla^0,c
  2456   000CEA  EF94  F006         	goto	l1605
  2457   000CEE                     l1603:
  2458   000CEE  5081               	movf	129,w,c	;volatile
  2459   000CF0  6E0C               	movwf	??_LeerTeclado^0,c
  2460   000CF2  6A0D               	clrf	(??_LeerTeclado+1)^0,c
  2461                           
  2462                           ; Switch on 2 bytes has been partitioned into a top level switch of size 1, and 1 sub-sw
      +                          itches
  2463                           ; Switch size 1, requested type "simple"
  2464                           ; Number of cases is 1, Range of values is 0 to 0
  2465                           ; switch strategies available:
  2466                           ; Name         Instructions Cycles
  2467                           ; simple_byte            4     3 (average)
  2468                           ;	Chosen strategy is simple_byte
  2469   000CF4  500D               	movf	(??_LeerTeclado+1)^0,w,c
  2470   000CF6  0A00               	xorlw	0	; case 0
  2471   000CF8  B4D8               	btfsc	status,2,c
  2472   000CFA  EF81  F006         	goto	l1855
  2473   000CFE  EF94  F006         	goto	l1605
  2474   000D02                     l1855:
  2475                           
  2476                           ; Switch size 1, requested type "simple"
  2477                           ; Number of cases is 4, Range of values is 231 to 238
  2478                           ; switch strategies available:
  2479                           ; Name         Instructions Cycles
  2480                           ; simple_byte           13     7 (average)
  2481                           ;	Chosen strategy is simple_byte
  2482   000D02  500C               	movf	??_LeerTeclado^0,w,c
  2483   000D04  0AE7               	xorlw	231	; case 231
  2484   000D06  B4D8               	btfsc	status,2,c
  2485   000D08  EF67  F006         	goto	l1593
  2486   000D0C  0A0C               	xorlw	12	; case 235
  2487   000D0E  B4D8               	btfsc	status,2,c
  2488   000D10  EF6B  F006         	goto	l1595
  2489   000D14  0A06               	xorlw	6	; case 237
  2490   000D16  B4D8               	btfsc	status,2,c
  2491   000D18  EF6F  F006         	goto	l1597
  2492   000D1C  0A03               	xorlw	3	; case 238
  2493   000D1E  B4D8               	btfsc	status,2,c
  2494   000D20  EF73  F006         	goto	l1599
  2495   000D24  EF94  F006         	goto	l1605
  2496   000D28                     l1605:
  2497                           
  2498                           ;Codigo_Pr5_Parte4.c: 351:     if (tecla != 0xFF) {
  2499   000D28  280E               	incf	LeerTeclado@tecla^0,w,c
  2500   000D2A  B4D8               	btfsc	status,2,c
  2501   000D2C  EF9A  F006         	goto	u611
  2502   000D30  EF9C  F006         	goto	u610
  2503   000D34                     u611:
  2504   000D34  EFA2  F006         	goto	l1609
  2505   000D38                     u610:
  2506   000D38                     
  2507                           ;Codigo_Pr5_Parte4.c: 352:         DelayXms(50);
  2508   000D38  0E00               	movlw	0
  2509   000D3A  6E08               	movwf	(DelayXms@Milis+1)^0,c
  2510   000D3C  0E32               	movlw	50
  2511   000D3E  6E07               	movwf	DelayXms@Milis^0,c
  2512   000D40  ECA8  F009         	call	_DelayXms	;wreg free
  2513   000D44                     l1609:
  2514                           
  2515                           ;Codigo_Pr5_Parte4.c: 353:         return tecla;
  2516   000D44  500E               	movf	LeerTeclado@tecla^0,w,c
  2517   000D46  0012               	return		;funcret
  2518   000D48                     __end_of_LeerTeclado:
  2519                           	callstack 0
  2520                           
  2521 ;; *************** function _InitLCD *****************
  2522 ;; Defined at:
  2523 ;;		line 187 in file "Codigo_Pr5_Parte4.c"
  2524 ;; Parameters:    Size  Location     Type
  2525 ;;		None
  2526 ;; Auto vars:     Size  Location     Type
  2527 ;;		None
  2528 ;; Return value:  Size  Location     Type
  2529 ;;                  1    wreg      void 
  2530 ;; Registers used:
  2531 ;;		wreg, status,2, status,0, cstack
  2532 ;; Tracked objects:
  2533 ;;		On entry : 0/0
  2534 ;;		On exit  : 0/0
  2535 ;;		Unchanged: 0/0
  2536 ;; Data sizes:     COMRAM   BANK0   BANK1   BANK2   BANK3   BANK4   BANK5   BANK6   BANK7
  2537 ;;      Params:         0       0       0       0       0       0       0       0       0
  2538 ;;      Locals:         0       0       0       0       0       0       0       0       0
  2539 ;;      Temps:          0       0       0       0       0       0       0       0       0
  2540 ;;      Totals:         0       0       0       0       0       0       0       0       0
  2541 ;;Total ram usage:        0 bytes
  2542 ;; Hardware stack levels used: 1
  2543 ;; Hardware stack levels required when called: 7
  2544 ;; This function calls:
  2545 ;;		_DelayXms
  2546 ;;		_LCD_Comando
  2547 ;; This function is called by:
  2548 ;;		_main
  2549 ;; This function uses a non-reentrant model
  2550 ;;
  2551                           
  2552                           	psect	text16
  2553   0012A2                     __ptext16:
  2554                           	callstack 0
  2555   0012A2                     _InitLCD:
  2556                           	callstack 23
  2557   0012A2                     
  2558                           ;Codigo_Pr5_Parte4.c: 189:     DelayXms(15);
  2559   0012A2  0E00               	movlw	0
  2560   0012A4  6E08               	movwf	(DelayXms@Milis+1)^0,c
  2561   0012A6  0E0F               	movlw	15
  2562   0012A8  6E07               	movwf	DelayXms@Milis^0,c
  2563   0012AA  ECA8  F009         	call	_DelayXms	;wreg free
  2564                           
  2565                           ;Codigo_Pr5_Parte4.c: 192:     LCD_Comando(0x33);
  2566   0012AE  0E33               	movlw	51
  2567   0012B0  EC80  F00A         	call	_LCD_Comando
  2568                           
  2569                           ;Codigo_Pr5_Parte4.c: 193:     LCD_Comando(0x32);
  2570   0012B4  0E32               	movlw	50
  2571   0012B6  EC80  F00A         	call	_LCD_Comando
  2572                           
  2573                           ;Codigo_Pr5_Parte4.c: 195:     LCD_Comando(0x28);
  2574   0012BA  0E28               	movlw	40
  2575   0012BC  EC80  F00A         	call	_LCD_Comando
  2576                           
  2577                           ;Codigo_Pr5_Parte4.c: 196:     LCD_Comando(0x0C);
  2578   0012C0  0E0C               	movlw	12
  2579   0012C2  EC80  F00A         	call	_LCD_Comando
  2580                           
  2581                           ;Codigo_Pr5_Parte4.c: 197:     LCD_Comando(0x06);
  2582   0012C6  0E06               	movlw	6
  2583   0012C8  EC80  F00A         	call	_LCD_Comando
  2584                           
  2585                           ;Codigo_Pr5_Parte4.c: 200:     LCD_Comando(0x01);
  2586   0012CC  0E01               	movlw	1
  2587   0012CE  EC80  F00A         	call	_LCD_Comando
  2588                           
  2589                           ;Codigo_Pr5_Parte4.c: 202:     DelayXms(5);
  2590   0012D2  0E00               	movlw	0
  2591   0012D4  6E08               	movwf	(DelayXms@Milis+1)^0,c
  2592   0012D6  0E05               	movlw	5
  2593   0012D8  6E07               	movwf	DelayXms@Milis^0,c
  2594   0012DA  ECA8  F009         	call	_DelayXms	;wreg free
  2595   0012DE  0012               	return		;funcret
  2596   0012E0                     __end_of_InitLCD:
  2597                           	callstack 0
  2598                           
  2599 ;; *************** function _LCD_Comando *****************
  2600 ;; Defined at:
  2601 ;;		line 164 in file "Codigo_Pr5_Parte4.c"
  2602 ;; Parameters:    Size  Location     Type
  2603 ;;  cmd             1    wreg     unsigned char 
  2604 ;; Auto vars:     Size  Location     Type
  2605 ;;  cmd             1    9[COMRAM] unsigned char 
  2606 ;; Return value:  Size  Location     Type
  2607 ;;                  1    wreg      void 
  2608 ;; Registers used:
  2609 ;;		wreg, status,2, status,0, cstack
  2610 ;; Tracked objects:
  2611 ;;		On entry : 0/0
  2612 ;;		On exit  : 0/0
  2613 ;;		Unchanged: 0/0
  2614 ;; Data sizes:     COMRAM   BANK0   BANK1   BANK2   BANK3   BANK4   BANK5   BANK6   BANK7
  2615 ;;      Params:         0       0       0       0       0       0       0       0       0
  2616 ;;      Locals:         1       0       0       0       0       0       0       0       0
  2617 ;;      Temps:          0       0       0       0       0       0       0       0       0
  2618 ;;      Totals:         1       0       0       0       0       0       0       0       0
  2619 ;;Total ram usage:        1 bytes
  2620 ;; Hardware stack levels used: 1
  2621 ;; Hardware stack levels required when called: 6
  2622 ;; This function calls:
  2623 ;;		_TxDato
  2624 ;; This function is called by:
  2625 ;;		_InitLCD
  2626 ;;		_LCD_Linea2
  2627 ;;		_MostrarADC
  2628 ;;		_MostrarNumeroIngresado
  2629 ;;		_MostrarScore
  2630 ;;		_ResetLCD
  2631 ;;		_MostrarMenuScroll
  2632 ;;		_main
  2633 ;;		_LCD_DosLineas
  2634 ;; This function uses a non-reentrant model
  2635 ;;
  2636                           
  2637                           	psect	text17
  2638   001500                     __ptext17:
  2639                           	callstack 0
  2640   001500                     _LCD_Comando:
  2641                           	callstack 23
  2642                           
  2643                           ;incstack = 0
  2644                           ;LCD_Comando@cmd stored from wreg
  2645   001500  6E0A               	movwf	LCD_Comando@cmd^0,c
  2646   001502                     
  2647                           ;Codigo_Pr5_Parte4.c: 166:     LATDbits.LATD1 = 0;
  2648   001502  928C               	bcf	140,1,c	;volatile
  2649   001504                     
  2650                           ;Codigo_Pr5_Parte4.c: 167:     TxDato(cmd);
  2651   001504  500A               	movf	LCD_Comando@cmd^0,w,c
  2652   001506  ECA4  F006         	call	_TxDato
  2653   00150A  0012               	return		;funcret
  2654   00150C                     __end_of_LCD_Comando:
  2655                           	callstack 0
  2656                           
  2657 ;; *************** function _TxDato *****************
  2658 ;; Defined at:
  2659 ;;		line 135 in file "Codigo_Pr5_Parte4.c"
  2660 ;; Parameters:    Size  Location     Type
  2661 ;;  dato            1    wreg     unsigned char 
  2662 ;; Auto vars:     Size  Location     Type
  2663 ;;  dato            1    8[COMRAM] unsigned char 
  2664 ;; Return value:  Size  Location     Type
  2665 ;;                  1    wreg      void 
  2666 ;; Registers used:
  2667 ;;		wreg, status,2, status,0, cstack
  2668 ;; Tracked objects:
  2669 ;;		On entry : 0/0
  2670 ;;		On exit  : 0/0
  2671 ;;		Unchanged: 0/0
  2672 ;; Data sizes:     COMRAM   BANK0   BANK1   BANK2   BANK3   BANK4   BANK5   BANK6   BANK7
  2673 ;;      Params:         0       0       0       0       0       0       0       0       0
  2674 ;;      Locals:         1       0       0       0       0       0       0       0       0
  2675 ;;      Temps:          2       0       0       0       0       0       0       0       0
  2676 ;;      Totals:         3       0       0       0       0       0       0       0       0
  2677 ;;Total ram usage:        3 bytes
  2678 ;; Hardware stack levels used: 1
  2679 ;; Hardware stack levels required when called: 5
  2680 ;; This function calls:
  2681 ;;		_BitEN
  2682 ;;		_Delay1ms
  2683 ;; This function is called by:
  2684 ;;		_LCD_Comando
  2685 ;;		_LCD_Caracter
  2686 ;; This function uses a non-reentrant model
  2687 ;;
  2688                           
  2689                           	psect	text18
  2690   000D48                     __ptext18:
  2691                           	callstack 0
  2692   000D48                     _TxDato:
  2693                           	callstack 22
  2694                           
  2695                           ;incstack = 0
  2696                           ;TxDato@dato stored from wreg
  2697   000D48  6E09               	movwf	TxDato@dato^0,c
  2698   000D4A                     
  2699                           ;Codigo_Pr5_Parte4.c: 146:     LATAbits.LATA1 = (dato & 0x10)>>4;
  2700   000D4A  C009  F007         	movff	TxDato@dato,??_TxDato
  2701   000D4E  3A07               	swapf	??_TxDato^0,f,c
  2702   000D50  0E0F               	movlw	15
  2703   000D52  1607               	andwf	??_TxDato^0,f,c
  2704   000D54  0E01               	movlw	1
  2705   000D56  1607               	andwf	??_TxDato^0,f,c
  2706   000D58  4607               	rlncf	??_TxDato^0,f,c
  2707   000D5A  5089               	movf	137,w,c	;volatile
  2708   000D5C  1807               	xorwf	??_TxDato^0,w,c
  2709   000D5E  0BFD               	andlw	-3
  2710   000D60  1807               	xorwf	??_TxDato^0,w,c
  2711   000D62  6E89               	movwf	137,c	;volatile
  2712                           
  2713                           ;Codigo_Pr5_Parte4.c: 147:     LATAbits.LATA2 = (dato & 0x20)>>5;
  2714   000D64  C009  F007         	movff	TxDato@dato,??_TxDato
  2715   000D68  0E05               	movlw	5
  2716   000D6A  6E08               	movwf	(??_TxDato+1)^0,c
  2717   000D6C                     u25:
  2718   000D6C  90D8               	bcf	status,0,c
  2719   000D6E  3207               	rrcf	??_TxDato^0,f,c
  2720   000D70  2E08               	decfsz	(??_TxDato+1)^0,f,c
  2721   000D72  EFB6  F006         	goto	u25
  2722   000D76  0E01               	movlw	1
  2723   000D78  1607               	andwf	??_TxDato^0,f,c
  2724   000D7A  4607               	rlncf	??_TxDato^0,f,c
  2725   000D7C  4607               	rlncf	??_TxDato^0,f,c
  2726   000D7E  5089               	movf	137,w,c	;volatile
  2727   000D80  1807               	xorwf	??_TxDato^0,w,c
  2728   000D82  0BFB               	andlw	-5
  2729   000D84  1807               	xorwf	??_TxDato^0,w,c
  2730   000D86  6E89               	movwf	137,c	;volatile
  2731                           
  2732                           ;Codigo_Pr5_Parte4.c: 148:     LATAbits.LATA3 = (dato & 0x40)>>6;
  2733   000D88  C009  F007         	movff	TxDato@dato,??_TxDato
  2734   000D8C  0E06               	movlw	6
  2735   000D8E  6E08               	movwf	(??_TxDato+1)^0,c
  2736   000D90                     u35:
  2737   000D90  90D8               	bcf	status,0,c
  2738   000D92  3207               	rrcf	??_TxDato^0,f,c
  2739   000D94  2E08               	decfsz	(??_TxDato+1)^0,f,c
  2740   000D96  EFC8  F006         	goto	u35
  2741   000D9A  0E01               	movlw	1
  2742   000D9C  1607               	andwf	??_TxDato^0,f,c
  2743   000D9E  4607               	rlncf	??_TxDato^0,f,c
  2744   000DA0  4607               	rlncf	??_TxDato^0,f,c
  2745   000DA2  4607               	rlncf	??_TxDato^0,f,c
  2746   000DA4  5089               	movf	137,w,c	;volatile
  2747   000DA6  1807               	xorwf	??_TxDato^0,w,c
  2748   000DA8  0BF7               	andlw	-9
  2749   000DAA  1807               	xorwf	??_TxDato^0,w,c
  2750   000DAC  6E89               	movwf	137,c	;volatile
  2751                           
  2752                           ;Codigo_Pr5_Parte4.c: 149:     LATAbits.LATA4 = (dato & 0x80)>>7;
  2753   000DAE  6A07               	clrf	??_TxDato^0,c
  2754   000DB0  AE09               	btfss	TxDato@dato^0,7,c
  2755   000DB2  D001               	bra	u45
  2756   000DB4  2A07               	incf	??_TxDato^0,f,c
  2757   000DB6                     u45:
  2758   000DB6  0E01               	movlw	1
  2759   000DB8  1607               	andwf	??_TxDato^0,f,c
  2760   000DBA  3A07               	swapf	??_TxDato^0,f,c
  2761   000DBC  5089               	movf	137,w,c	;volatile
  2762   000DBE  1807               	xorwf	??_TxDato^0,w,c
  2763   000DC0  0BEF               	andlw	-17
  2764   000DC2  1807               	xorwf	??_TxDato^0,w,c
  2765   000DC4  6E89               	movwf	137,c	;volatile
  2766   000DC6                     
  2767                           ;Codigo_Pr5_Parte4.c: 151:     BitEN();
  2768   000DC6  EC73  F00A         	call	_BitEN	;wreg free
  2769   000DCA                     
  2770                           ;Codigo_Pr5_Parte4.c: 153:     LATAbits.LATA1 = (dato & 0x01);
  2771   000DCA  C009  F007         	movff	TxDato@dato,??_TxDato
  2772   000DCE  0E01               	movlw	1
  2773   000DD0  1607               	andwf	??_TxDato^0,f,c
  2774   000DD2  4607               	rlncf	??_TxDato^0,f,c
  2775   000DD4  5089               	movf	137,w,c	;volatile
  2776   000DD6  1807               	xorwf	??_TxDato^0,w,c
  2777   000DD8  0BFD               	andlw	-3
  2778   000DDA  1807               	xorwf	??_TxDato^0,w,c
  2779   000DDC  6E89               	movwf	137,c	;volatile
  2780   000DDE                     
  2781                           ;Codigo_Pr5_Parte4.c: 154:     LATAbits.LATA2 = (dato & 0x02)>>1;
  2782   000DDE  C009  F007         	movff	TxDato@dato,??_TxDato
  2783   000DE2  90D8               	bcf	status,0,c
  2784   000DE4  3207               	rrcf	??_TxDato^0,f,c
  2785   000DE6  0E01               	movlw	1
  2786   000DE8  1607               	andwf	??_TxDato^0,f,c
  2787   000DEA  4607               	rlncf	??_TxDato^0,f,c
  2788   000DEC  4607               	rlncf	??_TxDato^0,f,c
  2789   000DEE  5089               	movf	137,w,c	;volatile
  2790   000DF0  1807               	xorwf	??_TxDato^0,w,c
  2791   000DF2  0BFB               	andlw	-5
  2792   000DF4  1807               	xorwf	??_TxDato^0,w,c
  2793   000DF6  6E89               	movwf	137,c	;volatile
  2794   000DF8                     
  2795                           ;Codigo_Pr5_Parte4.c: 155:     LATAbits.LATA3 = (dato & 0x04)>>2;
  2796   000DF8  C009  F007         	movff	TxDato@dato,??_TxDato
  2797   000DFC  90D8               	bcf	status,0,c
  2798   000DFE  3207               	rrcf	??_TxDato^0,f,c
  2799   000E00  90D8               	bcf	status,0,c
  2800   000E02  3207               	rrcf	??_TxDato^0,f,c
  2801   000E04  0E01               	movlw	1
  2802   000E06  1607               	andwf	??_TxDato^0,f,c
  2803   000E08  4607               	rlncf	??_TxDato^0,f,c
  2804   000E0A  4607               	rlncf	??_TxDato^0,f,c
  2805   000E0C  4607               	rlncf	??_TxDato^0,f,c
  2806   000E0E  5089               	movf	137,w,c	;volatile
  2807   000E10  1807               	xorwf	??_TxDato^0,w,c
  2808   000E12  0BF7               	andlw	-9
  2809   000E14  1807               	xorwf	??_TxDato^0,w,c
  2810   000E16  6E89               	movwf	137,c	;volatile
  2811   000E18                     
  2812                           ;Codigo_Pr5_Parte4.c: 156:     LATAbits.LATA4 = (dato & 0x08)>>3;
  2813   000E18  C009  F007         	movff	TxDato@dato,??_TxDato
  2814   000E1C  90D8               	bcf	status,0,c
  2815   000E1E  3207               	rrcf	??_TxDato^0,f,c
  2816   000E20  90D8               	bcf	status,0,c
  2817   000E22  3207               	rrcf	??_TxDato^0,f,c
  2818   000E24  90D8               	bcf	status,0,c
  2819   000E26  3207               	rrcf	??_TxDato^0,f,c
  2820   000E28  0E01               	movlw	1
  2821   000E2A  1607               	andwf	??_TxDato^0,f,c
  2822   000E2C  3A07               	swapf	??_TxDato^0,f,c
  2823   000E2E  5089               	movf	137,w,c	;volatile
  2824   000E30  1807               	xorwf	??_TxDato^0,w,c
  2825   000E32  0BEF               	andlw	-17
  2826   000E34  1807               	xorwf	??_TxDato^0,w,c
  2827   000E36  6E89               	movwf	137,c	;volatile
  2828   000E38                     
  2829                           ;Codigo_Pr5_Parte4.c: 158:     BitEN();
  2830   000E38  EC73  F00A         	call	_BitEN	;wreg free
  2831   000E3C                     
  2832                           ;Codigo_Pr5_Parte4.c: 159:     Delay1ms();
  2833   000E3C  ECF1  F009         	call	_Delay1ms	;wreg free
  2834   000E40  0012               	return		;funcret
  2835   000E42                     __end_of_TxDato:
  2836                           	callstack 0
  2837                           
  2838 ;; *************** function _BitEN *****************
  2839 ;; Defined at:
  2840 ;;		line 125 in file "Codigo_Pr5_Parte4.c"
  2841 ;; Parameters:    Size  Location     Type
  2842 ;;		None
  2843 ;; Auto vars:     Size  Location     Type
  2844 ;;		None
  2845 ;; Return value:  Size  Location     Type
  2846 ;;                  1    wreg      void 
  2847 ;; Registers used:
  2848 ;;		wreg, status,2, status,0, cstack
  2849 ;; Tracked objects:
  2850 ;;		On entry : 0/0
  2851 ;;		On exit  : 0/0
  2852 ;;		Unchanged: 0/0
  2853 ;; Data sizes:     COMRAM   BANK0   BANK1   BANK2   BANK3   BANK4   BANK5   BANK6   BANK7
  2854 ;;      Params:         0       0       0       0       0       0       0       0       0
  2855 ;;      Locals:         0       0       0       0       0       0       0       0       0
  2856 ;;      Temps:          0       0       0       0       0       0       0       0       0
  2857 ;;      Totals:         0       0       0       0       0       0       0       0       0
  2858 ;;Total ram usage:        0 bytes
  2859 ;; Hardware stack levels used: 1
  2860 ;; Hardware stack levels required when called: 4
  2861 ;; This function calls:
  2862 ;;		_Delay1ms
  2863 ;; This function is called by:
  2864 ;;		_TxDato
  2865 ;; This function uses a non-reentrant model
  2866 ;;
  2867                           
  2868                           	psect	text19
  2869   0014E6                     __ptext19:
  2870                           	callstack 0
  2871   0014E6                     _BitEN:
  2872                           	callstack 22
  2873   0014E6                     
  2874                           ;Codigo_Pr5_Parte4.c: 127:     LATDbits.LATD2 = 1;
  2875   0014E6  848C               	bsf	140,2,c	;volatile
  2876   0014E8                     
  2877                           ;Codigo_Pr5_Parte4.c: 128:     Delay1ms();
  2878   0014E8  ECF1  F009         	call	_Delay1ms	;wreg free
  2879   0014EC                     
  2880                           ;Codigo_Pr5_Parte4.c: 129:     LATDbits.LATD2 = 0;
  2881   0014EC  948C               	bcf	140,2,c	;volatile
  2882                           
  2883                           ;Codigo_Pr5_Parte4.c: 130:     Delay1ms();
  2884   0014EE  ECF1  F009         	call	_Delay1ms	;wreg free
  2885   0014F2  0012               	return		;funcret
  2886   0014F4                     __end_of_BitEN:
  2887                           	callstack 0
  2888                           
  2889 ;; *************** function _DelayXms *****************
  2890 ;; Defined at:
  2891 ;;		line 104 in file "Codigo_Pr5_Parte4.c"
  2892 ;; Parameters:    Size  Location     Type
  2893 ;;  Milis           2    6[COMRAM] int 
  2894 ;; Auto vars:     Size  Location     Type
  2895 ;;  i               2    9[COMRAM] int 
  2896 ;; Return value:  Size  Location     Type
  2897 ;;                  1    wreg      void 
  2898 ;; Registers used:
  2899 ;;		wreg, status,2, status,0, cstack
  2900 ;; Tracked objects:
  2901 ;;		On entry : 0/0
  2902 ;;		On exit  : 0/0
  2903 ;;		Unchanged: 0/0
  2904 ;; Data sizes:     COMRAM   BANK0   BANK1   BANK2   BANK3   BANK4   BANK5   BANK6   BANK7
  2905 ;;      Params:         2       0       0       0       0       0       0       0       0
  2906 ;;      Locals:         2       0       0       0       0       0       0       0       0
  2907 ;;      Temps:          1       0       0       0       0       0       0       0       0
  2908 ;;      Totals:         5       0       0       0       0       0       0       0       0
  2909 ;;Total ram usage:        5 bytes
  2910 ;; Hardware stack levels used: 1
  2911 ;; Hardware stack levels required when called: 4
  2912 ;; This function calls:
  2913 ;;		_Delay1ms
  2914 ;; This function is called by:
  2915 ;;		_InitLCD
  2916 ;;		_led_blink
  2917 ;;		_LeerTeclado
  2918 ;;		_ResetLCD
  2919 ;;		_main
  2920 ;; This function uses a non-reentrant model
  2921 ;;
  2922                           
  2923                           	psect	text20
  2924   001350                     __ptext20:
  2925                           	callstack 0
  2926   001350                     _DelayXms:
  2927                           	callstack 25
  2928   001350                     
  2929                           ;Codigo_Pr5_Parte4.c: 105:     for (int i = 0; i <= Milis; i++) {
  2930   001350  0E00               	movlw	0
  2931   001352  6E0B               	movwf	(DelayXms@i+1)^0,c
  2932   001354  0E00               	movlw	0
  2933   001356  6E0A               	movwf	DelayXms@i^0,c
  2934   001358  EFB2  F009         	goto	l1499
  2935   00135C                     l1495:
  2936                           
  2937                           ;Codigo_Pr5_Parte4.c: 106:         Delay1ms();
  2938   00135C  ECF1  F009         	call	_Delay1ms	;wreg free
  2939   001360                     
  2940                           ;Codigo_Pr5_Parte4.c: 107:     }
  2941   001360  4A0A               	infsnz	DelayXms@i^0,f,c
  2942   001362  2A0B               	incf	(DelayXms@i+1)^0,f,c
  2943   001364                     l1499:
  2944   001364  500A               	movf	DelayXms@i^0,w,c
  2945   001366  5C07               	subwf	DelayXms@Milis^0,w,c
  2946   001368  5008               	movf	(DelayXms@Milis+1)^0,w,c
  2947   00136A  0A80               	xorlw	128
  2948   00136C  6E09               	movwf	??_DelayXms^0,c
  2949   00136E  500B               	movf	(DelayXms@i+1)^0,w,c
  2950   001370  0A80               	xorlw	128
  2951   001372  5809               	subwfb	??_DelayXms^0,w,c
  2952   001374  B0D8               	btfsc	status,0,c
  2953   001376  EFBF  F009         	goto	u561
  2954   00137A  EFC1  F009         	goto	u560
  2955   00137E                     u561:
  2956   00137E  EFAE  F009         	goto	l1495
  2957   001382                     u560:
  2958   001382  0012               	return		;funcret
  2959   001384                     __end_of_DelayXms:
  2960                           	callstack 0
  2961                           
  2962 ;; *************** function _Delay1ms *****************
  2963 ;; Defined at:
  2964 ;;		line 99 in file "Codigo_Pr5_Parte4.c"
  2965 ;; Parameters:    Size  Location     Type
  2966 ;;		None
  2967 ;; Auto vars:     Size  Location     Type
  2968 ;;  veces           2    4[COMRAM] int 
  2969 ;; Return value:  Size  Location     Type
  2970 ;;                  1    wreg      void 
  2971 ;; Registers used:
  2972 ;;		wreg, status,2, status,0
  2973 ;; Tracked objects:
  2974 ;;		On entry : 0/0
  2975 ;;		On exit  : 0/0
  2976 ;;		Unchanged: 0/0
  2977 ;; Data sizes:     COMRAM   BANK0   BANK1   BANK2   BANK3   BANK4   BANK5   BANK6   BANK7
  2978 ;;      Params:         0       0       0       0       0       0       0       0       0
  2979 ;;      Locals:         2       0       0       0       0       0       0       0       0
  2980 ;;      Temps:          0       0       0       0       0       0       0       0       0
  2981 ;;      Totals:         2       0       0       0       0       0       0       0       0
  2982 ;;Total ram usage:        2 bytes
  2983 ;; Hardware stack levels used: 1
  2984 ;; Hardware stack levels required when called: 3
  2985 ;; This function calls:
  2986 ;;		Nothing
  2987 ;; This function is called by:
  2988 ;;		_DelayXms
  2989 ;;		_BitEN
  2990 ;;		_TxDato
  2991 ;; This function uses a non-reentrant model
  2992 ;;
  2993                           
  2994                           	psect	text21
  2995   0013E2                     __ptext21:
  2996                           	callstack 0
  2997   0013E2                     _Delay1ms:
  2998                           	callstack 25
  2999   0013E2                     
  3000                           ;Codigo_Pr5_Parte4.c: 100:     int veces;;Codigo_Pr5_Parte4.c: 101:     for (veces = 0; 
      +                          veces <= 860; veces++);
  3001   0013E2  0E00               	movlw	0
  3002   0013E4  6E06               	movwf	(Delay1ms@veces+1)^0,c
  3003   0013E6  0E00               	movlw	0
  3004   0013E8  6E05               	movwf	Delay1ms@veces^0,c
  3005   0013EA                     l925:
  3006   0013EA  4A05               	infsnz	Delay1ms@veces^0,f,c
  3007   0013EC  2A06               	incf	(Delay1ms@veces+1)^0,f,c
  3008   0013EE  BE06               	btfsc	(Delay1ms@veces+1)^0,7,c
  3009   0013F0  EF03  F00A         	goto	u11
  3010   0013F4  0E5D               	movlw	93
  3011   0013F6  5C05               	subwf	Delay1ms@veces^0,w,c
  3012   0013F8  0E03               	movlw	3
  3013   0013FA  5806               	subwfb	(Delay1ms@veces+1)^0,w,c
  3014   0013FC  A0D8               	btfss	status,0,c
  3015   0013FE  EF03  F00A         	goto	u11
  3016   001402  EF05  F00A         	goto	u10
  3017   001406                     u11:
  3018   001406  EFF5  F009         	goto	l925
  3019   00140A                     u10:
  3020   00140A  0012               	return		;funcret
  3021   00140C                     __end_of_Delay1ms:
  3022                           	callstack 0
  3023                           
  3024 ;; *************** function _InitADC *****************
  3025 ;; Defined at:
  3026 ;;		line 230 in file "Codigo_Pr5_Parte4.c"
  3027 ;; Parameters:    Size  Location     Type
  3028 ;;		None
  3029 ;; Auto vars:     Size  Location     Type
  3030 ;;		None
  3031 ;; Return value:  Size  Location     Type
  3032 ;;                  1    wreg      void 
  3033 ;; Registers used:
  3034 ;;		wreg, status,2
  3035 ;; Tracked objects:
  3036 ;;		On entry : 0/0
  3037 ;;		On exit  : 0/0
  3038 ;;		Unchanged: 0/0
  3039 ;; Data sizes:     COMRAM   BANK0   BANK1   BANK2   BANK3   BANK4   BANK5   BANK6   BANK7
  3040 ;;      Params:         0       0       0       0       0       0       0       0       0
  3041 ;;      Locals:         0       0       0       0       0       0       0       0       0
  3042 ;;      Temps:          0       0       0       0       0       0       0       0       0
  3043 ;;      Totals:         0       0       0       0       0       0       0       0       0
  3044 ;;Total ram usage:        0 bytes
  3045 ;; Hardware stack levels used: 1
  3046 ;; Hardware stack levels required when called: 3
  3047 ;; This function calls:
  3048 ;;		Nothing
  3049 ;; This function is called by:
  3050 ;;		_main
  3051 ;; This function uses a non-reentrant model
  3052 ;;
  3053                           
  3054                           	psect	text22
  3055   0014D2                     __ptext22:
  3056                           	callstack 0
  3057   0014D2                     _InitADC:
  3058                           	callstack 27
  3059   0014D2                     
  3060                           ;Codigo_Pr5_Parte4.c: 233:     ADCON1 = 0x0E;
  3061   0014D2  0E0E               	movlw	14
  3062   0014D4  6EC1               	movwf	193,c	;volatile
  3063                           
  3064                           ;Codigo_Pr5_Parte4.c: 238:     ADCON2 = 0b10001110;
  3065   0014D6  0E8E               	movlw	142
  3066   0014D8  6EC0               	movwf	192,c	;volatile
  3067   0014DA                     
  3068                           ;Codigo_Pr5_Parte4.c: 241:     CHS3 = 0;
  3069   0014DA  9AC2               	bcf	4034,5,c	;volatile
  3070   0014DC                     
  3071                           ;Codigo_Pr5_Parte4.c: 242:     CHS2 = 0;
  3072   0014DC  98C2               	bcf	4034,4,c	;volatile
  3073   0014DE                     
  3074                           ;Codigo_Pr5_Parte4.c: 243:     CHS1 = 0;
  3075   0014DE  96C2               	bcf	4034,3,c	;volatile
  3076   0014E0                     
  3077                           ;Codigo_Pr5_Parte4.c: 244:     CHS0 = 0;
  3078   0014E0  94C2               	bcf	4034,2,c	;volatile
  3079   0014E2                     
  3080                           ;Codigo_Pr5_Parte4.c: 246:     ADON = 1;
  3081   0014E2  80C2               	bsf	4034,0,c	;volatile
  3082   0014E4  0012               	return		;funcret
  3083   0014E6                     __end_of_InitADC:
  3084                           	callstack 0
  3085                           
  3086 ;; *************** function _Configuracion_inicialPIC *****************
  3087 ;; Defined at:
  3088 ;;		line 112 in file "Codigo_Pr5_Parte4.c"
  3089 ;; Parameters:    Size  Location     Type
  3090 ;;		None
  3091 ;; Auto vars:     Size  Location     Type
  3092 ;;		None
  3093 ;; Return value:  Size  Location     Type
  3094 ;;                  1    wreg      void 
  3095 ;; Registers used:
  3096 ;;		wreg, status,2
  3097 ;; Tracked objects:
  3098 ;;		On entry : 0/0
  3099 ;;		On exit  : 0/0
  3100 ;;		Unchanged: 0/0
  3101 ;; Data sizes:     COMRAM   BANK0   BANK1   BANK2   BANK3   BANK4   BANK5   BANK6   BANK7
  3102 ;;      Params:         0       0       0       0       0       0       0       0       0
  3103 ;;      Locals:         0       0       0       0       0       0       0       0       0
  3104 ;;      Temps:          0       0       0       0       0       0       0       0       0
  3105 ;;      Totals:         0       0       0       0       0       0       0       0       0
  3106 ;;Total ram usage:        0 bytes
  3107 ;; Hardware stack levels used: 1
  3108 ;; Hardware stack levels required when called: 3
  3109 ;; This function calls:
  3110 ;;		Nothing
  3111 ;; This function is called by:
  3112 ;;		_main
  3113 ;; This function uses a non-reentrant model
  3114 ;;
  3115                           
  3116                           	psect	text23
  3117   0014BA                     __ptext23:
  3118                           	callstack 0
  3119   0014BA                     _Configuracion_inicialPIC:
  3120                           	callstack 27
  3121   0014BA                     
  3122                           ;Codigo_Pr5_Parte4.c: 113:     TRISD = 0x00;
  3123   0014BA  0E00               	movlw	0
  3124   0014BC  6E95               	movwf	149,c	;volatile
  3125   0014BE                     
  3126                           ;Codigo_Pr5_Parte4.c: 114:     TRISAbits.TRISA0 = 1;
  3127   0014BE  8092               	bsf	146,0,c	;volatile
  3128   0014C0                     
  3129                           ;Codigo_Pr5_Parte4.c: 115:     TRISAbits.TRISA1 = 0;
  3130   0014C0  9292               	bcf	146,1,c	;volatile
  3131   0014C2                     
  3132                           ;Codigo_Pr5_Parte4.c: 116:     TRISAbits.TRISA2 = 0;
  3133   0014C2  9492               	bcf	146,2,c	;volatile
  3134   0014C4                     
  3135                           ;Codigo_Pr5_Parte4.c: 117:     TRISAbits.TRISA3 = 0;
  3136   0014C4  9692               	bcf	146,3,c	;volatile
  3137   0014C6                     
  3138                           ;Codigo_Pr5_Parte4.c: 118:     TRISAbits.TRISA4 = 0;
  3139   0014C6  9892               	bcf	146,4,c	;volatile
  3140                           
  3141                           ;Codigo_Pr5_Parte4.c: 119:     LATA = 0x00;
  3142   0014C8  0E00               	movlw	0
  3143   0014CA  6E89               	movwf	137,c	;volatile
  3144                           
  3145                           ;Codigo_Pr5_Parte4.c: 120:     LATD = 0x00;
  3146   0014CC  0E00               	movlw	0
  3147   0014CE  6E8C               	movwf	140,c	;volatile
  3148   0014D0  0012               	return		;funcret
  3149   0014D2                     __end_of_Configuracion_inicialPIC:
  3150                           	callstack 0
  3151                           
  3152 ;; *************** function _ConfiguracionInterrupciones_TMR0 *****************
  3153 ;; Defined at:
  3154 ;;		line 441 in file "Codigo_Pr5_Parte4.c"
  3155 ;; Parameters:    Size  Location     Type
  3156 ;;		None
  3157 ;; Auto vars:     Size  Location     Type
  3158 ;;		None
  3159 ;; Return value:  Size  Location     Type
  3160 ;;                  1    wreg      void 
  3161 ;; Registers used:
  3162 ;;		wreg, status,2
  3163 ;; Tracked objects:
  3164 ;;		On entry : 0/0
  3165 ;;		On exit  : 0/0
  3166 ;;		Unchanged: 0/0
  3167 ;; Data sizes:     COMRAM   BANK0   BANK1   BANK2   BANK3   BANK4   BANK5   BANK6   BANK7
  3168 ;;      Params:         0       0       0       0       0       0       0       0       0
  3169 ;;      Locals:         0       0       0       0       0       0       0       0       0
  3170 ;;      Temps:          0       0       0       0       0       0       0       0       0
  3171 ;;      Totals:         0       0       0       0       0       0       0       0       0
  3172 ;;Total ram usage:        0 bytes
  3173 ;; Hardware stack levels used: 1
  3174 ;; Hardware stack levels required when called: 3
  3175 ;; This function calls:
  3176 ;;		Nothing
  3177 ;; This function is called by:
  3178 ;;		_main
  3179 ;; This function uses a non-reentrant model
  3180 ;;
  3181                           
  3182                           	psect	text24
  3183   0014A0                     __ptext24:
  3184                           	callstack 0
  3185   0014A0                     _ConfiguracionInterrupciones_TMR0:
  3186                           	callstack 27
  3187   0014A0                     
  3188                           ;Codigo_Pr5_Parte4.c: 442:     RCONbits.IPEN = 1;
  3189   0014A0  8ED0               	bsf	208,7,c	;volatile
  3190                           
  3191                           ;Codigo_Pr5_Parte4.c: 443:     INTCON2bits.TMR0IP = 1;
  3192   0014A2  84F1               	bsf	241,2,c	;volatile
  3193                           
  3194                           ;Codigo_Pr5_Parte4.c: 444:     INTCONbits.TMR0IE = 1;
  3195   0014A4  8AF2               	bsf	242,5,c	;volatile
  3196                           
  3197                           ;Codigo_Pr5_Parte4.c: 445:     INTCONbits.TMR0IF = 0;
  3198   0014A6  94F2               	bcf	242,2,c	;volatile
  3199                           
  3200                           ;Codigo_Pr5_Parte4.c: 446:     INTCONbits.GIEH = 1;
  3201   0014A8  8EF2               	bsf	242,7,c	;volatile
  3202                           
  3203                           ;Codigo_Pr5_Parte4.c: 447:     INTCONbits.GIEL = 1;
  3204   0014AA  8CF2               	bsf	242,6,c	;volatile
  3205   0014AC                     
  3206                           ;Codigo_Pr5_Parte4.c: 450:     T0CON = 0b10000111;
  3207   0014AC  0E87               	movlw	135
  3208   0014AE  6ED5               	movwf	213,c	;volatile
  3209                           
  3210                           ;Codigo_Pr5_Parte4.c: 452:     TMR0H = 0xDB;
  3211   0014B0  0EDB               	movlw	219
  3212   0014B2  6ED7               	movwf	215,c	;volatile
  3213                           
  3214                           ;Codigo_Pr5_Parte4.c: 453:     TMR0L = 0x61;
  3215   0014B4  0E61               	movlw	97
  3216   0014B6  6ED6               	movwf	214,c	;volatile
  3217   0014B8  0012               	return		;funcret
  3218   0014BA                     __end_of_ConfiguracionInterrupciones_TMR0:
  3219                           	callstack 0
  3220                           
  3221 ;; *************** function _AjustarLEDManual *****************
  3222 ;; Defined at:
  3223 ;;		line 366 in file "Codigo_Pr5_Parte4.c"
  3224 ;; Parameters:    Size  Location     Type
  3225 ;;  tecla           1    wreg     unsigned char 
  3226 ;; Auto vars:     Size  Location     Type
  3227 ;;  tecla           1    6[COMRAM] unsigned char 
  3228 ;; Return value:  Size  Location     Type
  3229 ;;                  1    wreg      void 
  3230 ;; Registers used:
  3231 ;;		wreg, status,2, status,0
  3232 ;; Tracked objects:
  3233 ;;		On entry : 0/0
  3234 ;;		On exit  : 0/0
  3235 ;;		Unchanged: 0/0
  3236 ;; Data sizes:     COMRAM   BANK0   BANK1   BANK2   BANK3   BANK4   BANK5   BANK6   BANK7
  3237 ;;      Params:         0       0       0       0       0       0       0       0       0
  3238 ;;      Locals:         1       0       0       0       0       0       0       0       0
  3239 ;;      Temps:          2       0       0       0       0       0       0       0       0
  3240 ;;      Totals:         3       0       0       0       0       0       0       0       0
  3241 ;;Total ram usage:        3 bytes
  3242 ;; Hardware stack levels used: 1
  3243 ;; Hardware stack levels required when called: 3
  3244 ;; This function calls:
  3245 ;;		Nothing
  3246 ;; This function is called by:
  3247 ;;		_main
  3248 ;; This function uses a non-reentrant model
  3249 ;;
  3250                           
  3251                           	psect	text25
  3252   0010A4                     __ptext25:
  3253                           	callstack 0
  3254   0010A4                     _AjustarLEDManual:
  3255                           	callstack 27
  3256                           
  3257                           ;incstack = 0
  3258                           ;AjustarLEDManual@tecla stored from wreg
  3259   0010A4  6E07               	movwf	AjustarLEDManual@tecla^0,c
  3260   0010A6                     
  3261                           ;Codigo_Pr5_Parte4.c: 367:     switch(tecla){
  3262   0010A6  EF6D  F008         	goto	l1213
  3263   0010AA                     l1203:
  3264                           
  3265                           ;Codigo_Pr5_Parte4.c: 369:             ledManual = 25; break;
  3266   0010AA  0E00               	movlw	0
  3267   0010AC  6E26               	movwf	(_ledManual+1)^0,c	;volatile
  3268   0010AE  0E19               	movlw	25
  3269   0010B0  6E25               	movwf	_ledManual^0,c	;volatile
  3270   0010B2  EF8A  F008         	goto	l175
  3271   0010B6                     l1205:
  3272                           
  3273                           ;Codigo_Pr5_Parte4.c: 371:             ledManual = 50; break;
  3274   0010B6  0E00               	movlw	0
  3275   0010B8  6E26               	movwf	(_ledManual+1)^0,c	;volatile
  3276   0010BA  0E32               	movlw	50
  3277   0010BC  6E25               	movwf	_ledManual^0,c	;volatile
  3278   0010BE  EF8A  F008         	goto	l175
  3279   0010C2                     l1207:
  3280                           
  3281                           ;Codigo_Pr5_Parte4.c: 373:             ledManual = 100; break;
  3282   0010C2  0E00               	movlw	0
  3283   0010C4  6E26               	movwf	(_ledManual+1)^0,c	;volatile
  3284   0010C6  0E64               	movlw	100
  3285   0010C8  6E25               	movwf	_ledManual^0,c	;volatile
  3286   0010CA  EF8A  F008         	goto	l175
  3287   0010CE                     l1209:
  3288                           
  3289                           ;Codigo_Pr5_Parte4.c: 375:             ledManual = 200; break;
  3290   0010CE  0E00               	movlw	0
  3291   0010D0  6E26               	movwf	(_ledManual+1)^0,c	;volatile
  3292   0010D2  0EC8               	movlw	200
  3293   0010D4  6E25               	movwf	_ledManual^0,c	;volatile
  3294   0010D6  EF8A  F008         	goto	l175
  3295   0010DA                     l1213:
  3296   0010DA  5007               	movf	AjustarLEDManual@tecla^0,w,c
  3297   0010DC  6E05               	movwf	??_AjustarLEDManual^0,c
  3298   0010DE  6A06               	clrf	(??_AjustarLEDManual+1)^0,c
  3299                           
  3300                           ; Switch on 2 bytes has been partitioned into a top level switch of size 1, and 1 sub-sw
      +                          itches
  3301                           ; Switch size 1, requested type "simple"
  3302                           ; Number of cases is 1, Range of values is 0 to 0
  3303                           ; switch strategies available:
  3304                           ; Name         Instructions Cycles
  3305                           ; simple_byte            4     3 (average)
  3306                           ;	Chosen strategy is simple_byte
  3307   0010E0  5006               	movf	(??_AjustarLEDManual+1)^0,w,c
  3308   0010E2  0A00               	xorlw	0	; case 0
  3309   0010E4  B4D8               	btfsc	status,2,c
  3310   0010E6  EF77  F008         	goto	l1857
  3311   0010EA  EF8A  F008         	goto	l175
  3312   0010EE                     l1857:
  3313                           
  3314                           ; Switch size 1, requested type "simple"
  3315                           ; Number of cases is 4, Range of values is 1 to 4
  3316                           ; switch strategies available:
  3317                           ; Name         Instructions Cycles
  3318                           ; simple_byte           13     7 (average)
  3319                           ;	Chosen strategy is simple_byte
  3320   0010EE  5005               	movf	??_AjustarLEDManual^0,w,c
  3321   0010F0  0A01               	xorlw	1	; case 1
  3322   0010F2  B4D8               	btfsc	status,2,c
  3323   0010F4  EF55  F008         	goto	l1203
  3324   0010F8  0A03               	xorlw	3	; case 2
  3325   0010FA  B4D8               	btfsc	status,2,c
  3326   0010FC  EF5B  F008         	goto	l1205
  3327   001100  0A01               	xorlw	1	; case 3
  3328   001102  B4D8               	btfsc	status,2,c
  3329   001104  EF61  F008         	goto	l1207
  3330   001108  0A07               	xorlw	7	; case 4
  3331   00110A  B4D8               	btfsc	status,2,c
  3332   00110C  EF67  F008         	goto	l1209
  3333   001110  EF8A  F008         	goto	l175
  3334   001114                     l175:
  3335   001114  0012               	return		;funcret
  3336   001116                     __end_of_AjustarLEDManual:
  3337                           	callstack 0
  3338                           
  3339 ;; *************** function _ActualizarVelocidadLED *****************
  3340 ;; Defined at:
  3341 ;;		line 292 in file "Codigo_Pr5_Parte4.c"
  3342 ;; Parameters:    Size  Location     Type
  3343 ;;		None
  3344 ;; Auto vars:     Size  Location     Type
  3345 ;;		None
  3346 ;; Return value:  Size  Location     Type
  3347 ;;                  1    wreg      void 
  3348 ;; Registers used:
  3349 ;;		wreg, status,2, status,0
  3350 ;; Tracked objects:
  3351 ;;		On entry : 0/0
  3352 ;;		On exit  : 0/0
  3353 ;;		Unchanged: 0/0
  3354 ;; Data sizes:     COMRAM   BANK0   BANK1   BANK2   BANK3   BANK4   BANK5   BANK6   BANK7
  3355 ;;      Params:         0       0       0       0       0       0       0       0       0
  3356 ;;      Locals:         0       0       0       0       0       0       0       0       0
  3357 ;;      Temps:          0       0       0       0       0       0       0       0       0
  3358 ;;      Totals:         0       0       0       0       0       0       0       0       0
  3359 ;;Total ram usage:        0 bytes
  3360 ;; Hardware stack levels used: 1
  3361 ;; Hardware stack levels required when called: 3
  3362 ;; This function calls:
  3363 ;;		Nothing
  3364 ;; This function is called by:
  3365 ;;		_main
  3366 ;; This function uses a non-reentrant model
  3367 ;;
  3368                           
  3369                           	psect	text26
  3370   001116                     __ptext26:
  3371                           	callstack 0
  3372   001116                     _ActualizarVelocidadLED:
  3373                           	callstack 27
  3374   001116                     
  3375                           ;Codigo_Pr5_Parte4.c: 294:     if(adcValue < 256)
  3376   001116  0E00               	movlw	0
  3377   001118  5C1F               	subwf	_adcValue^0,w,c	;volatile
  3378   00111A  0E01               	movlw	1
  3379   00111C  5820               	subwfb	(_adcValue+1)^0,w,c	;volatile
  3380   00111E  B0D8               	btfsc	status,0,c
  3381   001120  EF94  F008         	goto	u191
  3382   001124  EF96  F008         	goto	u190
  3383   001128                     u191:
  3384   001128  EF9C  F008         	goto	l1097
  3385   00112C                     u190:
  3386   00112C                     
  3387                           ;Codigo_Pr5_Parte4.c: 295:         ledPeriodo = 25;
  3388   00112C  0E00               	movlw	0
  3389   00112E  6E28               	movwf	(_ledPeriodo+1)^0,c	;volatile
  3390   001130  0E19               	movlw	25
  3391   001132  6E27               	movwf	_ledPeriodo^0,c	;volatile
  3392   001134  EFC2  F008         	goto	l135
  3393   001138                     l1097:
  3394   001138  0E00               	movlw	0
  3395   00113A  5C1F               	subwf	_adcValue^0,w,c	;volatile
  3396   00113C  0E02               	movlw	2
  3397   00113E  5820               	subwfb	(_adcValue+1)^0,w,c	;volatile
  3398   001140  B0D8               	btfsc	status,0,c
  3399   001142  EFA5  F008         	goto	u201
  3400   001146  EFA7  F008         	goto	u200
  3401   00114A                     u201:
  3402   00114A  EFAD  F008         	goto	l1101
  3403   00114E                     u200:
  3404   00114E                     
  3405                           ;Codigo_Pr5_Parte4.c: 297:         ledPeriodo = 50;
  3406   00114E  0E00               	movlw	0
  3407   001150  6E28               	movwf	(_ledPeriodo+1)^0,c	;volatile
  3408   001152  0E32               	movlw	50
  3409   001154  6E27               	movwf	_ledPeriodo^0,c	;volatile
  3410   001156  EFC2  F008         	goto	l135
  3411   00115A                     l1101:
  3412   00115A  0E00               	movlw	0
  3413   00115C  5C1F               	subwf	_adcValue^0,w,c	;volatile
  3414   00115E  0E03               	movlw	3
  3415   001160  5820               	subwfb	(_adcValue+1)^0,w,c	;volatile
  3416   001162  B0D8               	btfsc	status,0,c
  3417   001164  EFB6  F008         	goto	u211
  3418   001168  EFB8  F008         	goto	u210
  3419   00116C                     u211:
  3420   00116C  EFBE  F008         	goto	l1105
  3421   001170                     u210:
  3422   001170                     
  3423                           ;Codigo_Pr5_Parte4.c: 299:         ledPeriodo = 100;
  3424   001170  0E00               	movlw	0
  3425   001172  6E28               	movwf	(_ledPeriodo+1)^0,c	;volatile
  3426   001174  0E64               	movlw	100
  3427   001176  6E27               	movwf	_ledPeriodo^0,c	;volatile
  3428   001178  EFC2  F008         	goto	l135
  3429   00117C                     l1105:
  3430                           
  3431                           ;Codigo_Pr5_Parte4.c: 301:         ledPeriodo = 200;
  3432   00117C  0E00               	movlw	0
  3433   00117E  6E28               	movwf	(_ledPeriodo+1)^0,c	;volatile
  3434   001180  0EC8               	movlw	200
  3435   001182  6E27               	movwf	_ledPeriodo^0,c	;volatile
  3436   001184                     l135:
  3437   001184  0012               	return		;funcret
  3438   001186                     __end_of_ActualizarVelocidadLED:
  3439                           	callstack 0
  3440                           
  3441 ;; *************** function _InterrupcionHP *****************
  3442 ;; Defined at:
  3443 ;;		line 458 in file "Codigo_Pr5_Parte4.c"
  3444 ;; Parameters:    Size  Location     Type
  3445 ;;		None
  3446 ;; Auto vars:     Size  Location     Type
  3447 ;;		None
  3448 ;; Return value:  Size  Location     Type
  3449 ;;                  1    wreg      void 
  3450 ;; Registers used:
  3451 ;;		wreg, status,2, status,0, cstack
  3452 ;; Tracked objects:
  3453 ;;		On entry : 0/0
  3454 ;;		On exit  : 0/0
  3455 ;;		Unchanged: 0/0
  3456 ;; Data sizes:     COMRAM   BANK0   BANK1   BANK2   BANK3   BANK4   BANK5   BANK6   BANK7
  3457 ;;      Params:         0       0       0       0       0       0       0       0       0
  3458 ;;      Locals:         0       0       0       0       0       0       0       0       0
  3459 ;;      Temps:          0       0       0       0       0       0       0       0       0
  3460 ;;      Totals:         0       0       0       0       0       0       0       0       0
  3461 ;;Total ram usage:        0 bytes
  3462 ;; Hardware stack levels used: 1
  3463 ;; Hardware stack levels required when called: 2
  3464 ;; This function calls:
  3465 ;;		_LeerADC
  3466 ;; This function is called by:
  3467 ;;		Interrupt level 2
  3468 ;; This function uses a non-reentrant model
  3469 ;;
  3470                           
  3471                           	psect	intcode
  3472   000008                     __pintcode:
  3473                           	callstack 0
  3474   000008                     _InterrupcionHP:
  3475                           	callstack 21
  3476                           
  3477                           ;incstack = 0
  3478   000008  822A               	bsf	int$flags,1,c	;set compiler interrupt flag (level 2)
  3479   00000A  ED8D  F009         	call	int_func,f	;refresh shadow registers
  3480                           
  3481                           	psect	intcode_body
  3482   00131A                     __pintcode_body:
  3483                           	callstack 21
  3484   00131A                     int_func:
  3485                           	callstack 21
  3486   00131A  0006               	pop		; remove dummy address from shadow register refresh
  3487   00131C                     
  3488                           ;Codigo_Pr5_Parte4.c: 459:     if (INTCONbits.TMR0IF) {
  3489   00131C  A4F2               	btfss	242,2,c	;volatile
  3490   00131E  EF93  F009         	goto	i2u24_41
  3491   001322  EF95  F009         	goto	i2u24_40
  3492   001326                     i2u24_41:
  3493   001326  EFA6  F009         	goto	i2l203
  3494   00132A                     i2u24_40:
  3495   00132A                     
  3496                           ;Codigo_Pr5_Parte4.c: 467:         TMR0H = 0xDB;
  3497   00132A  0EDB               	movlw	219
  3498   00132C  6ED7               	movwf	215,c	;volatile
  3499                           
  3500                           ;Codigo_Pr5_Parte4.c: 468:         TMR0L = 0x61;
  3501   00132E  0E61               	movlw	97
  3502   001330  6ED6               	movwf	214,c	;volatile
  3503                           
  3504                           ;Codigo_Pr5_Parte4.c: 470:         if(!holdADC){
  3505   001332  5022               	movf	_holdADC^0,w,c	;volatile
  3506   001334  A4D8               	btfss	status,2,c
  3507   001336  EF9F  F009         	goto	i2u25_41
  3508   00133A  EFA1  F009         	goto	i2u25_40
  3509   00133E                     i2u25_41:
  3510   00133E  EFA3  F009         	goto	i2l1287
  3511   001342                     i2u25_40:
  3512   001342                     
  3513                           ;Codigo_Pr5_Parte4.c: 471:             LeerADC();
  3514   001342  ECC2  F009         	call	_LeerADC	;wreg free
  3515   001346                     i2l1287:
  3516                           
  3517                           ;Codigo_Pr5_Parte4.c: 473:         flagADC = 1;
  3518   001346  0E01               	movlw	1
  3519   001348  6E23               	movwf	_flagADC^0,c	;volatile
  3520   00134A                     
  3521                           ;Codigo_Pr5_Parte4.c: 474:         INTCONbits.TMR0IF = 0;
  3522   00134A  94F2               	bcf	242,2,c	;volatile
  3523   00134C                     i2l203:
  3524   00134C  922A               	bcf	int$flags,1,c	;clear compiler interrupt flag (level 2)
  3525   00134E  0011               	retfie		f
  3526   001350                     __end_of_InterrupcionHP:
  3527                           	callstack 0
  3528                           
  3529 ;; *************** function _LeerADC *****************
  3530 ;; Defined at:
  3531 ;;		line 251 in file "Codigo_Pr5_Parte4.c"
  3532 ;; Parameters:    Size  Location     Type
  3533 ;;		None
  3534 ;; Auto vars:     Size  Location     Type
  3535 ;;		None
  3536 ;; Return value:  Size  Location     Type
  3537 ;;                  1    wreg      void 
  3538 ;; Registers used:
  3539 ;;		wreg, status,2, status,0, cstack
  3540 ;; Tracked objects:
  3541 ;;		On entry : 0/0
  3542 ;;		On exit  : 0/0
  3543 ;;		Unchanged: 0/0
  3544 ;; Data sizes:     COMRAM   BANK0   BANK1   BANK2   BANK3   BANK4   BANK5   BANK6   BANK7
  3545 ;;      Params:         0       0       0       0       0       0       0       0       0
  3546 ;;      Locals:         0       0       0       0       0       0       0       0       0
  3547 ;;      Temps:          2       0       0       0       0       0       0       0       0
  3548 ;;      Totals:         2       0       0       0       0       0       0       0       0
  3549 ;;Total ram usage:        2 bytes
  3550 ;; Hardware stack levels used: 1
  3551 ;; Hardware stack levels required when called: 1
  3552 ;; This function calls:
  3553 ;;		i2_Delay1ms
  3554 ;; This function is called by:
  3555 ;;		_InterrupcionHP
  3556 ;; This function uses a non-reentrant model
  3557 ;;
  3558                           
  3559                           	psect	text28
  3560   001384                     __ptext28:
  3561                           	callstack 0
  3562   001384                     _LeerADC:
  3563                           	callstack 21
  3564   001384                     
  3565                           ;Codigo_Pr5_Parte4.c: 252:     Delay1ms();
  3566   001384  EC06  F00A         	call	i2_Delay1ms	;wreg free
  3567   001388                     
  3568                           ;Codigo_Pr5_Parte4.c: 255:     GO_DONE = 1;
  3569   001388  82C2               	bsf	4034,1,c	;volatile
  3570   00138A                     i2l120:
  3571   00138A  B2C2               	btfsc	4034,1,c	;volatile
  3572   00138C  EFCA  F009         	goto	i2u18_41
  3573   001390  EFCC  F009         	goto	i2u18_40
  3574   001394                     i2u18_41:
  3575   001394  EFC5  F009         	goto	i2l120
  3576   001398                     i2u18_40:
  3577   001398                     
  3578                           ;Codigo_Pr5_Parte4.c: 259:     adcValue = ADRESL;
  3579   001398  CFC3 F01F          	movff	4035,_adcValue	;volatile
  3580   00139C  6A20               	clrf	(_adcValue+1)^0,c	;volatile
  3581                           
  3582                           ;Codigo_Pr5_Parte4.c: 260:     temp = ADRESH;
  3583   00139E  CFC4 F024          	movff	4036,_temp	;volatile
  3584   0013A2                     
  3585                           ;Codigo_Pr5_Parte4.c: 262:     adcValue = adcValue | (temp << 8);
  3586   0013A2  5024               	movf	_temp^0,w,c
  3587   0013A4  6E04               	movwf	(??_LeerADC+1)^0,c
  3588   0013A6  6A03               	clrf	??_LeerADC^0,c
  3589   0013A8  501F               	movf	_adcValue^0,w,c	;volatile
  3590   0013AA  1003               	iorwf	??_LeerADC^0,w,c
  3591   0013AC  6E1F               	movwf	_adcValue^0,c	;volatile
  3592   0013AE  5020               	movf	(_adcValue+1)^0,w,c	;volatile
  3593   0013B0  1004               	iorwf	(??_LeerADC+1)^0,w,c
  3594   0013B2  6E20               	movwf	(_adcValue+1)^0,c	;volatile
  3595   0013B4  0012               	return		;funcret
  3596   0013B6                     __end_of_LeerADC:
  3597                           	callstack 0
  3598                           
  3599 ;; *************** function i2_Delay1ms *****************
  3600 ;; Defined at:
  3601 ;;		line 99 in file "Codigo_Pr5_Parte4.c"
  3602 ;; Parameters:    Size  Location     Type
  3603 ;;		None
  3604 ;; Auto vars:     Size  Location     Type
  3605 ;;  veces           2    0[COMRAM] int 
  3606 ;; Return value:  Size  Location     Type
  3607 ;;                  1    wreg      void 
  3608 ;; Registers used:
  3609 ;;		wreg, status,2, status,0
  3610 ;; Tracked objects:
  3611 ;;		On entry : 0/0
  3612 ;;		On exit  : 0/0
  3613 ;;		Unchanged: 0/0
  3614 ;; Data sizes:     COMRAM   BANK0   BANK1   BANK2   BANK3   BANK4   BANK5   BANK6   BANK7
  3615 ;;      Params:         0       0       0       0       0       0       0       0       0
  3616 ;;      Locals:         2       0       0       0       0       0       0       0       0
  3617 ;;      Temps:          0       0       0       0       0       0       0       0       0
  3618 ;;      Totals:         2       0       0       0       0       0       0       0       0
  3619 ;;Total ram usage:        2 bytes
  3620 ;; Hardware stack levels used: 1
  3621 ;; This function calls:
  3622 ;;		Nothing
  3623 ;; This function is called by:
  3624 ;;		_LeerADC
  3625 ;; This function uses a non-reentrant model
  3626 ;;
  3627                           
  3628                           	psect	text29
  3629   00140C                     __ptext29:
  3630                           	callstack 0
  3631   00140C                     i2_Delay1ms:
  3632                           	callstack 21
  3633   00140C                     
  3634                           ;Codigo_Pr5_Parte4.c: 100:     int veces;;Codigo_Pr5_Parte4.c: 101:     for (veces = 0; 
      +                          veces <= 860; veces++);
  3635   00140C  0E00               	movlw	0
  3636   00140E  6E02               	movwf	(i2Delay1ms@veces+1)^0,c
  3637   001410  0E00               	movlw	0
  3638   001412  6E01               	movwf	i2Delay1ms@veces^0,c
  3639   001414                     i2l1053:
  3640   001414  4A01               	infsnz	i2Delay1ms@veces^0,f,c
  3641   001416  2A02               	incf	(i2Delay1ms@veces+1)^0,f,c
  3642   001418  BE02               	btfsc	(i2Delay1ms@veces+1)^0,7,c
  3643   00141A  EF18  F00A         	goto	i2u15_41
  3644   00141E  0E5D               	movlw	93
  3645   001420  5C01               	subwf	i2Delay1ms@veces^0,w,c
  3646   001422  0E03               	movlw	3
  3647   001424  5802               	subwfb	(i2Delay1ms@veces+1)^0,w,c
  3648   001426  A0D8               	btfss	status,0,c
  3649   001428  EF18  F00A         	goto	i2u15_41
  3650   00142C  EF1A  F00A         	goto	i2u15_40
  3651   001430                     i2u15_41:
  3652   001430  EF0A  F00A         	goto	i2l1053
  3653   001434                     i2u15_40:
  3654   001434  0012               	return		;funcret
  3655   001436                     __end_ofi2_Delay1ms:
  3656                           	callstack 0
  3657                           
  3658                           	psect	rparam
  3659   000000                     
  3660                           	psect	temp
  3661   00002A                     btemp:
  3662                           	callstack 0
  3663   00002A                     	ds	1
  3664   000000                     int$flags	set	btemp
  3665   000000                     wtemp8	set	btemp+1
  3666   000000                     ttemp5	set	btemp+1
  3667   000000                     ttemp6	set	btemp+4
  3668   000000                     ttemp7	set	btemp+8
  3669                           
  3670                           	psect	idloc
  3671                           
  3672                           ;Config register IDLOC0 @ 0x200000
  3673                           ;	unspecified, using default values
  3674   200000                     	org	2097152
  3675   200000  FF                 	db	255
  3676                           
  3677                           ;Config register IDLOC1 @ 0x200001
  3678                           ;	unspecified, using default values
  3679   200001                     	org	2097153
  3680   200001  FF                 	db	255
  3681                           
  3682                           ;Config register IDLOC2 @ 0x200002
  3683                           ;	unspecified, using default values
  3684   200002                     	org	2097154
  3685   200002  FF                 	db	255
  3686                           
  3687                           ;Config register IDLOC3 @ 0x200003
  3688                           ;	unspecified, using default values
  3689   200003                     	org	2097155
  3690   200003  FF                 	db	255
  3691                           
  3692                           ;Config register IDLOC4 @ 0x200004
  3693                           ;	unspecified, using default values
  3694   200004                     	org	2097156
  3695   200004  FF                 	db	255
  3696                           
  3697                           ;Config register IDLOC5 @ 0x200005
  3698                           ;	unspecified, using default values
  3699   200005                     	org	2097157
  3700   200005  FF                 	db	255
  3701                           
  3702                           ;Config register IDLOC6 @ 0x200006
  3703                           ;	unspecified, using default values
  3704   200006                     	org	2097158
  3705   200006  FF                 	db	255
  3706                           
  3707                           ;Config register IDLOC7 @ 0x200007
  3708                           ;	unspecified, using default values
  3709   200007                     	org	2097159
  3710   200007  FF                 	db	255
  3711                           
  3712                           	psect	config
  3713                           
  3714                           ;Config register CONFIG1L @ 0x300000
  3715                           ;	PLL Prescaler Selection bits
  3716                           ;	PLLDIV = 5, Divide by 5 (20 MHz oscillator input)
  3717                           ;	System Clock Postscaler Selection bits
  3718                           ;	CPUDIV = OSC1_PLL2, [Primary Oscillator Src: /1][96 MHz PLL Src: /2]
  3719                           ;	USB Clock Selection bit (used in Full-Speed USB mode only; UCFG:FSEN = 1)
  3720                           ;	USBDIV = 1, USB clock source comes directly from the primary oscillator block with no 
      +                          postscale
  3721   300000                     	org	3145728
  3722   300000  04                 	db	4
  3723                           
  3724                           ;Config register CONFIG1H @ 0x300001
  3725                           ;	Oscillator Selection bits
  3726                           ;	FOSC = HSPLL_HS, HS oscillator, PLL enabled (HSPLL)
  3727                           ;	Fail-Safe Clock Monitor Enable bit
  3728                           ;	FCMEN = OFF, Fail-Safe Clock Monitor disabled
  3729                           ;	Internal/External Oscillator Switchover bit
  3730                           ;	IESO = OFF, Oscillator Switchover mode disabled
  3731   300001                     	org	3145729
  3732   300001  0E                 	db	14
  3733                           
  3734                           ;Config register CONFIG2L @ 0x300002
  3735                           ;	Power-up Timer Enable bit
  3736                           ;	PWRT = ON, PWRT enabled
  3737                           ;	Brown-out Reset Enable bits
  3738                           ;	BOR = ON, Brown-out Reset enabled in hardware only (SBOREN is disabled)
  3739                           ;	Brown-out Reset Voltage bits
  3740                           ;	BORV = 3, Minimum setting 2.05V
  3741                           ;	USB Voltage Regulator Enable bit
  3742                           ;	VREGEN = OFF, USB voltage regulator disabled
  3743   300002                     	org	3145730
  3744   300002  1E                 	db	30
  3745                           
  3746                           ;Config register CONFIG2H @ 0x300003
  3747                           ;	Watchdog Timer Enable bit
  3748                           ;	WDT = OFF, WDT disabled (control is placed on the SWDTEN bit)
  3749                           ;	Watchdog Timer Postscale Select bits
  3750                           ;	WDTPS = 32768, 1:32768
  3751   300003                     	org	3145731
  3752   300003  1E                 	db	30
  3753                           
  3754                           ; Padding undefined space
  3755   300004                     	org	3145732
  3756   300004  FF                 	db	255
  3757                           
  3758                           ;Config register CONFIG3H @ 0x300005
  3759                           ;	CCP2 MUX bit
  3760                           ;	CCP2MX = ON, CCP2 input/output is multiplexed with RC1
  3761                           ;	PORTB A/D Enable bit
  3762                           ;	PBADEN = OFF, PORTB<4:0> pins are configured as digital I/O on Reset
  3763                           ;	Low-Power Timer 1 Oscillator Enable bit
  3764                           ;	LPT1OSC = OFF, Timer1 configured for higher power operation
  3765                           ;	MCLR Pin Enable bit
  3766                           ;	MCLRE = ON, MCLR pin enabled; RE3 input pin disabled
  3767   300005                     	org	3145733
  3768   300005  81                 	db	129
  3769                           
  3770                           ;Config register CONFIG4L @ 0x300006
  3771                           ;	Stack Full/Underflow Reset Enable bit
  3772                           ;	STVREN = ON, Stack full/underflow will cause Reset
  3773                           ;	Single-Supply ICSP Enable bit
  3774                           ;	LVP = OFF, Single-Supply ICSP disabled
  3775                           ;	Dedicated In-Circuit Debug/Programming Port (ICPORT) Enable bit
  3776                           ;	ICPRT = OFF, ICPORT disabled
  3777                           ;	Extended Instruction Set Enable bit
  3778                           ;	XINST = OFF, Instruction set extension and Indexed Addressing mode disabled (Legacy mo
      +                          de)
  3779                           ;	Background Debugger Enable bit
  3780                           ;	DEBUG = 0x1, unprogrammed default
  3781   300006                     	org	3145734
  3782   300006  81                 	db	129
  3783                           
  3784                           ; Padding undefined space
  3785   300007                     	org	3145735
  3786   300007  FF                 	db	255
  3787                           
  3788                           ;Config register CONFIG5L @ 0x300008
  3789                           ;	Code Protection bit
  3790                           ;	CP0 = OFF, Block 0 (000800-001FFFh) is not code-protected
  3791                           ;	Code Protection bit
  3792                           ;	CP1 = OFF, Block 1 (002000-003FFFh) is not code-protected
  3793                           ;	Code Protection bit
  3794                           ;	CP2 = OFF, Block 2 (004000-005FFFh) is not code-protected
  3795                           ;	Code Protection bit
  3796                           ;	CP3 = OFF, Block 3 (006000-007FFFh) is not code-protected
  3797   300008                     	org	3145736
  3798   300008  0F                 	db	15
  3799                           
  3800                           ;Config register CONFIG5H @ 0x300009
  3801                           ;	Boot Block Code Protection bit
  3802                           ;	CPB = OFF, Boot block (000000-0007FFh) is not code-protected
  3803                           ;	Data EEPROM Code Protection bit
  3804                           ;	CPD = OFF, Data EEPROM is not code-protected
  3805   300009                     	org	3145737
  3806   300009  C0                 	db	192
  3807                           
  3808                           ;Config register CONFIG6L @ 0x30000A
  3809                           ;	Write Protection bit
  3810                           ;	WRT0 = OFF, Block 0 (000800-001FFFh) is not write-protected
  3811                           ;	Write Protection bit
  3812                           ;	WRT1 = OFF, Block 1 (002000-003FFFh) is not write-protected
  3813                           ;	Write Protection bit
  3814                           ;	WRT2 = OFF, Block 2 (004000-005FFFh) is not write-protected
  3815                           ;	Write Protection bit
  3816                           ;	WRT3 = OFF, Block 3 (006000-007FFFh) is not write-protected
  3817   30000A                     	org	3145738
  3818   30000A  0F                 	db	15
  3819                           
  3820                           ;Config register CONFIG6H @ 0x30000B
  3821                           ;	Configuration Register Write Protection bit
  3822                           ;	WRTC = OFF, Configuration registers (300000-3000FFh) are not write-protected
  3823                           ;	Boot Block Write Protection bit
  3824                           ;	WRTB = OFF, Boot block (000000-0007FFh) is not write-protected
  3825                           ;	Data EEPROM Write Protection bit
  3826                           ;	WRTD = OFF, Data EEPROM is not write-protected
  3827   30000B                     	org	3145739
  3828   30000B  E0                 	db	224
  3829                           
  3830                           ;Config register CONFIG7L @ 0x30000C
  3831                           ;	Table Read Protection bit
  3832                           ;	EBTR0 = OFF, Block 0 (000800-001FFFh) is not protected from table reads executed in ot
      +                          her blocks
  3833                           ;	Table Read Protection bit
  3834                           ;	EBTR1 = OFF, Block 1 (002000-003FFFh) is not protected from table reads executed in ot
      +                          her blocks
  3835                           ;	Table Read Protection bit
  3836                           ;	EBTR2 = OFF, Block 2 (004000-005FFFh) is not protected from table reads executed in ot
      +                          her blocks
  3837                           ;	Table Read Protection bit
  3838                           ;	EBTR3 = OFF, Block 3 (006000-007FFFh) is not protected from table reads executed in ot
      +                          her blocks
  3839   30000C                     	org	3145740
  3840   30000C  0F                 	db	15
  3841                           
  3842                           ;Config register CONFIG7H @ 0x30000D
  3843                           ;	Boot Block Table Read Protection bit
  3844                           ;	EBTRB = OFF, Boot block (000000-0007FFh) is not protected from table reads executed in
      +                           other blocks
  3845   30000D                     	org	3145741
  3846   30000D  40                 	db	64
  3847                           tosu	equ	0xFFF
  3848                           tosh	equ	0xFFE
  3849                           tosl	equ	0xFFD
  3850                           stkptr	equ	0xFFC
  3851                           pclatu	equ	0xFFB
  3852                           pclath	equ	0xFFA
  3853                           pcl	equ	0xFF9
  3854                           tblptru	equ	0xFF8
  3855                           tblptrh	equ	0xFF7
  3856                           tblptrl	equ	0xFF6
  3857                           tablat	equ	0xFF5
  3858                           prodh	equ	0xFF4
  3859                           prodl	equ	0xFF3
  3860                           indf0	equ	0xFEF
  3861                           postinc0	equ	0xFEE
  3862                           postdec0	equ	0xFED
  3863                           preinc0	equ	0xFEC
  3864                           plusw0	equ	0xFEB
  3865                           fsr0h	equ	0xFEA
  3866                           fsr0l	equ	0xFE9
  3867                           wreg	equ	0xFE8
  3868                           indf1	equ	0xFE7
  3869                           postinc1	equ	0xFE6
  3870                           postdec1	equ	0xFE5
  3871                           preinc1	equ	0xFE4
  3872                           plusw1	equ	0xFE3
  3873                           fsr1h	equ	0xFE2
  3874                           fsr1l	equ	0xFE1
  3875                           bsr	equ	0xFE0
  3876                           indf2	equ	0xFDF
  3877                           postinc2	equ	0xFDE
  3878                           postdec2	equ	0xFDD
  3879                           preinc2	equ	0xFDC
  3880                           plusw2	equ	0xFDB
  3881                           fsr2h	equ	0xFDA
  3882                           fsr2l	equ	0xFD9
  3883                           status	equ	0xFD8

Data Sizes:
    Strings     107
    Constant    0
    Data        5
    BSS         10
    Persistent  0
    Stack       0

Auto Spaces:
    Space          Size  Autos    Used
    COMRAM           94     26      41
    BANK0           160      0       0
    BANK1           256      0       0
    BANK2           256      0       0
    BANK3           256      0       0
    BANK4           256      0       0
    BANK5           256      0       0
    BANK6           256      0       0
    BANK7           256      0       0

Pointer List with Targets:

    LCD_Texto@PALABRA	PTR unsigned char  size(1) Largest target is 16
		 -> STR_1(CODE[7]), STR_10(CODE[9]), STR_11(CODE[8]), STR_2(CODE[5]), 
		 -> STR_3(CODE[12]), STR_4(CODE[10]), STR_5(CODE[11]), STR_6(CODE[5]), 
		 -> STR_7(CODE[12]), STR_8(CODE[12]), STR_9(CODE[16]), 


Critical Paths under _main in COMRAM

    _main->_MostrarADC
    _main->_MostrarNumeroIngresado
    _led_blink->_DelayXms
    _ResetLCD->_LCD_Texto
    _PantallaLEDManual->_MostrarADC
    _PantallaLEDManual->_MostrarBarraADC
    _MostrarBarraADC->___lwdiv
    _MostrarADC->___lwdiv
    _MostrarScore->___lwdiv
    _MostrarNumeroIngresado->___lwdiv
    ___lwdiv->___lwmod
    _MostrarMenuScroll->_LCD_Texto
    _LCD_Texto->_LCD_Caracter
    _LCD_Caracter->_TxDato
    _LCD_Linea2->_LCD_Comando
    _LeerTeclado->_DelayXms
    _InitLCD->_DelayXms
    _LCD_Comando->_TxDato
    _TxDato->_Delay1ms
    _BitEN->_Delay1ms
    _DelayXms->_Delay1ms

Critical Paths under _InterrupcionHP in COMRAM

    _InterrupcionHP->_LeerADC
    _LeerADC->i2_Delay1ms

Critical Paths under _main in BANK0

    None.

Critical Paths under _InterrupcionHP in BANK0

    None.

Critical Paths under _main in BANK1

    None.

Critical Paths under _InterrupcionHP in BANK1

    None.

Critical Paths under _main in BANK2

    None.

Critical Paths under _InterrupcionHP in BANK2

    None.

Critical Paths under _main in BANK3

    None.

Critical Paths under _InterrupcionHP in BANK3

    None.

Critical Paths under _main in BANK4

    None.

Critical Paths under _InterrupcionHP in BANK4

    None.

Critical Paths under _main in BANK5

    None.

Critical Paths under _InterrupcionHP in BANK5

    None.

Critical Paths under _main in BANK6

    None.

Critical Paths under _InterrupcionHP in BANK6

    None.

Critical Paths under _main in BANK7

    None.

Critical Paths under _InterrupcionHP in BANK7

    None.

Call Graph Tables:

 ---------------------------------------------------------------------------------
 (Depth) Function   	        Calls       Base Space   Used Autos Params    Refs
 ---------------------------------------------------------------------------------
 (0) _main                                                 6     6      0   30136
                                             20 COMRAM     6     6      0
             _ActualizarVelocidadLED
                   _AjustarLEDManual
   _ConfiguracionInterrupciones_TMR0
           _Configuracion_inicialPIC
                           _DelayXms
                            _InitADC
                            _InitLCD
                       _LCD_Caracter
                        _LCD_Comando
                          _LCD_Texto
                        _LeerTeclado
                         _MostrarADC
                  _MostrarMenuScroll
             _MostrarNumeroIngresado
                       _MostrarScore
                  _PantallaLEDManual
                           _ResetLCD
                             ___wmul
                          _led_blink
 ---------------------------------------------------------------------------------
 (1) _led_blink                                            3     1      2    1086
                                             11 COMRAM     3     1      2
                           _DelayXms
 ---------------------------------------------------------------------------------
 (1) ___wmul                                               6     2      4     311
                                              4 COMRAM     6     2      4
 ---------------------------------------------------------------------------------
 (1) _ResetLCD                                             0     0      0    2380
                           _DelayXms
                        _LCD_Comando
                          _LCD_Texto
 ---------------------------------------------------------------------------------
 (1) _PantallaLEDManual                                    0     0      0    6215
                         _MostrarADC
                    _MostrarBarraADC
 ---------------------------------------------------------------------------------
 (2) _MostrarBarraADC                                      4     4      0    1859
                                             16 COMRAM     4     4      0
                       _LCD_Caracter
                         _LCD_Linea2
                            ___lwdiv
 ---------------------------------------------------------------------------------
 (2) _MostrarADC                                           4     4      0    4356
                                             16 COMRAM     4     4      0
                       _LCD_Caracter
                        _LCD_Comando
                          _LCD_Texto
                            ___lwdiv
                            ___lwmod
 ---------------------------------------------------------------------------------
 (1) _MostrarScore                                         1     1      0    4481
                                             16 COMRAM     1     1      0
                       _LCD_Caracter
                        _LCD_Comando
                         _LCD_Linea2
                          _LCD_Texto
                            ___lwdiv
                            ___lwmod
 ---------------------------------------------------------------------------------
 (1) _MostrarNumeroIngresado                               4     4      0    4551
                                             16 COMRAM     4     4      0
                       _LCD_Caracter
                        _LCD_Comando
                         _LCD_Linea2
                          _LCD_Texto
                            ___lwdiv
                            ___lwmod
 ---------------------------------------------------------------------------------
 (3) ___lwmod                                              5     1      4    1223
                                              4 COMRAM     5     1      4
 ---------------------------------------------------------------------------------
 (3) ___lwdiv                                              7     3      4    1378
                                              9 COMRAM     7     3      4
                            ___lwmod (ARG)
 ---------------------------------------------------------------------------------
 (1) _MostrarMenuScroll                                    0     0      0    1663
                        _LCD_Comando
                         _LCD_Linea2
                          _LCD_Texto
 ---------------------------------------------------------------------------------
 (2) _LCD_Texto                                            4     3      1    1273
                                             10 COMRAM     4     3      1
                       _LCD_Caracter
 ---------------------------------------------------------------------------------
 (3) _LCD_Caracter                                         1     1      0     195
                                              9 COMRAM     1     1      0
                             _TxDato
 ---------------------------------------------------------------------------------
 (3) _LCD_Linea2                                           0     0      0     195
                        _LCD_Comando
 ---------------------------------------------------------------------------------
 (1) _LeerTeclado                                          3     3      0     995
                                             11 COMRAM     3     3      0
                           _DelayXms
 ---------------------------------------------------------------------------------
 (1) _InitLCD                                              0     0      0    1107
                           _DelayXms
                        _LCD_Comando
 ---------------------------------------------------------------------------------
 (2) _LCD_Comando                                          1     1      0     195
                                              9 COMRAM     1     1      0
                             _TxDato
 ---------------------------------------------------------------------------------
 (4) _TxDato                                               3     3      0     180
                                              6 COMRAM     3     3      0
                              _BitEN
                           _Delay1ms
 ---------------------------------------------------------------------------------
 (5) _BitEN                                                0     0      0      30
                           _Delay1ms
 ---------------------------------------------------------------------------------
 (2) _DelayXms                                             5     3      2     912
                                              6 COMRAM     5     3      2
                           _Delay1ms
 ---------------------------------------------------------------------------------
 (3) _Delay1ms                                             2     2      0      30
                                              4 COMRAM     2     2      0
 ---------------------------------------------------------------------------------
 (1) _InitADC                                              0     0      0       0
 ---------------------------------------------------------------------------------
 (1) _Configuracion_inicialPIC                             0     0      0       0
 ---------------------------------------------------------------------------------
 (1) _ConfiguracionInterrupciones_TMR0                     0     0      0       0
 ---------------------------------------------------------------------------------
 (1) _AjustarLEDManual                                     3     3      0      15
                                              4 COMRAM     3     3      0
 ---------------------------------------------------------------------------------
 (1) _ActualizarVelocidadLED                               0     0      0       0
 ---------------------------------------------------------------------------------
 Estimated maximum stack depth 5
 ---------------------------------------------------------------------------------
 (Depth) Function   	        Calls       Base Space   Used Autos Params    Refs
 ---------------------------------------------------------------------------------
 (8) _InterrupcionHP                                       0     0      0      30
                            _LeerADC
 ---------------------------------------------------------------------------------
 (9) _LeerADC                                              2     2      0      30
                                              2 COMRAM     2     2      0
                         i2_Delay1ms
 ---------------------------------------------------------------------------------
 (10) i2_Delay1ms                                          2     2      0      30
                                              0 COMRAM     2     2      0
 ---------------------------------------------------------------------------------
 Estimated maximum stack depth 10
 ---------------------------------------------------------------------------------

 Call Graph Graphs:

 _main (ROOT)
   _ActualizarVelocidadLED
   _AjustarLEDManual
   _ConfiguracionInterrupciones_TMR0
   _Configuracion_inicialPIC
   _DelayXms
     _Delay1ms
   _InitADC
   _InitLCD
     _DelayXms
     _LCD_Comando
       _TxDato
         _BitEN
           _Delay1ms
         _Delay1ms
   _LCD_Caracter
     _TxDato
   _LCD_Comando
   _LCD_Texto
     _LCD_Caracter
   _LeerTeclado
     _DelayXms
   _MostrarADC
     _LCD_Caracter
     _LCD_Comando
     _LCD_Texto
     ___lwdiv
       ___lwmod (ARG)
     ___lwmod
   _MostrarMenuScroll
     _LCD_Comando
     _LCD_Linea2
       _LCD_Comando
     _LCD_Texto
   _MostrarNumeroIngresado
     _LCD_Caracter
     _LCD_Comando
     _LCD_Linea2
     _LCD_Texto
     ___lwdiv
     ___lwmod
   _MostrarScore
     _LCD_Caracter
     _LCD_Comando
     _LCD_Linea2
     _LCD_Texto
     ___lwdiv
     ___lwmod
   _PantallaLEDManual
     _MostrarADC
     _MostrarBarraADC
       _LCD_Caracter
       _LCD_Linea2
       ___lwdiv
   _ResetLCD
     _DelayXms
     _LCD_Comando
     _LCD_Texto
   ___wmul
   _led_blink
     _DelayXms

 _InterrupcionHP (ROOT)
   _LeerADC
     i2_Delay1ms

 Address spaces:
Name               Size   Autos  Total    Cost      Usage
BIGRAM             7FF      0       0      31        0.0%
EEDATA             100      0       0       0        0.0%
BITBANK7           100      0       0      18        0.0%
BANK7              100      0       0      19        0.0%
BITBANK6           100      0       0      16        0.0%
BANK6              100      0       0      17        0.0%
BITBANK5           100      0       0      14        0.0%
BANK5              100      0       0      15        0.0%
BITBANK4           100      0       0      12        0.0%
BANK4              100      0       0      13        0.0%
BITBANK3           100      0       0      10        0.0%
BANK3              100      0       0      11        0.0%
BITBANK2           100      0       0       8        0.0%
BANK2              100      0       0       9        0.0%
BITBANK1           100      0       0       6        0.0%
BANK1              100      0       0       7        0.0%
BITBANK0            A0      0       0       4        0.0%
BANK0               A0      0       0       5        0.0%
BITCOMRAM           5E      0       0       0        0.0%
COMRAM              5E     1A      29       1       43.6%
BITBIGSFRhl         2A      0       0      24        0.0%
BITBIGSFRllll       21      0       0      29        0.0%
BITBIGSFRhhhlhh     19      0       0      21        0.0%
BITBIGSFRhhhh        D      0       0      20        0.0%
BITBIGSFRhhl         B      0       0      23        0.0%
BITBIGSFRlllh        7      0       0      28        0.0%
BITBIGSFRllhh        5      0       0      26        0.0%
BITBIGSFRhhhll       4      0       0      22        0.0%
BITBIGSFRllhl        1      0       0      27        0.0%
BITBIGSFRlh          1      0       0      25        0.0%
BIGSFR               0      0       0     200        0.0%
BITSFR               0      0       0     200        0.0%
SFR                  0      0       0     200        0.0%
STACK                0      0       0       2        0.0%
NULL                 0      0       0       0        0.0%
ABS                  0      0      29      30        0.0%
DATA                 0      0      29       3        0.0%
CODE                 0      0       0       0        0.0%


Microchip Technology PIC18 Macro Assembler V2.45 build 20230818022343 
Symbol Table                                                                                   Fri Jun 19 10:54:41 2026

                           ?_LCD_Caracter 0001                               ?_LCD_Linea2 0001  
                            ?_LCD_Comando 0001                                        l81 1382  
                                      l90 0E40                                        l75 140A  
                                      l84 14D0                                        l93 150A  
                                      l87 14F2                                        l96 14FE  
                                      u10 140A                                        u11 1406  
                                      u25 0D6C                                        u35 0D90  
                                      u45 0DB6                       ___wmul@multiplicand 0007  
                           ??_LeerTeclado 000C                             Delay1ms@veces 0005  
                                     l102 12A0                                       l111 13E0  
                                     l105 12DE                                       l108 151C  
                                     l117 14E4                                       l126 0F00  
                                     l206 147C                                       l135 1184  
                                     l215 089C                                       l209 149E  
                                     l218 0906                                       l163 0D46  
                                     l182 11F2                                       l246 145A  
                                     l175 1114                                       l193 10A2  
                                     l185 1514                                       l196 14B8  
                                     l188 0FBC                                       l744 1030  
                                     l737 1028                                       l754 1256  
                                     l931 14E8                                       l747 124E  
                                     l925 13EA                                       l933 14EC  
                                     l941 0DDE                                       l927 13EE  
                                     l919 13E2                                       l943 0DF8  
                                     l935 0D4A                                       l951 1502  
                                     l929 14E6                                       l945 0E18  
                                     l937 0DC6                                       l953 1504  
                                     l947 0E38                                       l939 0DCA  
                                     l955 14F6                                       l949 0E3C  
                                     l957 14F8                                       l967 1516  
                                     u200 114E                                       u201 114A  
                                     u210 1170                                       u211 116C  
                                     u500 0FD8                                       u501 0FD4  
                                     u190 112C                                       u510 0FF6  
                                     u191 1128                                       u511 0FF2  
                                     u520 1012                                       u521 100E  
                                     u610 0D38                                       u530 1206  
                                     u611 0D34                                       u531 1202  
                                     u540 1224                                       u620 104A  
                                     u700 096C                                       u541 1220  
                                     u621 1046                                       u701 0968  
                                     u550 123A                                       u710 097E  
                                     u630 089C                                       u551 1236  
                                     u711 097A                                       u631 0898  
                                     u560 1382                                       u608 13CA  
                                     u800 0A3C                                       u720 0998  
                                     u640 08C6                                       u561 137E  
                                     u801 0A38                                       u721 0994  
                                     u641 08C2                                       u490 12A0  
                                     u570 11D0                                       u810 0A70  
                                     u730 09AA                                       u650 08DC  
                                     u491 129C                                       u571 11CC  
                                     u811 0A6C                                       u731 09A4  
                                     u651 08D8                                       u580 11F2  
                                     u820 0A82                                       u740 09AC  
                                     u660 08EC                                       u581 11EE  
                                     u821 0A7E                                       u661 08E8  
                                     u590 13C8                                       u830 0A9C  
                                     u750 09C4                                       u670 091E  
                                     u591 13C0                                       u831 0A98  
                                     u751 09C0                                       u671 091A  
                                     u840 0AC0                                       u760 09F4  
                                     u680 0934                                       u841 0ABC  
                                     u761 09F0                                       u681 0930  
                                     u850 0AFC                                       u770 0A0C  
                                     u690 094A                                       u851 0AF8  
                                     u771 0A08                                       u691 0946  
                                     u780 0A1C                                       u781 0A18  
                                     u790 0A2C                                       u791 0A28  
                                     wreg 0FE8               MostrarNumeroIngresado@miles 0011  
                                    l1101 115A                                      l1103 1170  
                                    l1105 117C                                      l1201 10A6  
                                    l1203 10AA                                      l1205 10B6  
                                    l1213 10DA                                      l1061 14C0  
                                    l1207 10C2                                      l1063 14C2  
                                    l1209 10CE                                      l1065 14C4  
                                    l1057 14BA                                      l1081 14DE  
                                    l1251 14AC                                      l1067 14C6  
                                    l1059 14BE                                      l1083 14E0  
                                    l1075 14D2                                      l1093 1116  
                                    l1085 14E2                                      l1077 14DA  
                                    l1501 0E42                                      l1095 112C  
                                    l1079 14DC                                      l1511 0EF0  
                                    l1503 0ED0                                      l1097 1138  
                                    l1249 14A0                                      l1513 0EF8  
                                    l1505 0ED8                                      l1099 114E  
                                    l1603 0CEE                                      l1451 127A  
                                    l1507 0EE0                                      l1531 11E2  
                                    l1523 11BE                                      l1515 1186  
                                    l1533 12A2                                      l1605 0D28  
                                    l1541 0B70                                      l1453 127E  
                                    l1461 0FE0                                      l1509 0EE8  
                                    l1525 11D0                                      l1517 11BA  
                                    l1701 087E                                      l1607 0D38  
                                    l1551 0B9C                                      l1543 0B74  
                                    l1447 1258                                      l1471 101A  
                                    l1463 0FE8                                      l1455 0FBE  
                                    l1527 11DA                                      l1535 13B6  
                                    l1711 08A6                                      l1703 088A  
                                    l1609 0D44                                      l1561 0BF2  
                                    l1545 0B84                                      l1449 1264  
                                    l1473 101C                                      l1465 0FF6  
                                    l1457 0FC6                                      l1481 120E  
                                    l1641 0F98                                      l1529 11E0  
                                    l1633 150C                                      l1537 13D4  
                                    l1801 0AFC                                      l1721 08CA  
                                    l1713 08AA                                      l1705 088C  
                                    l1563 0BFA                                      l1571 0C12  
                                    l1547 0B8C                                      l1555 0BA4  
                                    l1539 0B6E                                      l1475 1022  
                                    l1467 0FFC                                      l1459 0FD8  
                                    l1491 1248                                      l1483 1216  
                                    l1643 0F9C                                      l1651 1034  
                                    l1635 1510                                      l1811 0B20  
                                    l1803 0B04                                      l1731 0922  
                                    l1723 08DC                                      l1715 08AE  
                                    l1707 089E                                      l1493 1350  
                                    l1581 0C70                                      l1565 0C02  
                                    l1573 0C4C                                      l1549 0B94  
                                    l1557 0BDE                                      l1469 1012  
                                    l1485 1224                                      l1477 11F4  
                                    l1645 0FA4                                      l1637 0F02  
                                    l1661 1062                                      l1653 103A  
                                    l1805 0B08                                      l1741 096C  
                                    l1733 0934                                      l1725 08EC  
                                    l1717 08B4                                      l1709 08A2  
                                    l1495 135C                                      l1591 0CBE  
                                    l1583 0C78                                      l1575 0C50  
                                    l1567 0C0A                                      l1559 0BE2  
                                    l1671 147E                                      l1487 123A  
                                    l1479 1206                                      l1647 0FAC  
                                    l1639 0F90                                      l1655 104A  
                                    l1663 145C                                      l1807 0B10  
                                    l1815 0B28                                      l1751 09AE  
                                    l1743 097E                                      l1735 0938  
                                    l1727 090C                                      l1719 08C6  
                                    l1497 1360                                      l1593 0CCE  
                                    l1577 0C60                                      l1673 148A  
                                    l1489 1242                                      l1649 0FB4  
                                    l1657 1056                                      l1665 1462  
                                    l1809 0B14                                      l1817 0B5A  
                                    l1753 09B4                                      l1761 09E4  
                                    l1745 0982                                      l1737 094A  
                                    l1729 091E                                      l1499 1364  
                                    l1595 0CD6                                      l1579 0C68  
                                    l1587 0C80                                      l1851 0C26  
                                    l1675 1492                                      l1659 105E  
                                    l1667 146A                                      l1771 0A2C  
                                    l1763 09F4                                      l1755 09C4  
                                    l1747 0986                                      l1739 095A  
                                    l1691 086E                                      l1597 0CDE  
                                    l1853 0C94                                      l1589 0CBA  
                                    l1669 1476                                      l1677 1436  
                                    l1781 0A82                                      l1773 0A3C  
                                    l1765 09FA                                      l1757 09D0  
                                    l1749 0998                                      l1693 0876  
                                    l1855 0D02                                      l1599 0CE6  
                                    l1679 1452                                      l1847 0B3C  
                                    l1791 0ACE                                      l1783 0A9C  
                                    l1775 0A5C                                      l1767 0A0C  
                                    l1759 09D8                                      l1695 087A  
                                    l1857 10EE                                      l1849 0BB8  
                                    l1793 0AD4                                      l1785 0AA4  
                                    l1769 0A1C                                      l1777 0A5E  
                                    l1795 0AE0                                      l1787 0AC0  
                                    l1779 0A70                                      l1797 0AE8  
                                    l1789 0AC4                                      l1799 0AEC  
                                    _ADON 7E10                                      _CHS0 7E12  
                                    _CHS1 7E13                                      _CHS2 7E14  
                                    _CHS3 7E15                                      STR_1 085B  
                                    STR_2 0862                                      STR_3 0811  
                                    STR_4 0840                                      STR_5 0835  
                                    STR_6 0867                                      STR_7 0829  
                                    STR_8 081D                                      STR_9 0801  
                                    _LATA 0F89                                      _LATB 0F8A  
                                    _LATD 0F8C                                      i2l75 1434  
                                    _main 086E                                      _modo 0029  
                                    _temp 0024                                      fsr1l 0FE1  
                                    btemp 002A                                      prodh 0FF4  
                                    prodl 0FF3                                      start 000E  
                       _PantallaLEDManual 150C                    _ActualizarVelocidadLED 1116  
                         __end_of_LeerADC 13B6                              ___param_bank 0000  
                         __end_of_InitADC 14E6                        ?_PantallaLEDManual 0001  
                          ??_LCD_Caracter 000A                           __end_of_InitLCD 12E0  
                   MostrarBarraADC@barras 0013                       ??_PantallaLEDManual 0015  
                                   ?_main 0001                                     STR_10 084A  
                                   STR_11 0853                                     _T0CON 0FD5  
                         __end_of___lwdiv 1032                                     i2l120 138A  
                         __end_of___lwmod 1258                                     i2l122 1398  
                                   i2l123 13B4                                     i2l203 134C  
                                   _TMR0H 0FD7                                     _TMR0L 0FD6  
                                   _PORTB 0F81                                     _TRISB 0F93  
                                   _TRISD 0F95                                     _BitEN 14E6  
                             ?i2_Delay1ms 0001                       __end_of_LeerTeclado 0D48  
                                   main@i 0017                                     tablat 0FF5  
                                   ttemp5 002B                                     ttemp6 002E  
                                   ttemp7 0032                                     status 0FD8  
               __end_of_PantallaLEDManual 1516                                     wtemp8 002B  
                        __end_of_Delay1ms 140C                          __end_of_DelayXms 1384  
                         __initialization 12E0                              __end_of_main 0B6E  
                       ?_AjustarLEDManual 0001                        ??_AjustarLEDManual 0005  
                                  ??_main 0015                          __end_of_ResetLCD 147E  
                              TxDato@dato 0009                             __activetblptr 0002  
                       __end_of_LCD_Texto 12A2                                    ?_BitEN 0001  
                                  _ADCON1 0FC1                                    _ADCON2 0FC0  
                                  _ADRESH 0FC4                                    _ADRESL 0FC3  
                           DelayXms@Milis 0007                                    i2l1053 1414  
                                  i2l1055 1418                                    i2l1047 140C  
                                  i2l1091 13A2                                    i2l1087 1384  
                                  i2l1089 1388                                    i2l1281 131C  
                                  i2l1283 132A                                    i2l1285 1342  
                                  i2l1287 1346                                    i2l1289 134A  
                               ??_LeerADC 0003                                 ??_InitADC 0005  
                               ??_InitLCD 000C                                    _TxDato 0D48  
                              _MostrarADC 0E42                                    ___wmul 1436  
                               ??___lwdiv 000E                   ?_MostrarNumeroIngresado 0001  
                               ??___lwmod 0009                                    clear_0 1306  
                                  isa$std 0001                               _LeerTeclado 0B6E  
                            __pdataCOMRAM 0025                              __mediumconst 0000  
                                  tblptrh 0FF7                                    tblptrl 0FF6  
                                  tblptru 0FF8                      __end_of_LCD_Caracter 1500  
                         MostrarADC@miles 0011                                __accesstop 0060  
                 __end_of__initialization 130C                             ___rparam_used 0001  
                       _digitosIngresados 0021                             __end_of_BitEN 14F4  
                          __pcstackCOMRAM 0001            __end_of_MostrarNumeroIngresado 0FBE  
                            ??_LCD_Linea2 000B                                   ??_BitEN 0007  
                               ?_Delay1ms 0001                                 ?_DelayXms 0007  
                          main@diferencia 0018                 ?_Configuracion_inicialPIC 0001  
                      __end_of_LCD_Linea2 151E                   ?_ActualizarVelocidadLED 0001  
                               ?_ResetLCD 0001                                   ?_TxDato 0001  
                             ?_MostrarADC 0001                                   ?___wmul 0005  
          MostrarNumeroIngresado@centenas 0012                          LCD_Caracter@dato 000A  
                              _ledPeriodo 0027                              ??i2_Delay1ms 0001  
                              ??_Delay1ms 0005                                   _GO_DONE 7E11  
                              ??_DelayXms 0009                          LeerTeclado@tecla 000E  
                                 i2u15_40 1434                                   i2u15_41 1430  
                                 i2u24_40 132A                                   i2u24_41 1326  
                                 i2u25_40 1342                             ?_MostrarScore 0001  
                                 i2u25_41 133E                                   i2u18_40 1398  
                                 i2u18_41 1394            __end_of_ActualizarVelocidadLED 1186  
                                 _LeerADC 1384                                   _InitADC 14D2  
                                 _InitLCD 12A2                                ??_ResetLCD 000F  
                                 __Hparam 0000            MostrarNumeroIngresado@unidades 0014  
                                 __Lparam 0000                        __end_ofi2_Delay1ms 1436  
                       ??_MostrarBarraADC 0011                         __end_of_led_blink 13E2  
                                 ___lwdiv 0FBE                                   ___lwmod 11F4  
                            __psmallconst 0800                                   _flagADC 0023  
                                 __pcinit 12E0                                   __ramtop 0800  
                                 __ptext0 086E                                   __ptext1 13B6  
                                 __ptext2 1436                                   __ptext3 145C  
                                 __ptext4 150C                                   __ptext5 1186  
                                 __ptext6 0E42                                   __ptext7 1032  
                                 __ptext8 0F02                                   __ptext9 11F4  
                                 _holdADC 0022                            ??_MostrarScore 0011  
                          LCD_Comando@cmd 000A                                   _puntaje 001D  
                         i2Delay1ms@veces 0001                                 _LCD_Texto 1258  
                          __pintcode_body 131A                      end_of_initialization 130C  
                               DelayXms@i 000A                             __Lmediumconst 0000  
                                 int_func 131A                                   postdec1 0FE5  
                                 postinc0 0FEE                              _LCD_Caracter 14F4  
                            ?_LeerTeclado 0001                                 _TRISAbits 0F92  
                              ?_LCD_Texto 000B                           _numeroIngresado 001B  
                          __end_of_TxDato 0E42                             ??_LCD_Comando 000A  
        __end_of_Configuracion_inicialPIC 14D2                                LCD_Texto@i 000D  
                          __end_of___wmul 145C                      MostrarScore@correcto 0011  
                           __pidataCOMRAM 151E                       start_initialization 12E0  
__end_of_ConfiguracionInterrupciones_TMR0 14BA        ??_ConfiguracionInterrupciones_TMR0 0005  
       ?_ConfiguracionInterrupciones_TMR0 0001          _ConfiguracionInterrupciones_TMR0 14A0  
                                ??_TxDato 0007                      __end_of_MostrarScore 10A4  
                            ??_MostrarADC 0011                                  ??___wmul 0009  
                          _InterrupcionHP 0008                       __end_of_LCD_Comando 150C  
                             __pbssCOMRAM 001B                          _AjustarLEDManual 10A4  
                             ??_LCD_Texto 000C                        __end_of_MostrarADC 0F02  
                         _MostrarBarraADC 1186                                  ?_LeerADC 0001  
                                ?_InitADC 0001                                  ?_InitLCD 0001  
                        ___lwdiv@dividend 000A                                 __pintcode 0008  
                               _ledManual 0025                                  ?___lwdiv 000A  
                                ?___lwmod 0005                    __end_of_InterrupcionHP 1350  
                               _led_blink 13B6                               __smallconst 0800  
                _Configuracion_inicialPIC 14BA                          ___lwdiv@quotient 000E  
                       _MostrarMenuScroll 147E                        ?_MostrarMenuScroll 0001  
                          ___wmul@product 0009                                  _LATAbits 0F89  
                ??_MostrarNumeroIngresado 0011                                  _LATDbits 0F8C  
                     ??_MostrarMenuScroll 000F                                  _RCONbits 0FD0  
                             _LCD_Comando 1500                           ?_InterrupcionHP 0001  
                              ?_led_blink 000C                          MostrarBarraADC@i 0014  
                       ___wmul@multiplier 0005                                  _Delay1ms 13E2  
                               main@tecla 001A                                  _DelayXms 1350  
                 __end_of_MostrarBarraADC 11F4                 __end_of_MostrarMenuScroll 14A0  
                             _INTCON2bits 0FF1                                 copy_data0 12F4  
                        LCD_Texto@PALABRA 000B                                  _ResetLCD 145C  
                                __Hrparam 0000                                  __Lrparam 0000  
                                _adcValue 001F                  ??_ActualizarVelocidadLED 0005  
                         ___lwdiv@divisor 000C                           ___lwdiv@counter 0010  
                            _MostrarScore 1032                                  __ptext10 0FBE  
                                __ptext11 147E                                  __ptext20 1350  
                                __ptext12 1258                                  __ptext21 13E2  
                                __ptext13 14F4                                  __ptext22 14D2  
                                __ptext14 1516                                  __ptext23 14BA  
                                __ptext15 0B6E                                  __ptext24 14A0  
                                __ptext16 12A2                                  __ptext25 10A4  
                                __ptext17 1500                                  __ptext26 1116  
                                __ptext18 0D48                                  __ptext19 14E6  
                                __ptext28 1384                                  __ptext29 140C  
                                isa$xinst 0000                  __end_of_AjustarLEDManual 1116  
                                int$flags 002A                                _LCD_Linea2 1516  
           MostrarNumeroIngresado@decenas 0013                               ??_led_blink 000E  
                              _INTCONbits 0FF2                          ?_MostrarBarraADC 0001  
                                intlevel2 0000                          ___lwmod@dividend 0005  
              ??_Configuracion_inicialPIC 0005                        led_blink@tiempo_ms 000C  
                  _MostrarNumeroIngresado 0F02                        MostrarADC@centenas 0012  
                         ___lwmod@divisor 0007                     AjustarLEDManual@tecla 0007  
                              i2_Delay1ms 140C                           ___lwmod@counter 0009  
                       MostrarADC@decenas 0013                        MostrarADC@unidades 0014  
                        ??_InterrupcionHP 0005  
